question,answer,crop,topic
What are recommended spacing and plant density for garlic?,"For Garlic: Follow certified seed, appropriate plant spacing, monitor for pests, and conduct soil tests. Apply balanced fertilizer based on soil test results and follow recommended irrigation schedules for the crop. Tip: Rotate crops to reduce pest and disease pressure.",garlic,general
What harvesting indicators show that wheat is ready to harvest?,"Post-harvest: Harvest at physiological maturity, dry to safe moisture content, and store in a cool, dry place to avoid pests. Use proper packaging and consider value-added processing to increase shelf life. Tip: Rotate crops to reduce pest and disease pressure.",wheat,post-harvest
How do I diagnose fungal diseases in rice and treat them?,"Pest/Disease guidance: Inspect plants for symptoms (spots, wilting, yellowing). Use integrated pest management (IPM): crop rotation, resistant varieties, targeted biocontrols, and correct pesticide application. If unsure, collect a sample and consult local extension services. Tip: Apply compost or well-rotted manure annually to improve soil structure.",rice,pest/disease
How to manage irrigation scheduling for soybean during drought?,"Irrigation guidance: Water based on crop stage—establishment, vegetative growth, and reproductive stages need careful scheduling. Avoid waterlogging; use mulch to conserve moisture and consider drip irrigation for efficiency. Tip: Monitor fields weekly during critical growth stages for early pest detection.",soybean,irrigation
What are the symptoms of nutrient deficiency in soybean and how to address them?,"For Soybean: Follow certified seed, appropriate plant spacing, monitor for pests, and conduct soil tests. Apply balanced fertilizer based on soil test results and follow recommended irrigation schedules for the crop. Tip: Monitor fields weekly during critical growth stages for early pest detection.",soybean,general
How to build a simple storage facility to store maize after harvest?,"Post-harvest: Harvest at physiological maturity, dry to safe moisture content, and store in a cool, dry place to avoid pests. Use proper packaging and consider value-added processing to increase shelf life. Tip: Monitor fields weekly during critical growth stages for early pest detection.",maize,post-harvest
What mechanization options are suitable for wheat on medium farms?,"For Wheat: Follow certified seed, appropriate plant spacing, monitor for pests, and conduct soil tests. Apply balanced fertilizer based on soil test results and follow recommended irrigation schedules for the crop. Tip: Monitor fields weekly during critical growth stages for early pest detection.",wheat,general
How do I diagnose fungal diseases in wheat and treat them?,"Pest/Disease guidance: Inspect plants for symptoms (spots, wilting, yellowing). Use integrated pest management (IPM): crop rotation, resistant varieties, targeted biocontrols, and correct pesticide application. If unsure, collect a sample and consult local extension services. Tip: Rotate crops to reduce pest and disease pressure.",wheat,pest/disease
How can precision farming technologies benefit garlic cultivation?,"For Garlic: Follow certified seed, appropriate plant spacing, monitor for pests, and conduct soil tests. Apply balanced fertilizer based on soil test results and follow recommended irrigation schedules for the crop. Tip: Test soil every 2-3 years and follow recommended fertilizer programs.",garlic,general
What are signs of viral infection in tomato and control measures?,"For Tomato: Follow certified seed, appropriate plant spacing, monitor for pests, and conduct soil tests. Apply balanced fertilizer based on soil test results and follow recommended irrigation schedules for the crop. Tip: Monitor fields weekly during critical growth stages for early pest detection.",tomato,general
What are the common pests of wheat and how to control them?,"Pest/Disease guidance: Inspect plants for symptoms (spots, wilting, yellowing). Use integrated pest management (IPM): crop rotation, resistant varieties, targeted biocontrols, and correct pesticide application. If unsure, collect a sample and consult local extension services. Tip: Use certified seed and treat seeds where appropriate to reduce seed-borne diseases.",wheat,pest/disease
How can I implement crop rotation with onion to reduce pests?,"Pest/Disease guidance: Inspect plants for symptoms (spots, wilting, yellowing). Use integrated pest management (IPM): crop rotation, resistant varieties, targeted biocontrols, and correct pesticide application. If unsure, collect a sample and consult local extension services. Tip: Rotate crops to reduce pest and disease pressure.",onion,pest/disease
How do I prune or train potato plants (where applicable)?,"For Potato: Follow certified seed, appropriate plant spacing, monitor for pests, and conduct soil tests. Apply balanced fertilizer based on soil test results and follow recommended irrigation schedules for the crop. Tip: Apply compost or well-rotted manure annually to improve soil structure.",potato,general
How do I prune or train rice plants (where applicable)?,"For Rice: Follow certified seed, appropriate plant spacing, monitor for pests, and conduct soil tests. Apply balanced fertilizer based on soil test results and follow recommended irrigation schedules for the crop. Tip: Monitor fields weekly during critical growth stages for early pest detection.",rice,general
What integrated pest management (IPM) strategies work well for rice?,"Pest/Disease guidance: Inspect plants for symptoms (spots, wilting, yellowing). Use integrated pest management (IPM): crop rotation, resistant varieties, targeted biocontrols, and correct pesticide application. If unsure, collect a sample and consult local extension services. Tip: Rotate crops to reduce pest and disease pressure.",rice,pest/disease
What are recommended spacing and plant density for wheat?,"For Wheat: Follow certified seed, appropriate plant spacing, monitor for pests, and conduct soil tests. Apply balanced fertilizer based on soil test results and follow recommended irrigation schedules for the crop. Tip: Rotate crops to reduce pest and disease pressure.",wheat,general
What mechanization options are suitable for maize on medium farms?,"For Maize: Follow certified seed, appropriate plant spacing, monitor for pests, and conduct soil tests. Apply balanced fertilizer based on soil test results and follow recommended irrigation schedules for the crop. Tip: Rotate crops to reduce pest and disease pressure.",maize,general
What are signs of viral infection in maize and control measures?,"For Maize: Follow certified seed, appropriate plant spacing, monitor for pests, and conduct soil tests. Apply balanced fertilizer based on soil test results and follow recommended irrigation schedules for the crop. Tip: Apply compost or well-rotted manure annually to improve soil structure.",maize,general
How can I increase tomato yield on smallholder farms?,"Post-harvest: Harvest at physiological maturity, dry to safe moisture content, and store in a cool, dry place to avoid pests. Use proper packaging and consider value-added processing to increase shelf life. Tip: Rotate crops to reduce pest and disease pressure.",tomato,post-harvest
How do I select disease-resistant onion varieties for my area?,"Pest/Disease guidance: Inspect plants for symptoms (spots, wilting, yellowing). Use integrated pest management (IPM): crop rotation, resistant varieties, targeted biocontrols, and correct pesticide application. If unsure, collect a sample and consult local extension services. Tip: Use certified seed and treat seeds where appropriate to reduce seed-borne diseases.",onion,pest/disease
What fertilizer program should I follow for a healthy rice crop?,"For Rice: Follow certified seed, appropriate plant spacing, monitor for pests, and conduct soil tests. Apply balanced fertilizer based on soil test results and follow recommended irrigation schedules for the crop. Tip: Use certified seed and treat seeds where appropriate to reduce seed-borne diseases.",rice,general
What are recommended spacing and plant density for onion?,"For Onion: Follow certified seed, appropriate plant spacing, monitor for pests, and conduct soil tests. Apply balanced fertilizer based on soil test results and follow recommended irrigation schedules for the crop. Tip: Use certified seed and treat seeds where appropriate to reduce seed-borne diseases.",onion,general
What cover crops complement maize in rotation to improve soil health?,"Soil advice: Soil appears neutral (pH 6.5-7.5). Recommended N-P-K levels: N=medium, P=low, K=low. Add organic matter and consider liming if acidic. Perform a soil test for exact fertilizer recommendations; use compost to improve organic matter. Tip: Use certified seed and treat seeds where appropriate to reduce seed-borne diseases.",maize,soil
How do I diagnose fungal diseases in garlic and treat them?,"Pest/Disease guidance: Inspect plants for symptoms (spots, wilting, yellowing). Use integrated pest management (IPM): crop rotation, resistant varieties, targeted biocontrols, and correct pesticide application. If unsure, collect a sample and consult local extension services. Tip: Use certified seed and treat seeds where appropriate to reduce seed-borne diseases.",garlic,pest/disease
How do I diagnose fungal diseases in banana and treat them?,"Pest/Disease guidance: Inspect plants for symptoms (spots, wilting, yellowing). Use integrated pest management (IPM): crop rotation, resistant varieties, targeted biocontrols, and correct pesticide application. If unsure, collect a sample and consult local extension services. Tip: Apply compost or well-rotted manure annually to improve soil structure.",banana,pest/disease
How do I prepare a soil bed for transplanting potato seedlings?,"Soil advice: Soil appears neutral (pH 6.5-7.5). Recommended N-P-K levels: N=low, P=low, K=high. Add organic matter and consider liming if acidic. Perform a soil test for exact fertilizer recommendations; use compost to improve organic matter. Tip: Rotate crops to reduce pest and disease pressure.",potato,soil
How to reduce fertilizer runoff from maize fields and protect water quality?,"Irrigation guidance: Water based on crop stage—establishment, vegetative growth, and reproductive stages need careful scheduling. Avoid waterlogging; use mulch to conserve moisture and consider drip irrigation for efficiency. Tip: Rotate crops to reduce pest and disease pressure.",maize,irrigation
What are recommended planting depths and sowing rates for potato?,"For Potato: Follow certified seed, appropriate plant spacing, monitor for pests, and conduct soil tests. Apply balanced fertilizer based on soil test results and follow recommended irrigation schedules for the crop. Tip: Apply compost or well-rotted manure annually to improve soil structure.",potato,general
What cover crops complement onion in rotation to improve soil health?,"Soil advice: Soil appears neutral (pH 6.5-7.5). Recommended N-P-K levels: N=medium, P=low, K=high. Add organic matter and consider liming if acidic. Perform a soil test for exact fertilizer recommendations; use compost to improve organic matter. Tip: Apply compost or well-rotted manure annually to improve soil structure.",onion,soil
How can I implement crop rotation with soybean to reduce pests?,"Pest/Disease guidance: Inspect plants for symptoms (spots, wilting, yellowing). Use integrated pest management (IPM): crop rotation, resistant varieties, targeted biocontrols, and correct pesticide application. If unsure, collect a sample and consult local extension services. Tip: Apply compost or well-rotted manure annually to improve soil structure.",soybean,pest/disease
How can I test soil fertility for growing rice?,"Soil advice: Soil appears acidic (pH 5.5-6.5). Recommended N-P-K levels: N=low, P=medium, K=low. Add organic matter and consider liming if acidic. Perform a soil test for exact fertilizer recommendations; use compost to improve organic matter. Tip: Use certified seed and treat seeds where appropriate to reduce seed-borne diseases.",rice,soil
What are the best seed varieties of maize for high yield and disease resistance?,"Pest/Disease guidance: Inspect plants for symptoms (spots, wilting, yellowing). Use integrated pest management (IPM): crop rotation, resistant varieties, targeted biocontrols, and correct pesticide application. If unsure, collect a sample and consult local extension services. Tip: Use certified seed and treat seeds where appropriate to reduce seed-borne diseases.",maize,pest/disease
What are post-harvest storage best practices for banana?,"Post-harvest: Harvest at physiological maturity, dry to safe moisture content, and store in a cool, dry place to avoid pests. Use proper packaging and consider value-added processing to increase shelf life. Tip: Use certified seed and treat seeds where appropriate to reduce seed-borne diseases.",banana,post-harvest
How do I prepare a soil bed for transplanting cotton seedlings?,"Soil advice: Soil appears alkaline (pH 7.5+). Recommended N-P-K levels: N=high, P=high, K=high. Add organic matter and consider liming if acidic. Perform a soil test for exact fertilizer recommendations; use compost to improve organic matter. Tip: Rotate crops to reduce pest and disease pressure.",cotton,soil
How to reduce fertilizer runoff from garlic fields and protect water quality?,"Irrigation guidance: Water based on crop stage—establishment, vegetative growth, and reproductive stages need careful scheduling. Avoid waterlogging; use mulch to conserve moisture and consider drip irrigation for efficiency. Tip: Monitor fields weekly during critical growth stages for early pest detection.",garlic,irrigation
What are signs of viral infection in wheat and control measures?,"For Wheat: Follow certified seed, appropriate plant spacing, monitor for pests, and conduct soil tests. Apply balanced fertilizer based on soil test results and follow recommended irrigation schedules for the crop. Tip: Use certified seed and treat seeds where appropriate to reduce seed-borne diseases.",wheat,general
How to control bacterial diseases in maize crops?,"Pest/Disease guidance: Inspect plants for symptoms (spots, wilting, yellowing). Use integrated pest management (IPM): crop rotation, resistant varieties, targeted biocontrols, and correct pesticide application. If unsure, collect a sample and consult local extension services. Tip: Test soil every 2-3 years and follow recommended fertilizer programs.",maize,pest/disease
How do I diagnose fungal diseases in cotton and treat them?,"Pest/Disease guidance: Inspect plants for symptoms (spots, wilting, yellowing). Use integrated pest management (IPM): crop rotation, resistant varieties, targeted biocontrols, and correct pesticide application. If unsure, collect a sample and consult local extension services. Tip: Test soil every 2-3 years and follow recommended fertilizer programs.",cotton,pest/disease
How do I prepare a soil bed for transplanting banana seedlings?,"Soil advice: Soil appears acidic (pH 5.5-6.5). Recommended N-P-K levels: N=medium, P=high, K=medium. Add organic matter and consider liming if acidic. Perform a soil test for exact fertilizer recommendations; use compost to improve organic matter. Tip: Monitor fields weekly during critical growth stages for early pest detection.",banana,soil
How should I irrigate banana to maximize water efficiency?,"Irrigation guidance: Water based on crop stage—establishment, vegetative growth, and reproductive stages need careful scheduling. Avoid waterlogging; use mulch to conserve moisture and consider drip irrigation for efficiency. Tip: Use certified seed and treat seeds where appropriate to reduce seed-borne diseases.",banana,irrigation
How to build a simple storage facility to store cotton after harvest?,"Post-harvest: Harvest at physiological maturity, dry to safe moisture content, and store in a cool, dry place to avoid pests. Use proper packaging and consider value-added processing to increase shelf life. Tip: Monitor fields weekly during critical growth stages for early pest detection.",cotton,post-harvest
What are post-harvest storage best practices for wheat?,"Post-harvest: Harvest at physiological maturity, dry to safe moisture content, and store in a cool, dry place to avoid pests. Use proper packaging and consider value-added processing to increase shelf life. Tip: Use certified seed and treat seeds where appropriate to reduce seed-borne diseases.",wheat,post-harvest
What are export quality standards for cotton and packaging tips?,"For Cotton: Follow certified seed, appropriate plant spacing, monitor for pests, and conduct soil tests. Apply balanced fertilizer based on soil test results and follow recommended irrigation schedules for the crop. Tip: Use certified seed and treat seeds where appropriate to reduce seed-borne diseases.",cotton,general
How do I prune or train cotton plants (where applicable)?,"For Cotton: Follow certified seed, appropriate plant spacing, monitor for pests, and conduct soil tests. Apply balanced fertilizer based on soil test results and follow recommended irrigation schedules for the crop. Tip: Use certified seed and treat seeds where appropriate to reduce seed-borne diseases.",cotton,general
What are recommended planting depths and sowing rates for onion?,"For Onion: Follow certified seed, appropriate plant spacing, monitor for pests, and conduct soil tests. Apply balanced fertilizer based on soil test results and follow recommended irrigation schedules for the crop. Tip: Test soil every 2-3 years and follow recommended fertilizer programs.",onion,general
What integrated pest management (IPM) strategies work well for soybean?,"Pest/Disease guidance: Inspect plants for symptoms (spots, wilting, yellowing). Use integrated pest management (IPM): crop rotation, resistant varieties, targeted biocontrols, and correct pesticide application. If unsure, collect a sample and consult local extension services. Tip: Test soil every 2-3 years and follow recommended fertilizer programs.",soybean,pest/disease
How can I implement crop rotation with rice to reduce pests?,"Pest/Disease guidance: Inspect plants for symptoms (spots, wilting, yellowing). Use integrated pest management (IPM): crop rotation, resistant varieties, targeted biocontrols, and correct pesticide application. If unsure, collect a sample and consult local extension services. Tip: Monitor fields weekly during critical growth stages for early pest detection.",rice,pest/disease
What government schemes support potato farmers and how to apply?,"For Potato: Follow certified seed, appropriate plant spacing, monitor for pests, and conduct soil tests. Apply balanced fertilizer based on soil test results and follow recommended irrigation schedules for the crop. Tip: Rotate crops to reduce pest and disease pressure.",potato,general
How to build a simple storage facility to store tomato after harvest?,"Post-harvest: Harvest at physiological maturity, dry to safe moisture content, and store in a cool, dry place to avoid pests. Use proper packaging and consider value-added processing to increase shelf life. Tip: Test soil every 2-3 years and follow recommended fertilizer programs.",tomato,post-harvest
What are export quality standards for wheat and packaging tips?,"For Wheat: Follow certified seed, appropriate plant spacing, monitor for pests, and conduct soil tests. Apply balanced fertilizer based on soil test results and follow recommended irrigation schedules for the crop. Tip: Apply compost or well-rotted manure annually to improve soil structure.",wheat,general
What are profitable value-added products from cotton processing?,"For Cotton: Follow certified seed, appropriate plant spacing, monitor for pests, and conduct soil tests. Apply balanced fertilizer based on soil test results and follow recommended irrigation schedules for the crop. Tip: Monitor fields weekly during critical growth stages for early pest detection.",cotton,general
How do I determine the optimal planting time for wheat in my region?,"For Wheat: Follow certified seed, appropriate plant spacing, monitor for pests, and conduct soil tests. Apply balanced fertilizer based on soil test results and follow recommended irrigation schedules for the crop. Tip: Use certified seed and treat seeds where appropriate to reduce seed-borne diseases.",wheat,general
Which soil types are most suitable for cultivating onion?,"Soil advice: Soil appears acidic (pH 5.5-6.5). Recommended N-P-K levels: N=high, P=medium, K=medium. Add organic matter and consider liming if acidic. Perform a soil test for exact fertilizer recommendations; use compost to improve organic matter. Tip: Monitor fields weekly during critical growth stages for early pest detection.",onion,soil
How to control bacterial diseases in soybean crops?,"Pest/Disease guidance: Inspect plants for symptoms (spots, wilting, yellowing). Use integrated pest management (IPM): crop rotation, resistant varieties, targeted biocontrols, and correct pesticide application. If unsure, collect a sample and consult local extension services. Tip: Monitor fields weekly during critical growth stages for early pest detection.",soybean,pest/disease
What are the best seed varieties of garlic for high yield and disease resistance?,"Pest/Disease guidance: Inspect plants for symptoms (spots, wilting, yellowing). Use integrated pest management (IPM): crop rotation, resistant varieties, targeted biocontrols, and correct pesticide application. If unsure, collect a sample and consult local extension services. Tip: Apply compost or well-rotted manure annually to improve soil structure.",garlic,pest/disease
How to manage salinity or alkalinity issues when growing onion?,"For Onion: Follow certified seed, appropriate plant spacing, monitor for pests, and conduct soil tests. Apply balanced fertilizer based on soil test results and follow recommended irrigation schedules for the crop. Tip: Test soil every 2-3 years and follow recommended fertilizer programs.",onion,general
What are best practices for seed treatment and nursery management of cotton?,"For Cotton: Follow certified seed, appropriate plant spacing, monitor for pests, and conduct soil tests. Apply balanced fertilizer based on soil test results and follow recommended irrigation schedules for the crop. Tip: Apply compost or well-rotted manure annually to improve soil structure.",cotton,general
What integrated pest management (IPM) strategies work well for onion?,"Pest/Disease guidance: Inspect plants for symptoms (spots, wilting, yellowing). Use integrated pest management (IPM): crop rotation, resistant varieties, targeted biocontrols, and correct pesticide application. If unsure, collect a sample and consult local extension services. Tip: Apply compost or well-rotted manure annually to improve soil structure.",onion,pest/disease
How can I increase maize yield on smallholder farms?,"Post-harvest: Harvest at physiological maturity, dry to safe moisture content, and store in a cool, dry place to avoid pests. Use proper packaging and consider value-added processing to increase shelf life. Tip: Test soil every 2-3 years and follow recommended fertilizer programs.",maize,post-harvest
What government schemes support rice farmers and how to apply?,"For Rice: Follow certified seed, appropriate plant spacing, monitor for pests, and conduct soil tests. Apply balanced fertilizer based on soil test results and follow recommended irrigation schedules for the crop. Tip: Monitor fields weekly during critical growth stages for early pest detection.",rice,general
What are export quality standards for rice and packaging tips?,"For Rice: Follow certified seed, appropriate plant spacing, monitor for pests, and conduct soil tests. Apply balanced fertilizer based on soil test results and follow recommended irrigation schedules for the crop. Tip: Rotate crops to reduce pest and disease pressure.",rice,general
How to manage salinity or alkalinity issues when growing maize?,"For Maize: Follow certified seed, appropriate plant spacing, monitor for pests, and conduct soil tests. Apply balanced fertilizer based on soil test results and follow recommended irrigation schedules for the crop. Tip: Use certified seed and treat seeds where appropriate to reduce seed-borne diseases.",maize,general
How do I select disease-resistant soybean varieties for my area?,"Pest/Disease guidance: Inspect plants for symptoms (spots, wilting, yellowing). Use integrated pest management (IPM): crop rotation, resistant varieties, targeted biocontrols, and correct pesticide application. If unsure, collect a sample and consult local extension services. Tip: Test soil every 2-3 years and follow recommended fertilizer programs.",soybean,pest/disease
How can I improve seed germination rates for garlic?,"For Garlic: Follow certified seed, appropriate plant spacing, monitor for pests, and conduct soil tests. Apply balanced fertilizer based on soil test results and follow recommended irrigation schedules for the crop. Tip: Rotate crops to reduce pest and disease pressure.",garlic,general
What are the common pests of banana and how to control them?,"Pest/Disease guidance: Inspect plants for symptoms (spots, wilting, yellowing). Use integrated pest management (IPM): crop rotation, resistant varieties, targeted biocontrols, and correct pesticide application. If unsure, collect a sample and consult local extension services. Tip: Use certified seed and treat seeds where appropriate to reduce seed-borne diseases.",banana,pest/disease
What are effective organic practices for growing wheat?,"Soil advice: Soil appears acidic (pH 5.5-6.5). Recommended N-P-K levels: N=high, P=medium, K=low. Add organic matter and consider liming if acidic. Perform a soil test for exact fertilizer recommendations; use compost to improve organic matter. Tip: Rotate crops to reduce pest and disease pressure.",wheat,soil
What cover crops complement garlic in rotation to improve soil health?,"Soil advice: Soil appears neutral (pH 6.5-7.5). Recommended N-P-K levels: N=medium, P=low, K=low. Add organic matter and consider liming if acidic. Perform a soil test for exact fertilizer recommendations; use compost to improve organic matter. Tip: Use certified seed and treat seeds where appropriate to reduce seed-borne diseases.",garlic,soil
What are common post-harvest pests affecting garlic and how to prevent them?,"Pest/Disease guidance: Inspect plants for symptoms (spots, wilting, yellowing). Use integrated pest management (IPM): crop rotation, resistant varieties, targeted biocontrols, and correct pesticide application. If unsure, collect a sample and consult local extension services. Tip: Test soil every 2-3 years and follow recommended fertilizer programs.",garlic,pest/disease
How to reduce fertilizer runoff from potato fields and protect water quality?,"Irrigation guidance: Water based on crop stage—establishment, vegetative growth, and reproductive stages need careful scheduling. Avoid waterlogging; use mulch to conserve moisture and consider drip irrigation for efficiency. Tip: Use certified seed and treat seeds where appropriate to reduce seed-borne diseases.",potato,irrigation
How can precision farming technologies benefit cotton cultivation?,"For Cotton: Follow certified seed, appropriate plant spacing, monitor for pests, and conduct soil tests. Apply balanced fertilizer based on soil test results and follow recommended irrigation schedules for the crop. Tip: Rotate crops to reduce pest and disease pressure.",cotton,general
How can I test soil fertility for growing maize?,"Soil advice: Soil appears acidic (pH 5.5-6.5). Recommended N-P-K levels: N=high, P=low, K=medium. Add organic matter and consider liming if acidic. Perform a soil test for exact fertilizer recommendations; use compost to improve organic matter. Tip: Rotate crops to reduce pest and disease pressure.",maize,soil
What are recommended planting depths and sowing rates for cotton?,"For Cotton: Follow certified seed, appropriate plant spacing, monitor for pests, and conduct soil tests. Apply balanced fertilizer based on soil test results and follow recommended irrigation schedules for the crop. Tip: Rotate crops to reduce pest and disease pressure.",cotton,general
What cover crops complement cotton in rotation to improve soil health?,"Soil advice: Soil appears acidic (pH 5.5-6.5). Recommended N-P-K levels: N=low, P=high, K=medium. Add organic matter and consider liming if acidic. Perform a soil test for exact fertilizer recommendations; use compost to improve organic matter. Tip: Monitor fields weekly during critical growth stages for early pest detection.",cotton,soil
What are common post-harvest pests affecting maize and how to prevent them?,"Pest/Disease guidance: Inspect plants for symptoms (spots, wilting, yellowing). Use integrated pest management (IPM): crop rotation, resistant varieties, targeted biocontrols, and correct pesticide application. If unsure, collect a sample and consult local extension services. Tip: Rotate crops to reduce pest and disease pressure.",maize,pest/disease
How do I prune or train soybean plants (where applicable)?,"For Soybean: Follow certified seed, appropriate plant spacing, monitor for pests, and conduct soil tests. Apply balanced fertilizer based on soil test results and follow recommended irrigation schedules for the crop. Tip: Apply compost or well-rotted manure annually to improve soil structure.",soybean,general
How to manage salinity or alkalinity issues when growing rice?,"For Rice: Follow certified seed, appropriate plant spacing, monitor for pests, and conduct soil tests. Apply balanced fertilizer based on soil test results and follow recommended irrigation schedules for the crop. Tip: Monitor fields weekly during critical growth stages for early pest detection.",rice,general
What are recommended spacing and plant density for maize?,"For Maize: Follow certified seed, appropriate plant spacing, monitor for pests, and conduct soil tests. Apply balanced fertilizer based on soil test results and follow recommended irrigation schedules for the crop. Tip: Monitor fields weekly during critical growth stages for early pest detection.",maize,general
What are profitable value-added products from tomato processing?,"For Tomato: Follow certified seed, appropriate plant spacing, monitor for pests, and conduct soil tests. Apply balanced fertilizer based on soil test results and follow recommended irrigation schedules for the crop. Tip: Use certified seed and treat seeds where appropriate to reduce seed-borne diseases.",tomato,general
What harvesting indicators show that banana is ready to harvest?,"Post-harvest: Harvest at physiological maturity, dry to safe moisture content, and store in a cool, dry place to avoid pests. Use proper packaging and consider value-added processing to increase shelf life. Tip: Test soil every 2-3 years and follow recommended fertilizer programs.",banana,post-harvest
What mechanization options are suitable for onion on medium farms?,"For Onion: Follow certified seed, appropriate plant spacing, monitor for pests, and conduct soil tests. Apply balanced fertilizer based on soil test results and follow recommended irrigation schedules for the crop. Tip: Use certified seed and treat seeds where appropriate to reduce seed-borne diseases.",onion,general
How to manage salinity or alkalinity issues when growing potato?,"For Potato: Follow certified seed, appropriate plant spacing, monitor for pests, and conduct soil tests. Apply balanced fertilizer based on soil test results and follow recommended irrigation schedules for the crop. Tip: Apply compost or well-rotted manure annually to improve soil structure.",potato,general
What government schemes support onion farmers and how to apply?,"For Onion: Follow certified seed, appropriate plant spacing, monitor for pests, and conduct soil tests. Apply balanced fertilizer based on soil test results and follow recommended irrigation schedules for the crop. Tip: Monitor fields weekly during critical growth stages for early pest detection.",onion,general
How can I increase soybean yield on smallholder farms?,"Post-harvest: Harvest at physiological maturity, dry to safe moisture content, and store in a cool, dry place to avoid pests. Use proper packaging and consider value-added processing to increase shelf life. Tip: Test soil every 2-3 years and follow recommended fertilizer programs.",soybean,post-harvest
What are the symptoms of nutrient deficiency in onion and how to address them?,"For Onion: Follow certified seed, appropriate plant spacing, monitor for pests, and conduct soil tests. Apply balanced fertilizer based on soil test results and follow recommended irrigation schedules for the crop. Tip: Monitor fields weekly during critical growth stages for early pest detection.",onion,general
What government schemes support garlic farmers and how to apply?,"For Garlic: Follow certified seed, appropriate plant spacing, monitor for pests, and conduct soil tests. Apply balanced fertilizer based on soil test results and follow recommended irrigation schedules for the crop. Tip: Test soil every 2-3 years and follow recommended fertilizer programs.",garlic,general
How should I irrigate cotton to maximize water efficiency?,"Irrigation guidance: Water based on crop stage—establishment, vegetative growth, and reproductive stages need careful scheduling. Avoid waterlogging; use mulch to conserve moisture and consider drip irrigation for efficiency. Tip: Use certified seed and treat seeds where appropriate to reduce seed-borne diseases.",cotton,irrigation
How do I select disease-resistant rice varieties for my area?,"Pest/Disease guidance: Inspect plants for symptoms (spots, wilting, yellowing). Use integrated pest management (IPM): crop rotation, resistant varieties, targeted biocontrols, and correct pesticide application. If unsure, collect a sample and consult local extension services. Tip: Monitor fields weekly during critical growth stages for early pest detection.",rice,pest/disease
What are the best practices for integrated nutrient management for maize?,"For Maize: Follow certified seed, appropriate plant spacing, monitor for pests, and conduct soil tests. Apply balanced fertilizer based on soil test results and follow recommended irrigation schedules for the crop. Tip: Test soil every 2-3 years and follow recommended fertilizer programs.",maize,general
How do I manage weeds in banana fields effectively?,"Pest/Disease guidance: Inspect plants for symptoms (spots, wilting, yellowing). Use integrated pest management (IPM): crop rotation, resistant varieties, targeted biocontrols, and correct pesticide application. If unsure, collect a sample and consult local extension services. Tip: Rotate crops to reduce pest and disease pressure.",banana,pest/disease
What are the best seed varieties of cotton for high yield and disease resistance?,"Pest/Disease guidance: Inspect plants for symptoms (spots, wilting, yellowing). Use integrated pest management (IPM): crop rotation, resistant varieties, targeted biocontrols, and correct pesticide application. If unsure, collect a sample and consult local extension services. Tip: Use certified seed and treat seeds where appropriate to reduce seed-borne diseases.",cotton,pest/disease
What are the symptoms of nutrient deficiency in potato and how to address them?,"For Potato: Follow certified seed, appropriate plant spacing, monitor for pests, and conduct soil tests. Apply balanced fertilizer based on soil test results and follow recommended irrigation schedules for the crop. Tip: Rotate crops to reduce pest and disease pressure.",potato,general
What harvesting indicators show that soybean is ready to harvest?,"Post-harvest: Harvest at physiological maturity, dry to safe moisture content, and store in a cool, dry place to avoid pests. Use proper packaging and consider value-added processing to increase shelf life. Tip: Rotate crops to reduce pest and disease pressure.",soybean,post-harvest
What are profitable value-added products from rice processing?,"For Rice: Follow certified seed, appropriate plant spacing, monitor for pests, and conduct soil tests. Apply balanced fertilizer based on soil test results and follow recommended irrigation schedules for the crop. Tip: Monitor fields weekly during critical growth stages for early pest detection.",rice,general
How do I select disease-resistant maize varieties for my area?,"Pest/Disease guidance: Inspect plants for symptoms (spots, wilting, yellowing). Use integrated pest management (IPM): crop rotation, resistant varieties, targeted biocontrols, and correct pesticide application. If unsure, collect a sample and consult local extension services. Tip: Rotate crops to reduce pest and disease pressure.",maize,pest/disease
How do I diagnose fungal diseases in onion and treat them?,"Pest/Disease guidance: Inspect plants for symptoms (spots, wilting, yellowing). Use integrated pest management (IPM): crop rotation, resistant varieties, targeted biocontrols, and correct pesticide application. If unsure, collect a sample and consult local extension services. Tip: Use certified seed and treat seeds where appropriate to reduce seed-borne diseases.",onion,pest/disease
How do I manage weeds in onion fields effectively?,"Pest/Disease guidance: Inspect plants for symptoms (spots, wilting, yellowing). Use integrated pest management (IPM): crop rotation, resistant varieties, targeted biocontrols, and correct pesticide application. If unsure, collect a sample and consult local extension services. Tip: Monitor fields weekly during critical growth stages for early pest detection.",onion,pest/disease
What integrated pest management (IPM) strategies work well for tomato?,"Pest/Disease guidance: Inspect plants for symptoms (spots, wilting, yellowing). Use integrated pest management (IPM): crop rotation, resistant varieties, targeted biocontrols, and correct pesticide application. If unsure, collect a sample and consult local extension services. Tip: Use certified seed and treat seeds where appropriate to reduce seed-borne diseases.",tomato,pest/disease
Which soil types are most suitable for cultivating potato?,"Soil advice: Soil appears acidic (pH 5.5-6.5). Recommended N-P-K levels: N=high, P=high, K=low. Add organic matter and consider liming if acidic. Perform a soil test for exact fertilizer recommendations; use compost to improve organic matter. Tip: Apply compost or well-rotted manure annually to improve soil structure.",potato,soil
How to build a simple storage facility to store potato after harvest?,"Post-harvest: Harvest at physiological maturity, dry to safe moisture content, and store in a cool, dry place to avoid pests. Use proper packaging and consider value-added processing to increase shelf life. Tip: Monitor fields weekly during critical growth stages for early pest detection.",potato,post-harvest
What are profitable value-added products from wheat processing?,"For Wheat: Follow certified seed, appropriate plant spacing, monitor for pests, and conduct soil tests. Apply balanced fertilizer based on soil test results and follow recommended irrigation schedules for the crop. Tip: Rotate crops to reduce pest and disease pressure.",wheat,general
How do I prune or train garlic plants (where applicable)?,"For Garlic: Follow certified seed, appropriate plant spacing, monitor for pests, and conduct soil tests. Apply balanced fertilizer based on soil test results and follow recommended irrigation schedules for the crop. Tip: Monitor fields weekly during critical growth stages for early pest detection.",garlic,general
What integrated pest management (IPM) strategies work well for banana?,"Pest/Disease guidance: Inspect plants for symptoms (spots, wilting, yellowing). Use integrated pest management (IPM): crop rotation, resistant varieties, targeted biocontrols, and correct pesticide application. If unsure, collect a sample and consult local extension services. Tip: Rotate crops to reduce pest and disease pressure.",banana,pest/disease
How should I irrigate soybean to maximize water efficiency?,"Irrigation guidance: Water based on crop stage—establishment, vegetative growth, and reproductive stages need careful scheduling. Avoid waterlogging; use mulch to conserve moisture and consider drip irrigation for efficiency. Tip: Rotate crops to reduce pest and disease pressure.",soybean,irrigation
What government schemes support tomato farmers and how to apply?,"For Tomato: Follow certified seed, appropriate plant spacing, monitor for pests, and conduct soil tests. Apply balanced fertilizer based on soil test results and follow recommended irrigation schedules for the crop. Tip: Test soil every 2-3 years and follow recommended fertilizer programs.",tomato,general
How do I prepare a soil bed for transplanting soybean seedlings?,"Soil advice: Soil appears alkaline (pH 7.5+). Recommended N-P-K levels: N=medium, P=low, K=low. Add organic matter and consider liming if acidic. Perform a soil test for exact fertilizer recommendations; use compost to improve organic matter. Tip: Apply compost or well-rotted manure annually to improve soil structure.",soybean,soil
What are recommended storage temperatures and humidity for potato?,"Post-harvest: Harvest at physiological maturity, dry to safe moisture content, and store in a cool, dry place to avoid pests. Use proper packaging and consider value-added processing to increase shelf life. Tip: Test soil every 2-3 years and follow recommended fertilizer programs.",potato,post-harvest
What are the common pests of potato and how to control them?,"Pest/Disease guidance: Inspect plants for symptoms (spots, wilting, yellowing). Use integrated pest management (IPM): crop rotation, resistant varieties, targeted biocontrols, and correct pesticide application. If unsure, collect a sample and consult local extension services. Tip: Rotate crops to reduce pest and disease pressure.",potato,pest/disease
What are the symptoms of nutrient deficiency in garlic and how to address them?,"For Garlic: Follow certified seed, appropriate plant spacing, monitor for pests, and conduct soil tests. Apply balanced fertilizer based on soil test results and follow recommended irrigation schedules for the crop. Tip: Monitor fields weekly during critical growth stages for early pest detection.",garlic,general
What harvesting indicators show that onion is ready to harvest?,"Post-harvest: Harvest at physiological maturity, dry to safe moisture content, and store in a cool, dry place to avoid pests. Use proper packaging and consider value-added processing to increase shelf life. Tip: Rotate crops to reduce pest and disease pressure.",onion,post-harvest
How to control bacterial diseases in wheat crops?,"Pest/Disease guidance: Inspect plants for symptoms (spots, wilting, yellowing). Use integrated pest management (IPM): crop rotation, resistant varieties, targeted biocontrols, and correct pesticide application. If unsure, collect a sample and consult local extension services. Tip: Rotate crops to reduce pest and disease pressure.",wheat,pest/disease
How to manage irrigation scheduling for tomato during drought?,"Irrigation guidance: Water based on crop stage—establishment, vegetative growth, and reproductive stages need careful scheduling. Avoid waterlogging; use mulch to conserve moisture and consider drip irrigation for efficiency. Tip: Rotate crops to reduce pest and disease pressure.",tomato,irrigation
How do I diagnose fungal diseases in tomato and treat them?,"Pest/Disease guidance: Inspect plants for symptoms (spots, wilting, yellowing). Use integrated pest management (IPM): crop rotation, resistant varieties, targeted biocontrols, and correct pesticide application. If unsure, collect a sample and consult local extension services. Tip: Use certified seed and treat seeds where appropriate to reduce seed-borne diseases.",tomato,pest/disease
How should I irrigate wheat to maximize water efficiency?,"Irrigation guidance: Water based on crop stage—establishment, vegetative growth, and reproductive stages need careful scheduling. Avoid waterlogging; use mulch to conserve moisture and consider drip irrigation for efficiency. Tip: Rotate crops to reduce pest and disease pressure.",wheat,irrigation
How can I use compost and organic amendments for rice production?,"Soil advice: Soil appears neutral (pH 6.5-7.5). Recommended N-P-K levels: N=medium, P=high, K=high. Add organic matter and consider liming if acidic. Perform a soil test for exact fertilizer recommendations; use compost to improve organic matter. Tip: Apply compost or well-rotted manure annually to improve soil structure.",rice,soil
How do I prune or train wheat plants (where applicable)?,"For Wheat: Follow certified seed, appropriate plant spacing, monitor for pests, and conduct soil tests. Apply balanced fertilizer based on soil test results and follow recommended irrigation schedules for the crop. Tip: Test soil every 2-3 years and follow recommended fertilizer programs.",wheat,general
How can I monitor wheat health using drones or remote sensing?,"For Wheat: Follow certified seed, appropriate plant spacing, monitor for pests, and conduct soil tests. Apply balanced fertilizer based on soil test results and follow recommended irrigation schedules for the crop. Tip: Test soil every 2-3 years and follow recommended fertilizer programs.",wheat,general
How to control bacterial diseases in garlic crops?,"Pest/Disease guidance: Inspect plants for symptoms (spots, wilting, yellowing). Use integrated pest management (IPM): crop rotation, resistant varieties, targeted biocontrols, and correct pesticide application. If unsure, collect a sample and consult local extension services. Tip: Test soil every 2-3 years and follow recommended fertilizer programs.",garlic,pest/disease
What are recommended planting depths and sowing rates for garlic?,"For Garlic: Follow certified seed, appropriate plant spacing, monitor for pests, and conduct soil tests. Apply balanced fertilizer based on soil test results and follow recommended irrigation schedules for the crop. Tip: Apply compost or well-rotted manure annually to improve soil structure.",garlic,general
How to reduce fertilizer runoff from rice fields and protect water quality?,"Irrigation guidance: Water based on crop stage—establishment, vegetative growth, and reproductive stages need careful scheduling. Avoid waterlogging; use mulch to conserve moisture and consider drip irrigation for efficiency. Tip: Monitor fields weekly during critical growth stages for early pest detection.",rice,irrigation
What are the best practices for integrated nutrient management for cotton?,"For Cotton: Follow certified seed, appropriate plant spacing, monitor for pests, and conduct soil tests. Apply balanced fertilizer based on soil test results and follow recommended irrigation schedules for the crop. Tip: Monitor fields weekly during critical growth stages for early pest detection.",cotton,general
What government schemes support cotton farmers and how to apply?,"For Cotton: Follow certified seed, appropriate plant spacing, monitor for pests, and conduct soil tests. Apply balanced fertilizer based on soil test results and follow recommended irrigation schedules for the crop. Tip: Monitor fields weekly during critical growth stages for early pest detection.",cotton,general
What are signs of viral infection in potato and control measures?,"For Potato: Follow certified seed, appropriate plant spacing, monitor for pests, and conduct soil tests. Apply balanced fertilizer based on soil test results and follow recommended irrigation schedules for the crop. Tip: Test soil every 2-3 years and follow recommended fertilizer programs.",potato,general
How do I manage weeds in soybean fields effectively?,"Pest/Disease guidance: Inspect plants for symptoms (spots, wilting, yellowing). Use integrated pest management (IPM): crop rotation, resistant varieties, targeted biocontrols, and correct pesticide application. If unsure, collect a sample and consult local extension services. Tip: Test soil every 2-3 years and follow recommended fertilizer programs.",soybean,pest/disease
What are the symptoms of nutrient deficiency in rice and how to address them?,"For Rice: Follow certified seed, appropriate plant spacing, monitor for pests, and conduct soil tests. Apply balanced fertilizer based on soil test results and follow recommended irrigation schedules for the crop. Tip: Test soil every 2-3 years and follow recommended fertilizer programs.",rice,general
How can I increase wheat yield on smallholder farms?,"Post-harvest: Harvest at physiological maturity, dry to safe moisture content, and store in a cool, dry place to avoid pests. Use proper packaging and consider value-added processing to increase shelf life. Tip: Monitor fields weekly during critical growth stages for early pest detection.",wheat,post-harvest
What are common post-harvest pests affecting onion and how to prevent them?,"Pest/Disease guidance: Inspect plants for symptoms (spots, wilting, yellowing). Use integrated pest management (IPM): crop rotation, resistant varieties, targeted biocontrols, and correct pesticide application. If unsure, collect a sample and consult local extension services. Tip: Monitor fields weekly during critical growth stages for early pest detection.",onion,pest/disease
How do I select disease-resistant garlic varieties for my area?,"Pest/Disease guidance: Inspect plants for symptoms (spots, wilting, yellowing). Use integrated pest management (IPM): crop rotation, resistant varieties, targeted biocontrols, and correct pesticide application. If unsure, collect a sample and consult local extension services. Tip: Test soil every 2-3 years and follow recommended fertilizer programs.",garlic,pest/disease
What are the common pests of garlic and how to control them?,"Pest/Disease guidance: Inspect plants for symptoms (spots, wilting, yellowing). Use integrated pest management (IPM): crop rotation, resistant varieties, targeted biocontrols, and correct pesticide application. If unsure, collect a sample and consult local extension services. Tip: Use certified seed and treat seeds where appropriate to reduce seed-borne diseases.",garlic,pest/disease
What government schemes support wheat farmers and how to apply?,"For Wheat: Follow certified seed, appropriate plant spacing, monitor for pests, and conduct soil tests. Apply balanced fertilizer based on soil test results and follow recommended irrigation schedules for the crop. Tip: Apply compost or well-rotted manure annually to improve soil structure.",wheat,general
What are the symptoms of nutrient deficiency in banana and how to address them?,"For Banana: Follow certified seed, appropriate plant spacing, monitor for pests, and conduct soil tests. Apply balanced fertilizer based on soil test results and follow recommended irrigation schedules for the crop. Tip: Test soil every 2-3 years and follow recommended fertilizer programs.",banana,general
How can I monitor onion health using drones or remote sensing?,"For Onion: Follow certified seed, appropriate plant spacing, monitor for pests, and conduct soil tests. Apply balanced fertilizer based on soil test results and follow recommended irrigation schedules for the crop. Tip: Test soil every 2-3 years and follow recommended fertilizer programs.",onion,general
How do I determine the optimal planting time for garlic in my region?,"For Garlic: Follow certified seed, appropriate plant spacing, monitor for pests, and conduct soil tests. Apply balanced fertilizer based on soil test results and follow recommended irrigation schedules for the crop. Tip: Use certified seed and treat seeds where appropriate to reduce seed-borne diseases.",garlic,general
How do I determine the optimal planting time for rice in my region?,"For Rice: Follow certified seed, appropriate plant spacing, monitor for pests, and conduct soil tests. Apply balanced fertilizer based on soil test results and follow recommended irrigation schedules for the crop. Tip: Rotate crops to reduce pest and disease pressure.",rice,general
What are the common pests of tomato and how to control them?,"Pest/Disease guidance: Inspect plants for symptoms (spots, wilting, yellowing). Use integrated pest management (IPM): crop rotation, resistant varieties, targeted biocontrols, and correct pesticide application. If unsure, collect a sample and consult local extension services. Tip: Test soil every 2-3 years and follow recommended fertilizer programs.",tomato,pest/disease
How can I use compost and organic amendments for cotton production?,"Soil advice: Soil appears acidic (pH 5.5-6.5). Recommended N-P-K levels: N=low, P=medium, K=low. Add organic matter and consider liming if acidic. Perform a soil test for exact fertilizer recommendations; use compost to improve organic matter. Tip: Use certified seed and treat seeds where appropriate to reduce seed-borne diseases.",cotton,soil
How can I use compost and organic amendments for potato production?,"Soil advice: Soil appears acidic (pH 5.5-6.5). Recommended N-P-K levels: N=medium, P=low, K=medium. Add organic matter and consider liming if acidic. Perform a soil test for exact fertilizer recommendations; use compost to improve organic matter. Tip: Rotate crops to reduce pest and disease pressure.",potato,soil
What are recommended spacing and plant density for tomato?,"For Tomato: Follow certified seed, appropriate plant spacing, monitor for pests, and conduct soil tests. Apply balanced fertilizer based on soil test results and follow recommended irrigation schedules for the crop. Tip: Test soil every 2-3 years and follow recommended fertilizer programs.",tomato,general
What are common post-harvest pests affecting wheat and how to prevent them?,"Pest/Disease guidance: Inspect plants for symptoms (spots, wilting, yellowing). Use integrated pest management (IPM): crop rotation, resistant varieties, targeted biocontrols, and correct pesticide application. If unsure, collect a sample and consult local extension services. Tip: Test soil every 2-3 years and follow recommended fertilizer programs.",wheat,pest/disease
What are recommended storage temperatures and humidity for tomato?,"Post-harvest: Harvest at physiological maturity, dry to safe moisture content, and store in a cool, dry place to avoid pests. Use proper packaging and consider value-added processing to increase shelf life. Tip: Test soil every 2-3 years and follow recommended fertilizer programs.",tomato,post-harvest
What cover crops complement tomato in rotation to improve soil health?,"Soil advice: Soil appears alkaline (pH 7.5+). Recommended N-P-K levels: N=low, P=low, K=medium. Add organic matter and consider liming if acidic. Perform a soil test for exact fertilizer recommendations; use compost to improve organic matter. Tip: Use certified seed and treat seeds where appropriate to reduce seed-borne diseases.",tomato,soil
What are the symptoms of nutrient deficiency in wheat and how to address them?,"For Wheat: Follow certified seed, appropriate plant spacing, monitor for pests, and conduct soil tests. Apply balanced fertilizer based on soil test results and follow recommended irrigation schedules for the crop. Tip: Rotate crops to reduce pest and disease pressure.",wheat,general
What are post-harvest storage best practices for soybean?,"Post-harvest: Harvest at physiological maturity, dry to safe moisture content, and store in a cool, dry place to avoid pests. Use proper packaging and consider value-added processing to increase shelf life. Tip: Rotate crops to reduce pest and disease pressure.",soybean,post-harvest
What are profitable value-added products from potato processing?,"For Potato: Follow certified seed, appropriate plant spacing, monitor for pests, and conduct soil tests. Apply balanced fertilizer based on soil test results and follow recommended irrigation schedules for the crop. Tip: Rotate crops to reduce pest and disease pressure.",potato,general
What are common post-harvest pests affecting rice and how to prevent them?,"Pest/Disease guidance: Inspect plants for symptoms (spots, wilting, yellowing). Use integrated pest management (IPM): crop rotation, resistant varieties, targeted biocontrols, and correct pesticide application. If unsure, collect a sample and consult local extension services. Tip: Monitor fields weekly during critical growth stages for early pest detection.",rice,pest/disease
How can I implement crop rotation with potato to reduce pests?,"Pest/Disease guidance: Inspect plants for symptoms (spots, wilting, yellowing). Use integrated pest management (IPM): crop rotation, resistant varieties, targeted biocontrols, and correct pesticide application. If unsure, collect a sample and consult local extension services. Tip: Apply compost or well-rotted manure annually to improve soil structure.",potato,pest/disease
How do I determine the optimal planting time for cotton in my region?,"For Cotton: Follow certified seed, appropriate plant spacing, monitor for pests, and conduct soil tests. Apply balanced fertilizer based on soil test results and follow recommended irrigation schedules for the crop. Tip: Apply compost or well-rotted manure annually to improve soil structure.",cotton,general
How to manage salinity or alkalinity issues when growing wheat?,"For Wheat: Follow certified seed, appropriate plant spacing, monitor for pests, and conduct soil tests. Apply balanced fertilizer based on soil test results and follow recommended irrigation schedules for the crop. Tip: Apply compost or well-rotted manure annually to improve soil structure.",wheat,general
What integrated pest management (IPM) strategies work well for potato?,"Pest/Disease guidance: Inspect plants for symptoms (spots, wilting, yellowing). Use integrated pest management (IPM): crop rotation, resistant varieties, targeted biocontrols, and correct pesticide application. If unsure, collect a sample and consult local extension services. Tip: Apply compost or well-rotted manure annually to improve soil structure.",potato,pest/disease
How can I test soil fertility for growing cotton?,"Soil advice: Soil appears alkaline (pH 7.5+). Recommended N-P-K levels: N=high, P=low, K=high. Add organic matter and consider liming if acidic. Perform a soil test for exact fertilizer recommendations; use compost to improve organic matter. Tip: Apply compost or well-rotted manure annually to improve soil structure.",cotton,soil
How do I determine the optimal planting time for tomato in my region?,"For Tomato: Follow certified seed, appropriate plant spacing, monitor for pests, and conduct soil tests. Apply balanced fertilizer based on soil test results and follow recommended irrigation schedules for the crop. Tip: Use certified seed and treat seeds where appropriate to reduce seed-borne diseases.",tomato,general
What government schemes support soybean farmers and how to apply?,"For Soybean: Follow certified seed, appropriate plant spacing, monitor for pests, and conduct soil tests. Apply balanced fertilizer based on soil test results and follow recommended irrigation schedules for the crop. Tip: Apply compost or well-rotted manure annually to improve soil structure.",soybean,general
How can I improve seed germination rates for wheat?,"For Wheat: Follow certified seed, appropriate plant spacing, monitor for pests, and conduct soil tests. Apply balanced fertilizer based on soil test results and follow recommended irrigation schedules for the crop. Tip: Monitor fields weekly during critical growth stages for early pest detection.",wheat,general
What are signs of viral infection in rice and control measures?,"For Rice: Follow certified seed, appropriate plant spacing, monitor for pests, and conduct soil tests. Apply balanced fertilizer based on soil test results and follow recommended irrigation schedules for the crop. Tip: Monitor fields weekly during critical growth stages for early pest detection.",rice,general
What integrated pest management (IPM) strategies work well for maize?,"Pest/Disease guidance: Inspect plants for symptoms (spots, wilting, yellowing). Use integrated pest management (IPM): crop rotation, resistant varieties, targeted biocontrols, and correct pesticide application. If unsure, collect a sample and consult local extension services. Tip: Rotate crops to reduce pest and disease pressure.",maize,pest/disease
Which soil types are most suitable for cultivating tomato?,"Soil advice: Soil appears acidic (pH 5.5-6.5). Recommended N-P-K levels: N=low, P=low, K=low. Add organic matter and consider liming if acidic. Perform a soil test for exact fertilizer recommendations; use compost to improve organic matter. Tip: Rotate crops to reduce pest and disease pressure.",tomato,soil
What are the best seed varieties of wheat for high yield and disease resistance?,"Pest/Disease guidance: Inspect plants for symptoms (spots, wilting, yellowing). Use integrated pest management (IPM): crop rotation, resistant varieties, targeted biocontrols, and correct pesticide application. If unsure, collect a sample and consult local extension services. Tip: Test soil every 2-3 years and follow recommended fertilizer programs.",wheat,pest/disease
What are recommended storage temperatures and humidity for onion?,"Post-harvest: Harvest at physiological maturity, dry to safe moisture content, and store in a cool, dry place to avoid pests. Use proper packaging and consider value-added processing to increase shelf life. Tip: Apply compost or well-rotted manure annually to improve soil structure.",onion,post-harvest
What are signs of viral infection in cotton and control measures?,"For Cotton: Follow certified seed, appropriate plant spacing, monitor for pests, and conduct soil tests. Apply balanced fertilizer based on soil test results and follow recommended irrigation schedules for the crop. Tip: Rotate crops to reduce pest and disease pressure.",cotton,general
What are the best seed varieties of onion for high yield and disease resistance?,"Pest/Disease guidance: Inspect plants for symptoms (spots, wilting, yellowing). Use integrated pest management (IPM): crop rotation, resistant varieties, targeted biocontrols, and correct pesticide application. If unsure, collect a sample and consult local extension services. Tip: Test soil every 2-3 years and follow recommended fertilizer programs.",onion,pest/disease
What are post-harvest storage best practices for tomato?,"Post-harvest: Harvest at physiological maturity, dry to safe moisture content, and store in a cool, dry place to avoid pests. Use proper packaging and consider value-added processing to increase shelf life. Tip: Test soil every 2-3 years and follow recommended fertilizer programs.",tomato,post-harvest
What are profitable value-added products from soybean processing?,"For Soybean: Follow certified seed, appropriate plant spacing, monitor for pests, and conduct soil tests. Apply balanced fertilizer based on soil test results and follow recommended irrigation schedules for the crop. Tip: Test soil every 2-3 years and follow recommended fertilizer programs.",soybean,general
Which soil types are most suitable for cultivating maize?,"Soil advice: Soil appears alkaline (pH 7.5+). Recommended N-P-K levels: N=medium, P=high, K=low. Add organic matter and consider liming if acidic. Perform a soil test for exact fertilizer recommendations; use compost to improve organic matter. Tip: Monitor fields weekly during critical growth stages for early pest detection.",maize,soil
What are export quality standards for onion and packaging tips?,"For Onion: Follow certified seed, appropriate plant spacing, monitor for pests, and conduct soil tests. Apply balanced fertilizer based on soil test results and follow recommended irrigation schedules for the crop. Tip: Monitor fields weekly during critical growth stages for early pest detection.",onion,general
What are the common pests of rice and how to control them?,"Pest/Disease guidance: Inspect plants for symptoms (spots, wilting, yellowing). Use integrated pest management (IPM): crop rotation, resistant varieties, targeted biocontrols, and correct pesticide application. If unsure, collect a sample and consult local extension services. Tip: Use certified seed and treat seeds where appropriate to reduce seed-borne diseases.",rice,pest/disease
How do I prepare a soil bed for transplanting tomato seedlings?,"Soil advice: Soil appears neutral (pH 6.5-7.5). Recommended N-P-K levels: N=high, P=medium, K=medium. Add organic matter and consider liming if acidic. Perform a soil test for exact fertilizer recommendations; use compost to improve organic matter. Tip: Test soil every 2-3 years and follow recommended fertilizer programs.",tomato,soil
How do I diagnose fungal diseases in maize and treat them?,"Pest/Disease guidance: Inspect plants for symptoms (spots, wilting, yellowing). Use integrated pest management (IPM): crop rotation, resistant varieties, targeted biocontrols, and correct pesticide application. If unsure, collect a sample and consult local extension services. Tip: Use certified seed and treat seeds where appropriate to reduce seed-borne diseases.",maize,pest/disease
How do I diagnose fungal diseases in potato and treat them?,"Pest/Disease guidance: Inspect plants for symptoms (spots, wilting, yellowing). Use integrated pest management (IPM): crop rotation, resistant varieties, targeted biocontrols, and correct pesticide application. If unsure, collect a sample and consult local extension services. Tip: Use certified seed and treat seeds where appropriate to reduce seed-borne diseases.",potato,pest/disease
How should I irrigate potato to maximize water efficiency?,"Irrigation guidance: Water based on crop stage—establishment, vegetative growth, and reproductive stages need careful scheduling. Avoid waterlogging; use mulch to conserve moisture and consider drip irrigation for efficiency. Tip: Apply compost or well-rotted manure annually to improve soil structure.",potato,irrigation
How can precision farming technologies benefit tomato cultivation?,"For Tomato: Follow certified seed, appropriate plant spacing, monitor for pests, and conduct soil tests. Apply balanced fertilizer based on soil test results and follow recommended irrigation schedules for the crop. Tip: Monitor fields weekly during critical growth stages for early pest detection.",tomato,general
What cover crops complement wheat in rotation to improve soil health?,"Soil advice: Soil appears acidic (pH 5.5-6.5). Recommended N-P-K levels: N=low, P=low, K=high. Add organic matter and consider liming if acidic. Perform a soil test for exact fertilizer recommendations; use compost to improve organic matter. Tip: Apply compost or well-rotted manure annually to improve soil structure.",wheat,soil
How do I prepare a soil bed for transplanting rice seedlings?,"Soil advice: Soil appears neutral (pH 6.5-7.5). Recommended N-P-K levels: N=low, P=high, K=high. Add organic matter and consider liming if acidic. Perform a soil test for exact fertilizer recommendations; use compost to improve organic matter. Tip: Monitor fields weekly during critical growth stages for early pest detection.",rice,soil
How can I test soil fertility for growing onion?,"Soil advice: Soil appears neutral (pH 6.5-7.5). Recommended N-P-K levels: N=low, P=high, K=high. Add organic matter and consider liming if acidic. Perform a soil test for exact fertilizer recommendations; use compost to improve organic matter. Tip: Test soil every 2-3 years and follow recommended fertilizer programs.",onion,soil
What are best practices for seed treatment and nursery management of soybean?,"For Soybean: Follow certified seed, appropriate plant spacing, monitor for pests, and conduct soil tests. Apply balanced fertilizer based on soil test results and follow recommended irrigation schedules for the crop. Tip: Test soil every 2-3 years and follow recommended fertilizer programs.",soybean,general
How to manage irrigation scheduling for rice during drought?,"Irrigation guidance: Water based on crop stage—establishment, vegetative growth, and reproductive stages need careful scheduling. Avoid waterlogging; use mulch to conserve moisture and consider drip irrigation for efficiency. Tip: Test soil every 2-3 years and follow recommended fertilizer programs.",rice,irrigation
What cover crops complement rice in rotation to improve soil health?,"Soil advice: Soil appears neutral (pH 6.5-7.5). Recommended N-P-K levels: N=high, P=low, K=high. Add organic matter and consider liming if acidic. Perform a soil test for exact fertilizer recommendations; use compost to improve organic matter. Tip: Test soil every 2-3 years and follow recommended fertilizer programs.",rice,soil
What are common post-harvest pests affecting cotton and how to prevent them?,"Pest/Disease guidance: Inspect plants for symptoms (spots, wilting, yellowing). Use integrated pest management (IPM): crop rotation, resistant varieties, targeted biocontrols, and correct pesticide application. If unsure, collect a sample and consult local extension services. Tip: Monitor fields weekly during critical growth stages for early pest detection.",cotton,pest/disease
What are the common pests of soybean and how to control them?,"Pest/Disease guidance: Inspect plants for symptoms (spots, wilting, yellowing). Use integrated pest management (IPM): crop rotation, resistant varieties, targeted biocontrols, and correct pesticide application. If unsure, collect a sample and consult local extension services. Tip: Use certified seed and treat seeds where appropriate to reduce seed-borne diseases.",soybean,pest/disease
What harvesting indicators show that rice is ready to harvest?,"Post-harvest: Harvest at physiological maturity, dry to safe moisture content, and store in a cool, dry place to avoid pests. Use proper packaging and consider value-added processing to increase shelf life. Tip: Monitor fields weekly during critical growth stages for early pest detection.",rice,post-harvest
How to manage irrigation scheduling for onion during drought?,"Irrigation guidance: Water based on crop stage—establishment, vegetative growth, and reproductive stages need careful scheduling. Avoid waterlogging; use mulch to conserve moisture and consider drip irrigation for efficiency. Tip: Rotate crops to reduce pest and disease pressure.",onion,irrigation
How do I prune or train tomato plants (where applicable)?,"For Tomato: Follow certified seed, appropriate plant spacing, monitor for pests, and conduct soil tests. Apply balanced fertilizer based on soil test results and follow recommended irrigation schedules for the crop. Tip: Monitor fields weekly during critical growth stages for early pest detection.",tomato,general
How to manage salinity or alkalinity issues when growing cotton?,"For Cotton: Follow certified seed, appropriate plant spacing, monitor for pests, and conduct soil tests. Apply balanced fertilizer based on soil test results and follow recommended irrigation schedules for the crop. Tip: Apply compost or well-rotted manure annually to improve soil structure.",cotton,general
What are export quality standards for tomato and packaging tips?,"For Tomato: Follow certified seed, appropriate plant spacing, monitor for pests, and conduct soil tests. Apply balanced fertilizer based on soil test results and follow recommended irrigation schedules for the crop. Tip: Monitor fields weekly during critical growth stages for early pest detection.",tomato,general
How do I determine the optimal planting time for potato in my region?,"For Potato: Follow certified seed, appropriate plant spacing, monitor for pests, and conduct soil tests. Apply balanced fertilizer based on soil test results and follow recommended irrigation schedules for the crop. Tip: Apply compost or well-rotted manure annually to improve soil structure.",potato,general
How do I manage weeds in cotton fields effectively?,"Pest/Disease guidance: Inspect plants for symptoms (spots, wilting, yellowing). Use integrated pest management (IPM): crop rotation, resistant varieties, targeted biocontrols, and correct pesticide application. If unsure, collect a sample and consult local extension services. Tip: Test soil every 2-3 years and follow recommended fertilizer programs.",cotton,pest/disease
What are the best seed varieties of soybean for high yield and disease resistance?,"Pest/Disease guidance: Inspect plants for symptoms (spots, wilting, yellowing). Use integrated pest management (IPM): crop rotation, resistant varieties, targeted biocontrols, and correct pesticide application. If unsure, collect a sample and consult local extension services. Tip: Rotate crops to reduce pest and disease pressure.",soybean,pest/disease
How can I increase banana yield on smallholder farms?,"Post-harvest: Harvest at physiological maturity, dry to safe moisture content, and store in a cool, dry place to avoid pests. Use proper packaging and consider value-added processing to increase shelf life. Tip: Monitor fields weekly during critical growth stages for early pest detection.",banana,post-harvest
Which soil types are most suitable for cultivating wheat?,"Soil advice: Soil appears neutral (pH 6.5-7.5). Recommended N-P-K levels: N=low, P=low, K=high. Add organic matter and consider liming if acidic. Perform a soil test for exact fertilizer recommendations; use compost to improve organic matter. Tip: Monitor fields weekly during critical growth stages for early pest detection.",wheat,soil
How do I manage weeds in tomato fields effectively?,"Pest/Disease guidance: Inspect plants for symptoms (spots, wilting, yellowing). Use integrated pest management (IPM): crop rotation, resistant varieties, targeted biocontrols, and correct pesticide application. If unsure, collect a sample and consult local extension services. Tip: Apply compost or well-rotted manure annually to improve soil structure.",tomato,pest/disease
What are export quality standards for potato and packaging tips?,"For Potato: Follow certified seed, appropriate plant spacing, monitor for pests, and conduct soil tests. Apply balanced fertilizer based on soil test results and follow recommended irrigation schedules for the crop. Tip: Monitor fields weekly during critical growth stages for early pest detection.",potato,general
What mechanization options are suitable for potato on medium farms?,"For Potato: Follow certified seed, appropriate plant spacing, monitor for pests, and conduct soil tests. Apply balanced fertilizer based on soil test results and follow recommended irrigation schedules for the crop. Tip: Use certified seed and treat seeds where appropriate to reduce seed-borne diseases.",potato,general
How should I irrigate onion to maximize water efficiency?,"Irrigation guidance: Water based on crop stage—establishment, vegetative growth, and reproductive stages need careful scheduling. Avoid waterlogging; use mulch to conserve moisture and consider drip irrigation for efficiency. Tip: Use certified seed and treat seeds where appropriate to reduce seed-borne diseases.",onion,irrigation
How do I prepare a soil bed for transplanting wheat seedlings?,"Soil advice: Soil appears neutral (pH 6.5-7.5). Recommended N-P-K levels: N=high, P=medium, K=medium. Add organic matter and consider liming if acidic. Perform a soil test for exact fertilizer recommendations; use compost to improve organic matter. Tip: Apply compost or well-rotted manure annually to improve soil structure.",wheat,soil
What are best practices for seed treatment and nursery management of potato?,"For Potato: Follow certified seed, appropriate plant spacing, monitor for pests, and conduct soil tests. Apply balanced fertilizer based on soil test results and follow recommended irrigation schedules for the crop. Tip: Use certified seed and treat seeds where appropriate to reduce seed-borne diseases.",potato,general
How to reduce fertilizer runoff from onion fields and protect water quality?,"Irrigation guidance: Water based on crop stage—establishment, vegetative growth, and reproductive stages need careful scheduling. Avoid waterlogging; use mulch to conserve moisture and consider drip irrigation for efficiency. Tip: Monitor fields weekly during critical growth stages for early pest detection.",onion,irrigation
How can I increase garlic yield on smallholder farms?,"Post-harvest: Harvest at physiological maturity, dry to safe moisture content, and store in a cool, dry place to avoid pests. Use proper packaging and consider value-added processing to increase shelf life. Tip: Rotate crops to reduce pest and disease pressure.",garlic,post-harvest
How should I irrigate garlic to maximize water efficiency?,"Irrigation guidance: Water based on crop stage—establishment, vegetative growth, and reproductive stages need careful scheduling. Avoid waterlogging; use mulch to conserve moisture and consider drip irrigation for efficiency. Tip: Apply compost or well-rotted manure annually to improve soil structure.",garlic,irrigation
How can I implement crop rotation with cotton to reduce pests?,"Pest/Disease guidance: Inspect plants for symptoms (spots, wilting, yellowing). Use integrated pest management (IPM): crop rotation, resistant varieties, targeted biocontrols, and correct pesticide application. If unsure, collect a sample and consult local extension services. Tip: Apply compost or well-rotted manure annually to improve soil structure.",cotton,pest/disease
What fertilizer program should I follow for a healthy banana crop?,"For Banana: Follow certified seed, appropriate plant spacing, monitor for pests, and conduct soil tests. Apply balanced fertilizer based on soil test results and follow recommended irrigation schedules for the crop. Tip: Rotate crops to reduce pest and disease pressure.",banana,general
How can I implement crop rotation with maize to reduce pests?,"Pest/Disease guidance: Inspect plants for symptoms (spots, wilting, yellowing). Use integrated pest management (IPM): crop rotation, resistant varieties, targeted biocontrols, and correct pesticide application. If unsure, collect a sample and consult local extension services. Tip: Monitor fields weekly during critical growth stages for early pest detection.",maize,pest/disease
What are effective organic practices for growing cotton?,"Soil advice: Soil appears acidic (pH 5.5-6.5). Recommended N-P-K levels: N=low, P=low, K=low. Add organic matter and consider liming if acidic. Perform a soil test for exact fertilizer recommendations; use compost to improve organic matter. Tip: Apply compost or well-rotted manure annually to improve soil structure.",cotton,soil
How do I prune or train onion plants (where applicable)?,"For Onion: Follow certified seed, appropriate plant spacing, monitor for pests, and conduct soil tests. Apply balanced fertilizer based on soil test results and follow recommended irrigation schedules for the crop. Tip: Rotate crops to reduce pest and disease pressure.",onion,general
How do I select disease-resistant potato varieties for my area?,"Pest/Disease guidance: Inspect plants for symptoms (spots, wilting, yellowing). Use integrated pest management (IPM): crop rotation, resistant varieties, targeted biocontrols, and correct pesticide application. If unsure, collect a sample and consult local extension services. Tip: Test soil every 2-3 years and follow recommended fertilizer programs.",potato,pest/disease
How can I use compost and organic amendments for onion production?,"Soil advice: Soil appears alkaline (pH 7.5+). Recommended N-P-K levels: N=low, P=low, K=low. Add organic matter and consider liming if acidic. Perform a soil test for exact fertilizer recommendations; use compost to improve organic matter. Tip: Apply compost or well-rotted manure annually to improve soil structure.",onion,soil
How do I diagnose fungal diseases in soybean and treat them?,"Pest/Disease guidance: Inspect plants for symptoms (spots, wilting, yellowing). Use integrated pest management (IPM): crop rotation, resistant varieties, targeted biocontrols, and correct pesticide application. If unsure, collect a sample and consult local extension services. Tip: Apply compost or well-rotted manure annually to improve soil structure.",soybean,pest/disease
What government schemes support maize farmers and how to apply?,"For Maize: Follow certified seed, appropriate plant spacing, monitor for pests, and conduct soil tests. Apply balanced fertilizer based on soil test results and follow recommended irrigation schedules for the crop. Tip: Rotate crops to reduce pest and disease pressure.",maize,general
How to control bacterial diseases in rice crops?,"Pest/Disease guidance: Inspect plants for symptoms (spots, wilting, yellowing). Use integrated pest management (IPM): crop rotation, resistant varieties, targeted biocontrols, and correct pesticide application. If unsure, collect a sample and consult local extension services. Tip: Rotate crops to reduce pest and disease pressure.",rice,pest/disease
How can I monitor garlic health using drones or remote sensing?,"For Garlic: Follow certified seed, appropriate plant spacing, monitor for pests, and conduct soil tests. Apply balanced fertilizer based on soil test results and follow recommended irrigation schedules for the crop. Tip: Test soil every 2-3 years and follow recommended fertilizer programs.",garlic,general
How to manage irrigation scheduling for banana during drought?,"Irrigation guidance: Water based on crop stage—establishment, vegetative growth, and reproductive stages need careful scheduling. Avoid waterlogging; use mulch to conserve moisture and consider drip irrigation for efficiency. Tip: Use certified seed and treat seeds where appropriate to reduce seed-borne diseases.",banana,irrigation
What fertilizer program should I follow for a healthy onion crop?,"For Onion: Follow certified seed, appropriate plant spacing, monitor for pests, and conduct soil tests. Apply balanced fertilizer based on soil test results and follow recommended irrigation schedules for the crop. Tip: Rotate crops to reduce pest and disease pressure.",onion,general
How should I irrigate maize to maximize water efficiency?,"Irrigation guidance: Water based on crop stage—establishment, vegetative growth, and reproductive stages need careful scheduling. Avoid waterlogging; use mulch to conserve moisture and consider drip irrigation for efficiency. Tip: Monitor fields weekly during critical growth stages for early pest detection.",maize,irrigation
How can I test soil fertility for growing banana?,"Soil advice: Soil appears acidic (pH 5.5-6.5). Recommended N-P-K levels: N=medium, P=low, K=medium. Add organic matter and consider liming if acidic. Perform a soil test for exact fertilizer recommendations; use compost to improve organic matter. Tip: Test soil every 2-3 years and follow recommended fertilizer programs.",banana,soil
How do I manage weeds in garlic fields effectively?,"Pest/Disease guidance: Inspect plants for symptoms (spots, wilting, yellowing). Use integrated pest management (IPM): crop rotation, resistant varieties, targeted biocontrols, and correct pesticide application. If unsure, collect a sample and consult local extension services. Tip: Apply compost or well-rotted manure annually to improve soil structure.",garlic,pest/disease
What cover crops complement soybean in rotation to improve soil health?,"Soil advice: Soil appears alkaline (pH 7.5+). Recommended N-P-K levels: N=low, P=medium, K=high. Add organic matter and consider liming if acidic. Perform a soil test for exact fertilizer recommendations; use compost to improve organic matter. Tip: Rotate crops to reduce pest and disease pressure.",soybean,soil
What harvesting indicators show that tomato is ready to harvest?,"Post-harvest: Harvest at physiological maturity, dry to safe moisture content, and store in a cool, dry place to avoid pests. Use proper packaging and consider value-added processing to increase shelf life. Tip: Rotate crops to reduce pest and disease pressure.",tomato,post-harvest
How can I improve seed germination rates for cotton?,"For Cotton: Follow certified seed, appropriate plant spacing, monitor for pests, and conduct soil tests. Apply balanced fertilizer based on soil test results and follow recommended irrigation schedules for the crop. Tip: Rotate crops to reduce pest and disease pressure.",cotton,general
What are common post-harvest pests affecting tomato and how to prevent them?,"Pest/Disease guidance: Inspect plants for symptoms (spots, wilting, yellowing). Use integrated pest management (IPM): crop rotation, resistant varieties, targeted biocontrols, and correct pesticide application. If unsure, collect a sample and consult local extension services. Tip: Test soil every 2-3 years and follow recommended fertilizer programs.",tomato,pest/disease
What are the best seed varieties of rice for high yield and disease resistance?,"Pest/Disease guidance: Inspect plants for symptoms (spots, wilting, yellowing). Use integrated pest management (IPM): crop rotation, resistant varieties, targeted biocontrols, and correct pesticide application. If unsure, collect a sample and consult local extension services. Tip: Use certified seed and treat seeds where appropriate to reduce seed-borne diseases.",rice,pest/disease
How can I increase rice yield on smallholder farms?,"Post-harvest: Harvest at physiological maturity, dry to safe moisture content, and store in a cool, dry place to avoid pests. Use proper packaging and consider value-added processing to increase shelf life. Tip: Apply compost or well-rotted manure annually to improve soil structure.",rice,post-harvest
How do I determine the optimal planting time for banana in my region?,"For Banana: Follow certified seed, appropriate plant spacing, monitor for pests, and conduct soil tests. Apply balanced fertilizer based on soil test results and follow recommended irrigation schedules for the crop. Tip: Monitor fields weekly during critical growth stages for early pest detection.",banana,general
What are recommended spacing and plant density for banana?,"For Banana: Follow certified seed, appropriate plant spacing, monitor for pests, and conduct soil tests. Apply balanced fertilizer based on soil test results and follow recommended irrigation schedules for the crop. Tip: Rotate crops to reduce pest and disease pressure.",banana,general
How can I monitor cotton health using drones or remote sensing?,"For Cotton: Follow certified seed, appropriate plant spacing, monitor for pests, and conduct soil tests. Apply balanced fertilizer based on soil test results and follow recommended irrigation schedules for the crop. Tip: Test soil every 2-3 years and follow recommended fertilizer programs.",cotton,general
How can I monitor tomato health using drones or remote sensing?,"For Tomato: Follow certified seed, appropriate plant spacing, monitor for pests, and conduct soil tests. Apply balanced fertilizer based on soil test results and follow recommended irrigation schedules for the crop. Tip: Monitor fields weekly during critical growth stages for early pest detection.",tomato,general
How do I manage weeds in rice fields effectively?,"Pest/Disease guidance: Inspect plants for symptoms (spots, wilting, yellowing). Use integrated pest management (IPM): crop rotation, resistant varieties, targeted biocontrols, and correct pesticide application. If unsure, collect a sample and consult local extension services. Tip: Rotate crops to reduce pest and disease pressure.",rice,pest/disease
What are the common pests of maize and how to control them?,"Pest/Disease guidance: Inspect plants for symptoms (spots, wilting, yellowing). Use integrated pest management (IPM): crop rotation, resistant varieties, targeted biocontrols, and correct pesticide application. If unsure, collect a sample and consult local extension services. Tip: Apply compost or well-rotted manure annually to improve soil structure.",maize,pest/disease
What are the common pests of cotton and how to control them?,"Pest/Disease guidance: Inspect plants for symptoms (spots, wilting, yellowing). Use integrated pest management (IPM): crop rotation, resistant varieties, targeted biocontrols, and correct pesticide application. If unsure, collect a sample and consult local extension services. Tip: Apply compost or well-rotted manure annually to improve soil structure.",cotton,pest/disease
What are effective organic practices for growing soybean?,"Soil advice: Soil appears neutral (pH 6.5-7.5). Recommended N-P-K levels: N=medium, P=high, K=high. Add organic matter and consider liming if acidic. Perform a soil test for exact fertilizer recommendations; use compost to improve organic matter. Tip: Apply compost or well-rotted manure annually to improve soil structure.",soybean,soil
How to manage irrigation scheduling for wheat during drought?,"Irrigation guidance: Water based on crop stage—establishment, vegetative growth, and reproductive stages need careful scheduling. Avoid waterlogging; use mulch to conserve moisture and consider drip irrigation for efficiency. Tip: Monitor fields weekly during critical growth stages for early pest detection.",wheat,irrigation
How do I determine the optimal planting time for onion in my region?,"For Onion: Follow certified seed, appropriate plant spacing, monitor for pests, and conduct soil tests. Apply balanced fertilizer based on soil test results and follow recommended irrigation schedules for the crop. Tip: Rotate crops to reduce pest and disease pressure.",onion,general
What are effective organic practices for growing onion?,"Soil advice: Soil appears acidic (pH 5.5-6.5). Recommended N-P-K levels: N=high, P=medium, K=low. Add organic matter and consider liming if acidic. Perform a soil test for exact fertilizer recommendations; use compost to improve organic matter. Tip: Use certified seed and treat seeds where appropriate to reduce seed-borne diseases.",onion,soil
How to control bacterial diseases in cotton crops?,"Pest/Disease guidance: Inspect plants for symptoms (spots, wilting, yellowing). Use integrated pest management (IPM): crop rotation, resistant varieties, targeted biocontrols, and correct pesticide application. If unsure, collect a sample and consult local extension services. Tip: Use certified seed and treat seeds where appropriate to reduce seed-borne diseases.",cotton,pest/disease
How to control bacterial diseases in onion crops?,"Pest/Disease guidance: Inspect plants for symptoms (spots, wilting, yellowing). Use integrated pest management (IPM): crop rotation, resistant varieties, targeted biocontrols, and correct pesticide application. If unsure, collect a sample and consult local extension services. Tip: Apply compost or well-rotted manure annually to improve soil structure.",onion,pest/disease
What are post-harvest storage best practices for onion?,"Post-harvest: Harvest at physiological maturity, dry to safe moisture content, and store in a cool, dry place to avoid pests. Use proper packaging and consider value-added processing to increase shelf life. Tip: Use certified seed and treat seeds where appropriate to reduce seed-borne diseases.",onion,post-harvest
How can precision farming technologies benefit soybean cultivation?,"For Soybean: Follow certified seed, appropriate plant spacing, monitor for pests, and conduct soil tests. Apply balanced fertilizer based on soil test results and follow recommended irrigation schedules for the crop. Tip: Apply compost or well-rotted manure annually to improve soil structure.",soybean,general
What are common post-harvest pests affecting soybean and how to prevent them?,"Pest/Disease guidance: Inspect plants for symptoms (spots, wilting, yellowing). Use integrated pest management (IPM): crop rotation, resistant varieties, targeted biocontrols, and correct pesticide application. If unsure, collect a sample and consult local extension services. Tip: Use certified seed and treat seeds where appropriate to reduce seed-borne diseases.",soybean,pest/disease
How can I implement crop rotation with tomato to reduce pests?,"Pest/Disease guidance: Inspect plants for symptoms (spots, wilting, yellowing). Use integrated pest management (IPM): crop rotation, resistant varieties, targeted biocontrols, and correct pesticide application. If unsure, collect a sample and consult local extension services. Tip: Use certified seed and treat seeds where appropriate to reduce seed-borne diseases.",tomato,pest/disease
How can I implement crop rotation with wheat to reduce pests?,"Pest/Disease guidance: Inspect plants for symptoms (spots, wilting, yellowing). Use integrated pest management (IPM): crop rotation, resistant varieties, targeted biocontrols, and correct pesticide application. If unsure, collect a sample and consult local extension services. Tip: Test soil every 2-3 years and follow recommended fertilizer programs.",wheat,pest/disease
What are signs of viral infection in onion and control measures?,"For Onion: Follow certified seed, appropriate plant spacing, monitor for pests, and conduct soil tests. Apply balanced fertilizer based on soil test results and follow recommended irrigation schedules for the crop. Tip: Apply compost or well-rotted manure annually to improve soil structure.",onion,general
How can I use compost and organic amendments for maize production?,"Soil advice: Soil appears neutral (pH 6.5-7.5). Recommended N-P-K levels: N=high, P=high, K=medium. Add organic matter and consider liming if acidic. Perform a soil test for exact fertilizer recommendations; use compost to improve organic matter. Tip: Monitor fields weekly during critical growth stages for early pest detection.",maize,soil
How do I manage weeds in wheat fields effectively?,"Pest/Disease guidance: Inspect plants for symptoms (spots, wilting, yellowing). Use integrated pest management (IPM): crop rotation, resistant varieties, targeted biocontrols, and correct pesticide application. If unsure, collect a sample and consult local extension services. Tip: Apply compost or well-rotted manure annually to improve soil structure.",wheat,pest/disease
How do I select disease-resistant tomato varieties for my area?,"Pest/Disease guidance: Inspect plants for symptoms (spots, wilting, yellowing). Use integrated pest management (IPM): crop rotation, resistant varieties, targeted biocontrols, and correct pesticide application. If unsure, collect a sample and consult local extension services. Tip: Apply compost or well-rotted manure annually to improve soil structure.",tomato,pest/disease
How to build a simple storage facility to store onion after harvest?,"Post-harvest: Harvest at physiological maturity, dry to safe moisture content, and store in a cool, dry place to avoid pests. Use proper packaging and consider value-added processing to increase shelf life. Tip: Test soil every 2-3 years and follow recommended fertilizer programs.",onion,post-harvest
What are best practices for seed treatment and nursery management of garlic?,"For Garlic: Follow certified seed, appropriate plant spacing, monitor for pests, and conduct soil tests. Apply balanced fertilizer based on soil test results and follow recommended irrigation schedules for the crop. Tip: Test soil every 2-3 years and follow recommended fertilizer programs.",garlic,general
How can I improve seed germination rates for maize?,"For Maize: Follow certified seed, appropriate plant spacing, monitor for pests, and conduct soil tests. Apply balanced fertilizer based on soil test results and follow recommended irrigation schedules for the crop. Tip: Apply compost or well-rotted manure annually to improve soil structure.",maize,general
What mechanization options are suitable for cotton on medium farms?,"For Cotton: Follow certified seed, appropriate plant spacing, monitor for pests, and conduct soil tests. Apply balanced fertilizer based on soil test results and follow recommended irrigation schedules for the crop. Tip: Use certified seed and treat seeds where appropriate to reduce seed-borne diseases.",cotton,general
What are best practices for seed treatment and nursery management of maize?,"For Maize: Follow certified seed, appropriate plant spacing, monitor for pests, and conduct soil tests. Apply balanced fertilizer based on soil test results and follow recommended irrigation schedules for the crop. Tip: Rotate crops to reduce pest and disease pressure.",maize,general
What are the best practices for integrated nutrient management for onion?,"For Onion: Follow certified seed, appropriate plant spacing, monitor for pests, and conduct soil tests. Apply balanced fertilizer based on soil test results and follow recommended irrigation schedules for the crop. Tip: Test soil every 2-3 years and follow recommended fertilizer programs.",onion,general
What are the best seed varieties of banana for high yield and disease resistance?,"Pest/Disease guidance: Inspect plants for symptoms (spots, wilting, yellowing). Use integrated pest management (IPM): crop rotation, resistant varieties, targeted biocontrols, and correct pesticide application. If unsure, collect a sample and consult local extension services. Tip: Apply compost or well-rotted manure annually to improve soil structure.",banana,pest/disease
What are best practices for seed treatment and nursery management of rice?,"For Rice: Follow certified seed, appropriate plant spacing, monitor for pests, and conduct soil tests. Apply balanced fertilizer based on soil test results and follow recommended irrigation schedules for the crop. Tip: Rotate crops to reduce pest and disease pressure.",rice,general
Which soil types are most suitable for cultivating cotton?,"Soil advice: Soil appears neutral (pH 6.5-7.5). Recommended N-P-K levels: N=low, P=low, K=medium. Add organic matter and consider liming if acidic. Perform a soil test for exact fertilizer recommendations; use compost to improve organic matter. Tip: Monitor fields weekly during critical growth stages for early pest detection.",cotton,soil
What are export quality standards for maize and packaging tips?,"For Maize: Follow certified seed, appropriate plant spacing, monitor for pests, and conduct soil tests. Apply balanced fertilizer based on soil test results and follow recommended irrigation schedules for the crop. Tip: Monitor fields weekly during critical growth stages for early pest detection.",maize,general
How can I use compost and organic amendments for garlic production?,"Soil advice: Soil appears neutral (pH 6.5-7.5). Recommended N-P-K levels: N=medium, P=low, K=medium. Add organic matter and consider liming if acidic. Perform a soil test for exact fertilizer recommendations; use compost to improve organic matter. Tip: Rotate crops to reduce pest and disease pressure.",garlic,soil
How can I monitor potato health using drones or remote sensing?,"For Potato: Follow certified seed, appropriate plant spacing, monitor for pests, and conduct soil tests. Apply balanced fertilizer based on soil test results and follow recommended irrigation schedules for the crop. Tip: Test soil every 2-3 years and follow recommended fertilizer programs.",potato,general
What integrated pest management (IPM) strategies work well for cotton?,"Pest/Disease guidance: Inspect plants for symptoms (spots, wilting, yellowing). Use integrated pest management (IPM): crop rotation, resistant varieties, targeted biocontrols, and correct pesticide application. If unsure, collect a sample and consult local extension services. Tip: Test soil every 2-3 years and follow recommended fertilizer programs.",cotton,pest/disease
How to manage irrigation scheduling for garlic during drought?,"Irrigation guidance: Water based on crop stage—establishment, vegetative growth, and reproductive stages need careful scheduling. Avoid waterlogging; use mulch to conserve moisture and consider drip irrigation for efficiency. Tip: Apply compost or well-rotted manure annually to improve soil structure.",garlic,irrigation
What are export quality standards for soybean and packaging tips?,"For Soybean: Follow certified seed, appropriate plant spacing, monitor for pests, and conduct soil tests. Apply balanced fertilizer based on soil test results and follow recommended irrigation schedules for the crop. Tip: Use certified seed and treat seeds where appropriate to reduce seed-borne diseases.",soybean,general
How do I select disease-resistant wheat varieties for my area?,"Pest/Disease guidance: Inspect plants for symptoms (spots, wilting, yellowing). Use integrated pest management (IPM): crop rotation, resistant varieties, targeted biocontrols, and correct pesticide application. If unsure, collect a sample and consult local extension services. Tip: Test soil every 2-3 years and follow recommended fertilizer programs.",wheat,pest/disease
How can I increase onion yield on smallholder farms?,"Post-harvest: Harvest at physiological maturity, dry to safe moisture content, and store in a cool, dry place to avoid pests. Use proper packaging and consider value-added processing to increase shelf life. Tip: Apply compost or well-rotted manure annually to improve soil structure.",onion,post-harvest
What are profitable value-added products from garlic processing?,"For Garlic: Follow certified seed, appropriate plant spacing, monitor for pests, and conduct soil tests. Apply balanced fertilizer based on soil test results and follow recommended irrigation schedules for the crop. Tip: Monitor fields weekly during critical growth stages for early pest detection.",garlic,general
How to reduce fertilizer runoff from soybean fields and protect water quality?,"Irrigation guidance: Water based on crop stage—establishment, vegetative growth, and reproductive stages need careful scheduling. Avoid waterlogging; use mulch to conserve moisture and consider drip irrigation for efficiency. Tip: Rotate crops to reduce pest and disease pressure.",soybean,irrigation
What cover crops complement banana in rotation to improve soil health?,"Soil advice: Soil appears neutral (pH 6.5-7.5). Recommended N-P-K levels: N=low, P=medium, K=high. Add organic matter and consider liming if acidic. Perform a soil test for exact fertilizer recommendations; use compost to improve organic matter. Tip: Monitor fields weekly during critical growth stages for early pest detection.",banana,soil
Which soil types are most suitable for cultivating garlic?,"Soil advice: Soil appears alkaline (pH 7.5+). Recommended N-P-K levels: N=medium, P=medium, K=medium. Add organic matter and consider liming if acidic. Perform a soil test for exact fertilizer recommendations; use compost to improve organic matter. Tip: Rotate crops to reduce pest and disease pressure.",garlic,soil
What are recommended storage temperatures and humidity for wheat?,"Post-harvest: Harvest at physiological maturity, dry to safe moisture content, and store in a cool, dry place to avoid pests. Use proper packaging and consider value-added processing to increase shelf life. Tip: Use certified seed and treat seeds where appropriate to reduce seed-borne diseases.",wheat,post-harvest
What mechanization options are suitable for rice on medium farms?,"For Rice: Follow certified seed, appropriate plant spacing, monitor for pests, and conduct soil tests. Apply balanced fertilizer based on soil test results and follow recommended irrigation schedules for the crop. Tip: Monitor fields weekly during critical growth stages for early pest detection.",rice,general
How to control bacterial diseases in tomato crops?,"Pest/Disease guidance: Inspect plants for symptoms (spots, wilting, yellowing). Use integrated pest management (IPM): crop rotation, resistant varieties, targeted biocontrols, and correct pesticide application. If unsure, collect a sample and consult local extension services. Tip: Apply compost or well-rotted manure annually to improve soil structure.",tomato,pest/disease
What are post-harvest storage best practices for rice?,"Post-harvest: Harvest at physiological maturity, dry to safe moisture content, and store in a cool, dry place to avoid pests. Use proper packaging and consider value-added processing to increase shelf life. Tip: Rotate crops to reduce pest and disease pressure.",rice,post-harvest
What harvesting indicators show that garlic is ready to harvest?,"Post-harvest: Harvest at physiological maturity, dry to safe moisture content, and store in a cool, dry place to avoid pests. Use proper packaging and consider value-added processing to increase shelf life. Tip: Monitor fields weekly during critical growth stages for early pest detection.",garlic,post-harvest
How can I increase cotton yield on smallholder farms?,"Post-harvest: Harvest at physiological maturity, dry to safe moisture content, and store in a cool, dry place to avoid pests. Use proper packaging and consider value-added processing to increase shelf life. Tip: Monitor fields weekly during critical growth stages for early pest detection.",cotton,post-harvest
What are the best seed varieties of potato for high yield and disease resistance?,"Pest/Disease guidance: Inspect plants for symptoms (spots, wilting, yellowing). Use integrated pest management (IPM): crop rotation, resistant varieties, targeted biocontrols, and correct pesticide application. If unsure, collect a sample and consult local extension services. Tip: Use certified seed and treat seeds where appropriate to reduce seed-borne diseases.",potato,pest/disease
What are recommended planting depths and sowing rates for maize?,"For Maize: Follow certified seed, appropriate plant spacing, monitor for pests, and conduct soil tests. Apply balanced fertilizer based on soil test results and follow recommended irrigation schedules for the crop. Tip: Apply compost or well-rotted manure annually to improve soil structure.",maize,general
How to reduce fertilizer runoff from tomato fields and protect water quality?,"Irrigation guidance: Water based on crop stage—establishment, vegetative growth, and reproductive stages need careful scheduling. Avoid waterlogging; use mulch to conserve moisture and consider drip irrigation for efficiency. Tip: Test soil every 2-3 years and follow recommended fertilizer programs.",tomato,irrigation
What are recommended storage temperatures and humidity for banana?,"Post-harvest: Harvest at physiological maturity, dry to safe moisture content, and store in a cool, dry place to avoid pests. Use proper packaging and consider value-added processing to increase shelf life. Tip: Test soil every 2-3 years and follow recommended fertilizer programs.",banana,post-harvest
How should I irrigate rice to maximize water efficiency?,"Irrigation guidance: Water based on crop stage—establishment, vegetative growth, and reproductive stages need careful scheduling. Avoid waterlogging; use mulch to conserve moisture and consider drip irrigation for efficiency. Tip: Use certified seed and treat seeds where appropriate to reduce seed-borne diseases.",rice,irrigation
How can I improve seed germination rates for banana?,"For Banana: Follow certified seed, appropriate plant spacing, monitor for pests, and conduct soil tests. Apply balanced fertilizer based on soil test results and follow recommended irrigation schedules for the crop. Tip: Monitor fields weekly during critical growth stages for early pest detection.",banana,general
What are recommended planting depths and sowing rates for wheat?,"For Wheat: Follow certified seed, appropriate plant spacing, monitor for pests, and conduct soil tests. Apply balanced fertilizer based on soil test results and follow recommended irrigation schedules for the crop. Tip: Rotate crops to reduce pest and disease pressure.",wheat,general
Which soil types are most suitable for cultivating banana?,"Soil advice: Soil appears alkaline (pH 7.5+). Recommended N-P-K levels: N=medium, P=high, K=high. Add organic matter and consider liming if acidic. Perform a soil test for exact fertilizer recommendations; use compost to improve organic matter. Tip: Test soil every 2-3 years and follow recommended fertilizer programs.",banana,soil
What are the symptoms of nutrient deficiency in cotton and how to address them?,"For Cotton: Follow certified seed, appropriate plant spacing, monitor for pests, and conduct soil tests. Apply balanced fertilizer based on soil test results and follow recommended irrigation schedules for the crop. Tip: Apply compost or well-rotted manure annually to improve soil structure.",cotton,general
What are effective organic practices for growing rice?,"Soil advice: Soil appears neutral (pH 6.5-7.5). Recommended N-P-K levels: N=high, P=high, K=medium. Add organic matter and consider liming if acidic. Perform a soil test for exact fertilizer recommendations; use compost to improve organic matter. Tip: Use certified seed and treat seeds where appropriate to reduce seed-borne diseases.",rice,soil
How do I prune or train maize plants (where applicable)?,"For Maize: Follow certified seed, appropriate plant spacing, monitor for pests, and conduct soil tests. Apply balanced fertilizer based on soil test results and follow recommended irrigation schedules for the crop. Tip: Apply compost or well-rotted manure annually to improve soil structure.",maize,general
How to manage salinity or alkalinity issues when growing garlic?,"For Garlic: Follow certified seed, appropriate plant spacing, monitor for pests, and conduct soil tests. Apply balanced fertilizer based on soil test results and follow recommended irrigation schedules for the crop. Tip: Rotate crops to reduce pest and disease pressure.",garlic,general
What are recommended spacing and plant density for potato?,"For Potato: Follow certified seed, appropriate plant spacing, monitor for pests, and conduct soil tests. Apply balanced fertilizer based on soil test results and follow recommended irrigation schedules for the crop. Tip: Use certified seed and treat seeds where appropriate to reduce seed-borne diseases.",potato,general
What are export quality standards for garlic and packaging tips?,"For Garlic: Follow certified seed, appropriate plant spacing, monitor for pests, and conduct soil tests. Apply balanced fertilizer based on soil test results and follow recommended irrigation schedules for the crop. Tip: Apply compost or well-rotted manure annually to improve soil structure.",garlic,general
What are recommended planting depths and sowing rates for soybean?,"For Soybean: Follow certified seed, appropriate plant spacing, monitor for pests, and conduct soil tests. Apply balanced fertilizer based on soil test results and follow recommended irrigation schedules for the crop. Tip: Monitor fields weekly during critical growth stages for early pest detection.",soybean,general
How can I improve seed germination rates for potato?,"For Potato: Follow certified seed, appropriate plant spacing, monitor for pests, and conduct soil tests. Apply balanced fertilizer based on soil test results and follow recommended irrigation schedules for the crop. Tip: Apply compost or well-rotted manure annually to improve soil structure.",potato,general
How can I improve seed germination rates for soybean?,"For Soybean: Follow certified seed, appropriate plant spacing, monitor for pests, and conduct soil tests. Apply balanced fertilizer based on soil test results and follow recommended irrigation schedules for the crop. Tip: Rotate crops to reduce pest and disease pressure.",soybean,general
How do I select disease-resistant cotton varieties for my area?,"Pest/Disease guidance: Inspect plants for symptoms (spots, wilting, yellowing). Use integrated pest management (IPM): crop rotation, resistant varieties, targeted biocontrols, and correct pesticide application. If unsure, collect a sample and consult local extension services. Tip: Apply compost or well-rotted manure annually to improve soil structure.",cotton,pest/disease
What are recommended spacing and plant density for rice?,"For Rice: Follow certified seed, appropriate plant spacing, monitor for pests, and conduct soil tests. Apply balanced fertilizer based on soil test results and follow recommended irrigation schedules for the crop. Tip: Apply compost or well-rotted manure annually to improve soil structure.",rice,general
What are recommended storage temperatures and humidity for garlic?,"Post-harvest: Harvest at physiological maturity, dry to safe moisture content, and store in a cool, dry place to avoid pests. Use proper packaging and consider value-added processing to increase shelf life. Tip: Rotate crops to reduce pest and disease pressure.",garlic,post-harvest
What are recommended spacing and plant density for soybean?,"For Soybean: Follow certified seed, appropriate plant spacing, monitor for pests, and conduct soil tests. Apply balanced fertilizer based on soil test results and follow recommended irrigation schedules for the crop. Tip: Monitor fields weekly during critical growth stages for early pest detection.",soybean,general
What are the best practices for integrated nutrient management for potato?,"For Potato: Follow certified seed, appropriate plant spacing, monitor for pests, and conduct soil tests. Apply balanced fertilizer based on soil test results and follow recommended irrigation schedules for the crop. Tip: Test soil every 2-3 years and follow recommended fertilizer programs.",potato,general
How can I test soil fertility for growing tomato?,"Soil advice: Soil appears neutral (pH 6.5-7.5). Recommended N-P-K levels: N=high, P=medium, K=high. Add organic matter and consider liming if acidic. Perform a soil test for exact fertilizer recommendations; use compost to improve organic matter. Tip: Monitor fields weekly during critical growth stages for early pest detection.",tomato,soil
What are recommended spacing and plant density for cotton?,"For Cotton: Follow certified seed, appropriate plant spacing, monitor for pests, and conduct soil tests. Apply balanced fertilizer based on soil test results and follow recommended irrigation schedules for the crop. Tip: Rotate crops to reduce pest and disease pressure.",cotton,general
What mechanization options are suitable for tomato on medium farms?,"For Tomato: Follow certified seed, appropriate plant spacing, monitor for pests, and conduct soil tests. Apply balanced fertilizer based on soil test results and follow recommended irrigation schedules for the crop. Tip: Rotate crops to reduce pest and disease pressure.",tomato,general
How can precision farming technologies benefit onion cultivation?,"For Onion: Follow certified seed, appropriate plant spacing, monitor for pests, and conduct soil tests. Apply balanced fertilizer based on soil test results and follow recommended irrigation schedules for the crop. Tip: Apply compost or well-rotted manure annually to improve soil structure.",onion,general
How can I test soil fertility for growing soybean?,"Soil advice: Soil appears alkaline (pH 7.5+). Recommended N-P-K levels: N=medium, P=low, K=high. Add organic matter and consider liming if acidic. Perform a soil test for exact fertilizer recommendations; use compost to improve organic matter. Tip: Monitor fields weekly during critical growth stages for early pest detection.",soybean,soil
How to build a simple storage facility to store soybean after harvest?,"Post-harvest: Harvest at physiological maturity, dry to safe moisture content, and store in a cool, dry place to avoid pests. Use proper packaging and consider value-added processing to increase shelf life. Tip: Rotate crops to reduce pest and disease pressure.",soybean,post-harvest
How can I monitor soybean health using drones or remote sensing?,"For Soybean: Follow certified seed, appropriate plant spacing, monitor for pests, and conduct soil tests. Apply balanced fertilizer based on soil test results and follow recommended irrigation schedules for the crop. Tip: Apply compost or well-rotted manure annually to improve soil structure.",soybean,general
How to manage irrigation scheduling for maize during drought?,"Irrigation guidance: Water based on crop stage—establishment, vegetative growth, and reproductive stages need careful scheduling. Avoid waterlogging; use mulch to conserve moisture and consider drip irrigation for efficiency. Tip: Apply compost or well-rotted manure annually to improve soil structure.",maize,irrigation
What are recommended storage temperatures and humidity for rice?,"Post-harvest: Harvest at physiological maturity, dry to safe moisture content, and store in a cool, dry place to avoid pests. Use proper packaging and consider value-added processing to increase shelf life. Tip: Rotate crops to reduce pest and disease pressure.",rice,post-harvest
What are post-harvest storage best practices for cotton?,"Post-harvest: Harvest at physiological maturity, dry to safe moisture content, and store in a cool, dry place to avoid pests. Use proper packaging and consider value-added processing to increase shelf life. Tip: Apply compost or well-rotted manure annually to improve soil structure.",cotton,post-harvest
What are the best practices for integrated nutrient management for rice?,"For Rice: Follow certified seed, appropriate plant spacing, monitor for pests, and conduct soil tests. Apply balanced fertilizer based on soil test results and follow recommended irrigation schedules for the crop. Tip: Monitor fields weekly during critical growth stages for early pest detection.",rice,general
How can I test soil fertility for growing garlic?,"Soil advice: Soil appears alkaline (pH 7.5+). Recommended N-P-K levels: N=low, P=low, K=high. Add organic matter and consider liming if acidic. Perform a soil test for exact fertilizer recommendations; use compost to improve organic matter. Tip: Use certified seed and treat seeds where appropriate to reduce seed-borne diseases.",garlic,soil
How can I use compost and organic amendments for soybean production?,"Soil advice: Soil appears neutral (pH 6.5-7.5). Recommended N-P-K levels: N=low, P=medium, K=medium. Add organic matter and consider liming if acidic. Perform a soil test for exact fertilizer recommendations; use compost to improve organic matter. Tip: Use certified seed and treat seeds where appropriate to reduce seed-borne diseases.",soybean,soil
How to build a simple storage facility to store wheat after harvest?,"Post-harvest: Harvest at physiological maturity, dry to safe moisture content, and store in a cool, dry place to avoid pests. Use proper packaging and consider value-added processing to increase shelf life. Tip: Test soil every 2-3 years and follow recommended fertilizer programs.",wheat,post-harvest
What mechanization options are suitable for soybean on medium farms?,"For Soybean: Follow certified seed, appropriate plant spacing, monitor for pests, and conduct soil tests. Apply balanced fertilizer based on soil test results and follow recommended irrigation schedules for the crop. Tip: Use certified seed and treat seeds where appropriate to reduce seed-borne diseases.",soybean,general
How do I determine the optimal planting time for maize in my region?,"For Maize: Follow certified seed, appropriate plant spacing, monitor for pests, and conduct soil tests. Apply balanced fertilizer based on soil test results and follow recommended irrigation schedules for the crop. Tip: Rotate crops to reduce pest and disease pressure.",maize,general
What are effective organic practices for growing tomato?,"Soil advice: Soil appears acidic (pH 5.5-6.5). Recommended N-P-K levels: N=low, P=low, K=medium. Add organic matter and consider liming if acidic. Perform a soil test for exact fertilizer recommendations; use compost to improve organic matter. Tip: Test soil every 2-3 years and follow recommended fertilizer programs.",tomato,soil
What are the best practices for integrated nutrient management for wheat?,"For Wheat: Follow certified seed, appropriate plant spacing, monitor for pests, and conduct soil tests. Apply balanced fertilizer based on soil test results and follow recommended irrigation schedules for the crop. Tip: Test soil every 2-3 years and follow recommended fertilizer programs.",wheat,general
How do I prune or train banana plants (where applicable)?,"For Banana: Follow certified seed, appropriate plant spacing, monitor for pests, and conduct soil tests. Apply balanced fertilizer based on soil test results and follow recommended irrigation schedules for the crop. Tip: Use certified seed and treat seeds where appropriate to reduce seed-borne diseases.",banana,general
What are recommended storage temperatures and humidity for maize?,"Post-harvest: Harvest at physiological maturity, dry to safe moisture content, and store in a cool, dry place to avoid pests. Use proper packaging and consider value-added processing to increase shelf life. Tip: Test soil every 2-3 years and follow recommended fertilizer programs.",maize,post-harvest
How can I use compost and organic amendments for wheat production?,"Soil advice: Soil appears acidic (pH 5.5-6.5). Recommended N-P-K levels: N=high, P=high, K=medium. Add organic matter and consider liming if acidic. Perform a soil test for exact fertilizer recommendations; use compost to improve organic matter. Tip: Test soil every 2-3 years and follow recommended fertilizer programs.",wheat,soil
How can I test soil fertility for growing potato?,"Soil advice: Soil appears alkaline (pH 7.5+). Recommended N-P-K levels: N=low, P=medium, K=high. Add organic matter and consider liming if acidic. Perform a soil test for exact fertilizer recommendations; use compost to improve organic matter. Tip: Monitor fields weekly during critical growth stages for early pest detection.",potato,soil
How do I manage weeds in potato fields effectively?,"Pest/Disease guidance: Inspect plants for symptoms (spots, wilting, yellowing). Use integrated pest management (IPM): crop rotation, resistant varieties, targeted biocontrols, and correct pesticide application. If unsure, collect a sample and consult local extension services. Tip: Monitor fields weekly during critical growth stages for early pest detection.",potato,pest/disease
What fertilizer program should I follow for a healthy tomato crop?,"For Tomato: Follow certified seed, appropriate plant spacing, monitor for pests, and conduct soil tests. Apply balanced fertilizer based on soil test results and follow recommended irrigation schedules for the crop. Tip: Monitor fields weekly during critical growth stages for early pest detection.",tomato,general
What are best practices for seed treatment and nursery management of wheat?,"For Wheat: Follow certified seed, appropriate plant spacing, monitor for pests, and conduct soil tests. Apply balanced fertilizer based on soil test results and follow recommended irrigation schedules for the crop. Tip: Use certified seed and treat seeds where appropriate to reduce seed-borne diseases.",wheat,general
How can I improve seed germination rates for rice?,"For Rice: Follow certified seed, appropriate plant spacing, monitor for pests, and conduct soil tests. Apply balanced fertilizer based on soil test results and follow recommended irrigation schedules for the crop. Tip: Use certified seed and treat seeds where appropriate to reduce seed-borne diseases.",rice,general
Which soil types are most suitable for cultivating soybean?,"Soil advice: Soil appears acidic (pH 5.5-6.5). Recommended N-P-K levels: N=medium, P=low, K=high. Add organic matter and consider liming if acidic. Perform a soil test for exact fertilizer recommendations; use compost to improve organic matter. Tip: Apply compost or well-rotted manure annually to improve soil structure.",soybean,soil
What are signs of viral infection in soybean and control measures?,"For Soybean: Follow certified seed, appropriate plant spacing, monitor for pests, and conduct soil tests. Apply balanced fertilizer based on soil test results and follow recommended irrigation schedules for the crop. Tip: Test soil every 2-3 years and follow recommended fertilizer programs.",soybean,general
What are the best practices for integrated nutrient management for garlic?,"For Garlic: Follow certified seed, appropriate plant spacing, monitor for pests, and conduct soil tests. Apply balanced fertilizer based on soil test results and follow recommended irrigation schedules for the crop. Tip: Rotate crops to reduce pest and disease pressure.",garlic,general
What harvesting indicators show that cotton is ready to harvest?,"Post-harvest: Harvest at physiological maturity, dry to safe moisture content, and store in a cool, dry place to avoid pests. Use proper packaging and consider value-added processing to increase shelf life. Tip: Apply compost or well-rotted manure annually to improve soil structure.",cotton,post-harvest
What are the best practices for integrated nutrient management for tomato?,"For Tomato: Follow certified seed, appropriate plant spacing, monitor for pests, and conduct soil tests. Apply balanced fertilizer based on soil test results and follow recommended irrigation schedules for the crop. Tip: Test soil every 2-3 years and follow recommended fertilizer programs.",tomato,general
What fertilizer program should I follow for a healthy potato crop?,"For Potato: Follow certified seed, appropriate plant spacing, monitor for pests, and conduct soil tests. Apply balanced fertilizer based on soil test results and follow recommended irrigation schedules for the crop. Tip: Apply compost or well-rotted manure annually to improve soil structure.",potato,general
How to reduce fertilizer runoff from cotton fields and protect water quality?,"Irrigation guidance: Water based on crop stage—establishment, vegetative growth, and reproductive stages need careful scheduling. Avoid waterlogging; use mulch to conserve moisture and consider drip irrigation for efficiency. Tip: Monitor fields weekly during critical growth stages for early pest detection.",cotton,irrigation
How can I improve seed germination rates for tomato?,"For Tomato: Follow certified seed, appropriate plant spacing, monitor for pests, and conduct soil tests. Apply balanced fertilizer based on soil test results and follow recommended irrigation schedules for the crop. Tip: Use certified seed and treat seeds where appropriate to reduce seed-borne diseases.",tomato,general
What are post-harvest storage best practices for maize?,"Post-harvest: Harvest at physiological maturity, dry to safe moisture content, and store in a cool, dry place to avoid pests. Use proper packaging and consider value-added processing to increase shelf life. Tip: Use certified seed and treat seeds where appropriate to reduce seed-borne diseases.",maize,post-harvest
What fertilizer program should I follow for a healthy soybean crop?,"For Soybean: Follow certified seed, appropriate plant spacing, monitor for pests, and conduct soil tests. Apply balanced fertilizer based on soil test results and follow recommended irrigation schedules for the crop. Tip: Monitor fields weekly during critical growth stages for early pest detection.",soybean,general
How to manage irrigation scheduling for potato during drought?,"Irrigation guidance: Water based on crop stage—establishment, vegetative growth, and reproductive stages need careful scheduling. Avoid waterlogging; use mulch to conserve moisture and consider drip irrigation for efficiency. Tip: Test soil every 2-3 years and follow recommended fertilizer programs.",potato,irrigation
How can I monitor rice health using drones or remote sensing?,"For Rice: Follow certified seed, appropriate plant spacing, monitor for pests, and conduct soil tests. Apply balanced fertilizer based on soil test results and follow recommended irrigation schedules for the crop. Tip: Apply compost or well-rotted manure annually to improve soil structure.",rice,general
Which soil types are most suitable for cultivating rice?,"Soil advice: Soil appears alkaline (pH 7.5+). Recommended N-P-K levels: N=high, P=medium, K=medium. Add organic matter and consider liming if acidic. Perform a soil test for exact fertilizer recommendations; use compost to improve organic matter. Tip: Test soil every 2-3 years and follow recommended fertilizer programs.",rice,soil
How to build a simple storage facility to store garlic after harvest?,"Post-harvest: Harvest at physiological maturity, dry to safe moisture content, and store in a cool, dry place to avoid pests. Use proper packaging and consider value-added processing to increase shelf life. Tip: Rotate crops to reduce pest and disease pressure.",garlic,post-harvest
What fertilizer program should I follow for a healthy garlic crop?,"For Garlic: Follow certified seed, appropriate plant spacing, monitor for pests, and conduct soil tests. Apply balanced fertilizer based on soil test results and follow recommended irrigation schedules for the crop. Tip: Test soil every 2-3 years and follow recommended fertilizer programs.",garlic,general
How can precision farming technologies benefit rice cultivation?,"For Rice: Follow certified seed, appropriate plant spacing, monitor for pests, and conduct soil tests. Apply balanced fertilizer based on soil test results and follow recommended irrigation schedules for the crop. Tip: Use certified seed and treat seeds where appropriate to reduce seed-borne diseases.",rice,general
What are common post-harvest pests affecting potato and how to prevent them?,"Pest/Disease guidance: Inspect plants for symptoms (spots, wilting, yellowing). Use integrated pest management (IPM): crop rotation, resistant varieties, targeted biocontrols, and correct pesticide application. If unsure, collect a sample and consult local extension services. Tip: Apply compost or well-rotted manure annually to improve soil structure.",potato,pest/disease
How do I determine the optimal planting time for soybean in my region?,"For Soybean: Follow certified seed, appropriate plant spacing, monitor for pests, and conduct soil tests. Apply balanced fertilizer based on soil test results and follow recommended irrigation schedules for the crop. Tip: Apply compost or well-rotted manure annually to improve soil structure.",soybean,general
What are recommended storage temperatures and humidity for soybean?,"Post-harvest: Harvest at physiological maturity, dry to safe moisture content, and store in a cool, dry place to avoid pests. Use proper packaging and consider value-added processing to increase shelf life. Tip: Apply compost or well-rotted manure annually to improve soil structure.",soybean,post-harvest
What are effective organic practices for growing maize?,"Soil advice: Soil appears acidic (pH 5.5-6.5). Recommended N-P-K levels: N=medium, P=medium, K=high. Add organic matter and consider liming if acidic. Perform a soil test for exact fertilizer recommendations; use compost to improve organic matter. Tip: Apply compost or well-rotted manure annually to improve soil structure.",maize,soil
What are recommended storage temperatures and humidity for cotton?,"Post-harvest: Harvest at physiological maturity, dry to safe moisture content, and store in a cool, dry place to avoid pests. Use proper packaging and consider value-added processing to increase shelf life. Tip: Monitor fields weekly during critical growth stages for early pest detection.",cotton,post-harvest
What fertilizer program should I follow for a healthy cotton crop?,"For Cotton: Follow certified seed, appropriate plant spacing, monitor for pests, and conduct soil tests. Apply balanced fertilizer based on soil test results and follow recommended irrigation schedules for the crop. Tip: Rotate crops to reduce pest and disease pressure.",cotton,general
What are effective organic practices for growing garlic?,"Soil advice: Soil appears neutral (pH 6.5-7.5). Recommended N-P-K levels: N=low, P=medium, K=low. Add organic matter and consider liming if acidic. Perform a soil test for exact fertilizer recommendations; use compost to improve organic matter. Tip: Use certified seed and treat seeds where appropriate to reduce seed-borne diseases.",garlic,soil
How to control bacterial diseases in potato crops?,"Pest/Disease guidance: Inspect plants for symptoms (spots, wilting, yellowing). Use integrated pest management (IPM): crop rotation, resistant varieties, targeted biocontrols, and correct pesticide application. If unsure, collect a sample and consult local extension services. Tip: Rotate crops to reduce pest and disease pressure.",potato,pest/disease
What are recommended planting depths and sowing rates for tomato?,"For Tomato: Follow certified seed, appropriate plant spacing, monitor for pests, and conduct soil tests. Apply balanced fertilizer based on soil test results and follow recommended irrigation schedules for the crop. Tip: Rotate crops to reduce pest and disease pressure.",tomato,general
How to manage salinity or alkalinity issues when growing tomato?,"For Tomato: Follow certified seed, appropriate plant spacing, monitor for pests, and conduct soil tests. Apply balanced fertilizer based on soil test results and follow recommended irrigation schedules for the crop. Tip: Monitor fields weekly during critical growth stages for early pest detection.",tomato,general
What are the best seed varieties of tomato for high yield and disease resistance?,"Pest/Disease guidance: Inspect plants for symptoms (spots, wilting, yellowing). Use integrated pest management (IPM): crop rotation, resistant varieties, targeted biocontrols, and correct pesticide application. If unsure, collect a sample and consult local extension services. Tip: Monitor fields weekly during critical growth stages for early pest detection.",tomato,pest/disease
What are the symptoms of nutrient deficiency in maize and how to address them?,"For Maize: Follow certified seed, appropriate plant spacing, monitor for pests, and conduct soil tests. Apply balanced fertilizer based on soil test results and follow recommended irrigation schedules for the crop. Tip: Test soil every 2-3 years and follow recommended fertilizer programs.",maize,general
How to reduce fertilizer runoff from wheat fields and protect water quality?,"Irrigation guidance: Water based on crop stage—establishment, vegetative growth, and reproductive stages need careful scheduling. Avoid waterlogging; use mulch to conserve moisture and consider drip irrigation for efficiency. Tip: Monitor fields weekly during critical growth stages for early pest detection.",wheat,irrigation
How to manage salinity or alkalinity issues when growing soybean?,"For Soybean: Follow certified seed, appropriate plant spacing, monitor for pests, and conduct soil tests. Apply balanced fertilizer based on soil test results and follow recommended irrigation schedules for the crop. Tip: Use certified seed and treat seeds where appropriate to reduce seed-borne diseases.",soybean,general
What are recommended planting depths and sowing rates for rice?,"For Rice: Follow certified seed, appropriate plant spacing, monitor for pests, and conduct soil tests. Apply balanced fertilizer based on soil test results and follow recommended irrigation schedules for the crop. Tip: Monitor fields weekly during critical growth stages for early pest detection.",rice,general
How can I test soil fertility for growing wheat?,"Soil advice: Soil appears alkaline (pH 7.5+). Recommended N-P-K levels: N=low, P=high, K=high. Add organic matter and consider liming if acidic. Perform a soil test for exact fertilizer recommendations; use compost to improve organic matter. Tip: Monitor fields weekly during critical growth stages for early pest detection.",wheat,soil
How can I increase potato yield on smallholder farms?,"Post-harvest: Harvest at physiological maturity, dry to safe moisture content, and store in a cool, dry place to avoid pests. Use proper packaging and consider value-added processing to increase shelf life. Tip: Apply compost or well-rotted manure annually to improve soil structure.",potato,post-harvest
What fertilizer program should I follow for a healthy maize crop?,"For Maize: Follow certified seed, appropriate plant spacing, monitor for pests, and conduct soil tests. Apply balanced fertilizer based on soil test results and follow recommended irrigation schedules for the crop. Tip: Apply compost or well-rotted manure annually to improve soil structure.",maize,general
How do I prepare a soil bed for transplanting maize seedlings?,"Soil advice: Soil appears alkaline (pH 7.5+). Recommended N-P-K levels: N=medium, P=medium, K=high. Add organic matter and consider liming if acidic. Perform a soil test for exact fertilizer recommendations; use compost to improve organic matter. Tip: Test soil every 2-3 years and follow recommended fertilizer programs.",maize,soil
What are the symptoms of nutrient deficiency in tomato and how to address them?,"For Tomato: Follow certified seed, appropriate plant spacing, monitor for pests, and conduct soil tests. Apply balanced fertilizer based on soil test results and follow recommended irrigation schedules for the crop. Tip: Apply compost or well-rotted manure annually to improve soil structure.",tomato,general
How do I manage weeds in maize fields effectively?,"Pest/Disease guidance: Inspect plants for symptoms (spots, wilting, yellowing). Use integrated pest management (IPM): crop rotation, resistant varieties, targeted biocontrols, and correct pesticide application. If unsure, collect a sample and consult local extension services. Tip: Monitor fields weekly during critical growth stages for early pest detection.",maize,pest/disease
What cover crops complement potato in rotation to improve soil health?,"Soil advice: Soil appears acidic (pH 5.5-6.5). Recommended N-P-K levels: N=high, P=low, K=medium. Add organic matter and consider liming if acidic. Perform a soil test for exact fertilizer recommendations; use compost to improve organic matter. Tip: Monitor fields weekly during critical growth stages for early pest detection.",potato,soil
What are the common pests of onion and how to control them?,"Pest/Disease guidance: Inspect plants for symptoms (spots, wilting, yellowing). Use integrated pest management (IPM): crop rotation, resistant varieties, targeted biocontrols, and correct pesticide application. If unsure, collect a sample and consult local extension services. Tip: Use certified seed and treat seeds where appropriate to reduce seed-borne diseases.",onion,pest/disease
How do I prepare a soil bed for transplanting garlic seedlings?,"Soil advice: Soil appears neutral (pH 6.5-7.5). Recommended N-P-K levels: N=low, P=low, K=high. Add organic matter and consider liming if acidic. Perform a soil test for exact fertilizer recommendations; use compost to improve organic matter. Tip: Test soil every 2-3 years and follow recommended fertilizer programs.",garlic,soil
What integrated pest management (IPM) strategies work well for wheat?,"Pest/Disease guidance: Inspect plants for symptoms (spots, wilting, yellowing). Use integrated pest management (IPM): crop rotation, resistant varieties, targeted biocontrols, and correct pesticide application. If unsure, collect a sample and consult local extension services. Tip: Test soil every 2-3 years and follow recommended fertilizer programs.",wheat,pest/disease
How to build a simple storage facility to store rice after harvest?,"Post-harvest: Harvest at physiological maturity, dry to safe moisture content, and store in a cool, dry place to avoid pests. Use proper packaging and consider value-added processing to increase shelf life. Tip: Test soil every 2-3 years and follow recommended fertilizer programs.",rice,post-harvest
How can I improve seed germination rates for onion?,"For Onion: Follow certified seed, appropriate plant spacing, monitor for pests, and conduct soil tests. Apply balanced fertilizer based on soil test results and follow recommended irrigation schedules for the crop. Tip: Monitor fields weekly during critical growth stages for early pest detection.",onion,general
What are profitable value-added products from onion processing?,"For Onion: Follow certified seed, appropriate plant spacing, monitor for pests, and conduct soil tests. Apply balanced fertilizer based on soil test results and follow recommended irrigation schedules for the crop. Tip: Use certified seed and treat seeds where appropriate to reduce seed-borne diseases.",onion,general
What are post-harvest storage best practices for garlic?,"Post-harvest: Harvest at physiological maturity, dry to safe moisture content, and store in a cool, dry place to avoid pests. Use proper packaging and consider value-added processing to increase shelf life. Tip: Test soil every 2-3 years and follow recommended fertilizer programs.",garlic,post-harvest
What are profitable value-added products from maize processing?,"For Maize: Follow certified seed, appropriate plant spacing, monitor for pests, and conduct soil tests. Apply balanced fertilizer based on soil test results and follow recommended irrigation schedules for the crop. Tip: Use certified seed and treat seeds where appropriate to reduce seed-borne diseases.",maize,general
How do I prepare a soil bed for transplanting onion seedlings?,"Soil advice: Soil appears neutral (pH 6.5-7.5). Recommended N-P-K levels: N=high, P=high, K=low. Add organic matter and consider liming if acidic. Perform a soil test for exact fertilizer recommendations; use compost to improve organic matter. Tip: Test soil every 2-3 years and follow recommended fertilizer programs.",onion,soil
What are signs of viral infection in garlic and control measures?,"For Garlic: Follow certified seed, appropriate plant spacing, monitor for pests, and conduct soil tests. Apply balanced fertilizer based on soil test results and follow recommended irrigation schedules for the crop. Tip: Test soil every 2-3 years and follow recommended fertilizer programs.",garlic,general
What are effective organic practices for growing potato?,"Soil advice: Soil appears neutral (pH 6.5-7.5). Recommended N-P-K levels: N=low, P=low, K=low. Add organic matter and consider liming if acidic. Perform a soil test for exact fertilizer recommendations; use compost to improve organic matter. Tip: Apply compost or well-rotted manure annually to improve soil structure.",potato,soil
How should I irrigate tomato to maximize water efficiency?,"Irrigation guidance: Water based on crop stage—establishment, vegetative growth, and reproductive stages need careful scheduling. Avoid waterlogging; use mulch to conserve moisture and consider drip irrigation for efficiency. Tip: Rotate crops to reduce pest and disease pressure.",tomato,irrigation
What are post-harvest storage best practices for potato?,"Post-harvest: Harvest at physiological maturity, dry to safe moisture content, and store in a cool, dry place to avoid pests. Use proper packaging and consider value-added processing to increase shelf life. Tip: Use certified seed and treat seeds where appropriate to reduce seed-borne diseases.",potato,post-harvest
How can I implement crop rotation with garlic to reduce pests?,"Pest/Disease guidance: Inspect plants for symptoms (spots, wilting, yellowing). Use integrated pest management (IPM): crop rotation, resistant varieties, targeted biocontrols, and correct pesticide application. If unsure, collect a sample and consult local extension services. Tip: Test soil every 2-3 years and follow recommended fertilizer programs.",garlic,pest/disease
What are best practices for seed treatment and nursery management of onion?,"For Onion: Follow certified seed, appropriate plant spacing, monitor for pests, and conduct soil tests. Apply balanced fertilizer based on soil test results and follow recommended irrigation schedules for the crop. Tip: Rotate crops to reduce pest and disease pressure.",onion,general
What are effective organic practices for growing banana?,"Soil advice: Soil appears neutral (pH 6.5-7.5). Recommended N-P-K levels: N=medium, P=high, K=medium. Add organic matter and consider liming if acidic. Perform a soil test for exact fertilizer recommendations; use compost to improve organic matter. Tip: Monitor fields weekly during critical growth stages for early pest detection.",banana,soil
What harvesting indicators show that maize is ready to harvest?,"Post-harvest: Harvest at physiological maturity, dry to safe moisture content, and store in a cool, dry place to avoid pests. Use proper packaging and consider value-added processing to increase shelf life. Tip: Test soil every 2-3 years and follow recommended fertilizer programs.",maize,post-harvest
What fertilizer program should I follow for a healthy wheat crop?,"For Wheat: Follow certified seed, appropriate plant spacing, monitor for pests, and conduct soil tests. Apply balanced fertilizer based on soil test results and follow recommended irrigation schedules for the crop. Tip: Test soil every 2-3 years and follow recommended fertilizer programs.",wheat,general
What are the best practices for integrated nutrient management for soybean?,"For Soybean: Follow certified seed, appropriate plant spacing, monitor for pests, and conduct soil tests. Apply balanced fertilizer based on soil test results and follow recommended irrigation schedules for the crop. Tip: Apply compost or well-rotted manure annually to improve soil structure.",soybean,general
How can precision farming technologies benefit maize cultivation?,"For Maize: Follow certified seed, appropriate plant spacing, monitor for pests, and conduct soil tests. Apply balanced fertilizer based on soil test results and follow recommended irrigation schedules for the crop. Tip: Test soil every 2-3 years and follow recommended fertilizer programs.",maize,general
How can precision farming technologies benefit wheat cultivation?,"For Wheat: Follow certified seed, appropriate plant spacing, monitor for pests, and conduct soil tests. Apply balanced fertilizer based on soil test results and follow recommended irrigation schedules for the crop. Tip: Test soil every 2-3 years and follow recommended fertilizer programs.",wheat,general
How to manage irrigation scheduling for cotton during drought?,"Irrigation guidance: Water based on crop stage—establishment, vegetative growth, and reproductive stages need careful scheduling. Avoid waterlogging; use mulch to conserve moisture and consider drip irrigation for efficiency. Tip: Rotate crops to reduce pest and disease pressure.",cotton,irrigation
How can precision farming technologies benefit potato cultivation?,"For Potato: Follow certified seed, appropriate plant spacing, monitor for pests, and conduct soil tests. Apply balanced fertilizer based on soil test results and follow recommended irrigation schedules for the crop. Tip: Monitor fields weekly during critical growth stages for early pest detection.",potato,general
What harvesting indicators show that potato is ready to harvest?,"Post-harvest: Harvest at physiological maturity, dry to safe moisture content, and store in a cool, dry place to avoid pests. Use proper packaging and consider value-added processing to increase shelf life. Tip: Monitor fields weekly during critical growth stages for early pest detection.",potato,post-harvest
What integrated pest management (IPM) strategies work well for garlic?,"Pest/Disease guidance: Inspect plants for symptoms (spots, wilting, yellowing). Use integrated pest management (IPM): crop rotation, resistant varieties, targeted biocontrols, and correct pesticide application. If unsure, collect a sample and consult local extension services. Tip: Apply compost or well-rotted manure annually to improve soil structure.",garlic,pest/disease
What are best practices for seed treatment and nursery management of tomato?,"For Tomato: Follow certified seed, appropriate plant spacing, monitor for pests, and conduct soil tests. Apply balanced fertilizer based on soil test results and follow recommended irrigation schedules for the crop. Tip: Test soil every 2-3 years and follow recommended fertilizer programs.",tomato,general
What mechanization options are suitable for garlic on medium farms?,"For Garlic: Follow certified seed, appropriate plant spacing, monitor for pests, and conduct soil tests. Apply balanced fertilizer based on soil test results and follow recommended irrigation schedules for the crop. Tip: Rotate crops to reduce pest and disease pressure.",garlic,general
How can I monitor maize health using drones or remote sensing?,"For Maize: Follow certified seed, appropriate plant spacing, monitor for pests, and conduct soil tests. Apply balanced fertilizer based on soil test results and follow recommended irrigation schedules for the crop. Tip: Use certified seed and treat seeds where appropriate to reduce seed-borne diseases.",maize,general
How can I use compost and organic amendments for tomato production?,"Soil advice: Soil appears neutral (pH 6.5-7.5). Recommended N-P-K levels: N=medium, P=high, K=medium. Add organic matter and consider liming if acidic. Perform a soil test for exact fertilizer recommendations; use compost to improve organic matter. Tip: Monitor fields weekly during critical growth stages for early pest detection.",tomato,soil
How can I test soil fertility before planting maize?,"Soil advice: Soil appears neutral (pH 6.5-7.5). Recommended N-P-K levels: N=high, P=high, K=low. Add organic matter and consider liming if acidic. Perform a soil test for exact fertilizer recommendations; use compost to improve organic matter. Tip: Apply compost or well-rotted manure annually to improve soil structure.",maize,soil
How do I determine the optimal planting time for banana in tropical areas?,"For Banana: Follow certified seed, appropriate plant spacing, monitor for pests, and conduct soil tests. Apply balanced fertilizer based on soil test results and follow recommended irrigation schedules for the crop. Tip: Monitor fields weekly during critical growth stages for early pest detection.",banana,general
How can I improve how to establish a nursery for banana seedlings?,"For Banana: Follow certified seed, appropriate plant spacing, monitor for pests, and conduct soil tests. Apply balanced fertilizer based on soil test results and follow recommended irrigation schedules for the crop. Tip: Apply compost or well-rotted manure annually to improve soil structure.",banana,general
What are post-harvest storage best practices for lentil?,"Post-harvest: Harvest at physiological maturity, dry to safe moisture content, and store in a cool, dry place to avoid pests. Use proper packaging and consider value-added processing to increase shelf life. Tip: Monitor fields weekly during critical growth stages for early pest detection.",lentil,post-harvest
How can I improve which soil types are most suitable for cultivating sugarcane?,"Soil advice: Soil appears neutral (pH 6.5-7.5). Recommended N-P-K levels: N=low, P=high, K=high. Add organic matter and consider liming if acidic. Perform a soil test for exact fertilizer recommendations; use compost to improve organic matter. Tip: Test soil every 2-3 years and follow recommended fertilizer programs.",sugarcane,soil
How to establish a nursery for sorghum seedlings?,"For Sorghum: Follow certified seed, appropriate plant spacing, monitor for pests, and conduct soil tests. Apply balanced fertilizer based on soil test results and follow recommended irrigation schedules for the crop. Tip: Test soil every 2-3 years and follow recommended fertilizer programs.",sorghum,general
What are effective organic practices for growing sorghum?,"Soil advice: Soil appears alkaline (pH 7.5+). Recommended N-P-K levels: N=medium, P=low, K=medium. Add organic matter and consider liming if acidic. Perform a soil test for exact fertilizer recommendations; use compost to improve organic matter. Tip: Rotate crops to reduce pest and disease pressure.",sorghum,soil
How do I manage irrigation scheduling for grape during drought?,"Irrigation guidance: Water based on crop stage—establishment, vegetative growth, and reproductive stages need careful scheduling. Avoid waterlogging; use mulch to conserve moisture and consider drip irrigation for efficiency. Tip: Rotate crops to reduce pest and disease pressure.",grape,irrigation
How should I irrigate barley to maximize water efficiency?,"Irrigation guidance: Water based on crop stage—establishment, vegetative growth, and reproductive stages need careful scheduling. Avoid waterlogging; use mulch to conserve moisture and consider drip irrigation for efficiency. Tip: Apply compost or well-rotted manure annually to improve soil structure.",barley,irrigation
How can I improve what are the profitable value-added products from sugarcane processing?,"For Sugarcane: Follow certified seed, appropriate plant spacing, monitor for pests, and conduct soil tests. Apply balanced fertilizer based on soil test results and follow recommended irrigation schedules for the crop. Tip: Monitor fields weekly during critical growth stages for early pest detection.",sugarcane,general
How can I improve how do I diagnose fungal diseases in barley and treat them?,"Pest/Disease guidance: Inspect plants for symptoms (spots, wilting, yellowing). Use integrated pest management (IPM): crop rotation, resistant varieties, targeted biocontrols, and correct pesticide application. If unsure, collect a sample and consult local extension services. Tip: Use certified seed and treat seeds where appropriate to reduce seed-borne diseases.",barley,pest/disease
How can I increase sugarcane yield on smallholder farms?,"Post-harvest: Harvest at physiological maturity, dry to safe moisture content, and store in a cool, dry place to avoid pests. Use proper packaging and consider value-added processing to increase shelf life. Tip: Apply compost or well-rotted manure annually to improve soil structure.",sugarcane,post-harvest
How to manage post-harvest quality and grading for banana?,"Post-harvest: Harvest at physiological maturity, dry to safe moisture content, and store in a cool, dry place to avoid pests. Use proper packaging and consider value-added processing to increase shelf life. Tip: Rotate crops to reduce pest and disease pressure.",banana,post-harvest
What are harvesting indicators that show wheat is ready to harvest?,"Post-harvest: Harvest at physiological maturity, dry to safe moisture content, and store in a cool, dry place to avoid pests. Use proper packaging and consider value-added processing to increase shelf life. Tip: Rotate crops to reduce pest and disease pressure.",wheat,post-harvest
How do I select disease-resistant sorghum varieties for my area?,"Pest/Disease guidance: Inspect plants for symptoms (spots, wilting, yellowing). Use integrated pest management (IPM): crop rotation, resistant varieties, targeted biocontrols, and correct pesticide application. If unsure, collect a sample and consult local extension services. Tip: Rotate crops to reduce pest and disease pressure.",sorghum,pest/disease
What are water-saving irrigation techniques suitable for potato?,"Irrigation guidance: Water based on crop stage—establishment, vegetative growth, and reproductive stages need careful scheduling. Avoid waterlogging; use mulch to conserve moisture and consider drip irrigation for efficiency. Tip: Use certified seed and treat seeds where appropriate to reduce seed-borne diseases.",potato,irrigation
What are early warning signs of pest outbreaks in lentil fields?,"Pest/Disease guidance: Inspect plants for symptoms (spots, wilting, yellowing). Use integrated pest management (IPM): crop rotation, resistant varieties, targeted biocontrols, and correct pesticide application. If unsure, collect a sample and consult local extension services. Tip: Use certified seed and treat seeds where appropriate to reduce seed-borne diseases.",lentil,pest/disease
How do I identify nematode damage in garlic and manage it?,"For Garlic: Follow certified seed, appropriate plant spacing, monitor for pests, and conduct soil tests. Apply balanced fertilizer based on soil test results and follow recommended irrigation schedules for the crop. Tip: Use certified seed and treat seeds where appropriate to reduce seed-borne diseases.",garlic,general
How to manage salinity or alkalinity issues when growing lentil?,"For Lentil: Follow certified seed, appropriate plant spacing, monitor for pests, and conduct soil tests. Apply balanced fertilizer based on soil test results and follow recommended irrigation schedules for the crop. Tip: Monitor fields weekly during critical growth stages for early pest detection.",lentil,general
How can I monitor grape health using drones or remote sensing?,"For Grape: Follow certified seed, appropriate plant spacing, monitor for pests, and conduct soil tests. Apply balanced fertilizer based on soil test results and follow recommended irrigation schedules for the crop. Tip: Apply compost or well-rotted manure annually to improve soil structure.",grape,general
What are common post-harvest pests affecting lentil and how to prevent them?,"Pest/Disease guidance: Inspect plants for symptoms (spots, wilting, yellowing). Use integrated pest management (IPM): crop rotation, resistant varieties, targeted biocontrols, and correct pesticide application. If unsure, collect a sample and consult local extension services. Tip: Rotate crops to reduce pest and disease pressure.",lentil,pest/disease
How to select appropriate fertilizer blends for potato?,"For Potato: Follow certified seed, appropriate plant spacing, monitor for pests, and conduct soil tests. Apply balanced fertilizer based on soil test results and follow recommended irrigation schedules for the crop. Tip: Monitor fields weekly during critical growth stages for early pest detection.",potato,general
How can I improve what fertilizer program should I follow for a healthy pea crop?,"For Pea: Follow certified seed, appropriate plant spacing, monitor for pests, and conduct soil tests. Apply balanced fertilizer based on soil test results and follow recommended irrigation schedules for the crop. Tip: Use certified seed and treat seeds where appropriate to reduce seed-borne diseases.",pea,general
How do I identify nematode damage in grape and manage it?,"For Grape: Follow certified seed, appropriate plant spacing, monitor for pests, and conduct soil tests. Apply balanced fertilizer based on soil test results and follow recommended irrigation schedules for the crop. Tip: Use certified seed and treat seeds where appropriate to reduce seed-borne diseases.",grape,general
What integrated pest management (IPM) strategies work well for grape?,"Pest/Disease guidance: Inspect plants for symptoms (spots, wilting, yellowing). Use integrated pest management (IPM): crop rotation, resistant varieties, targeted biocontrols, and correct pesticide application. If unsure, collect a sample and consult local extension services. Tip: Apply compost or well-rotted manure annually to improve soil structure.",grape,pest/disease
What are the best seed varieties of wheat for high yield and disease resistance in tropical areas?,"Pest/Disease guidance: Inspect plants for symptoms (spots, wilting, yellowing). Use integrated pest management (IPM): crop rotation, resistant varieties, targeted biocontrols, and correct pesticide application. If unsure, collect a sample and consult local extension services. Tip: Monitor fields weekly during critical growth stages for early pest detection.",wheat,pest/disease
What are the common pests of millet and how to control them?,"Pest/Disease guidance: Inspect plants for symptoms (spots, wilting, yellowing). Use integrated pest management (IPM): crop rotation, resistant varieties, targeted biocontrols, and correct pesticide application. If unsure, collect a sample and consult local extension services. Tip: Monitor fields weekly during critical growth stages for early pest detection.",millet,pest/disease
What government schemes support barley farmers and how to apply?,"For Barley: Follow certified seed, appropriate plant spacing, monitor for pests, and conduct soil tests. Apply balanced fertilizer based on soil test results and follow recommended irrigation schedules for the crop. Tip: Apply compost or well-rotted manure annually to improve soil structure.",barley,general
How should I irrigate coffee to maximize water efficiency?,"Irrigation guidance: Water based on crop stage—establishment, vegetative growth, and reproductive stages need careful scheduling. Avoid waterlogging; use mulch to conserve moisture and consider drip irrigation for efficiency. Tip: Apply compost or well-rotted manure annually to improve soil structure.",coffee,irrigation
What are early warning signs of pest outbreaks in millet fields?,"Pest/Disease guidance: Inspect plants for symptoms (spots, wilting, yellowing). Use integrated pest management (IPM): crop rotation, resistant varieties, targeted biocontrols, and correct pesticide application. If unsure, collect a sample and consult local extension services. Tip: Monitor fields weekly during critical growth stages for early pest detection.",millet,pest/disease
What are recommended spacing and plant density for millet?,"For Millet: Follow certified seed, appropriate plant spacing, monitor for pests, and conduct soil tests. Apply balanced fertilizer based on soil test results and follow recommended irrigation schedules for the crop. Tip: Use certified seed and treat seeds where appropriate to reduce seed-borne diseases.",millet,general
How to establish a nursery for potato seedlings?,"For Potato: Follow certified seed, appropriate plant spacing, monitor for pests, and conduct soil tests. Apply balanced fertilizer based on soil test results and follow recommended irrigation schedules for the crop. Tip: Monitor fields weekly during critical growth stages for early pest detection.",potato,general
How do I identify nematode damage in sorghum and manage it?,"For Sorghum: Follow certified seed, appropriate plant spacing, monitor for pests, and conduct soil tests. Apply balanced fertilizer based on soil test results and follow recommended irrigation schedules for the crop. Tip: Use certified seed and treat seeds where appropriate to reduce seed-borne diseases.",sorghum,general
How can I use compost and organic amendments for millet production?,"Soil advice: Soil appears alkaline (pH 7.5+). Recommended N-P-K levels: N=low, P=medium, K=low. Add organic matter and consider liming if acidic. Perform a soil test for exact fertilizer recommendations; use compost to improve organic matter. Tip: Use certified seed and treat seeds where appropriate to reduce seed-borne diseases.",millet,soil
What are early warning signs of pest outbreaks in pulse fields?,"Pest/Disease guidance: Inspect plants for symptoms (spots, wilting, yellowing). Use integrated pest management (IPM): crop rotation, resistant varieties, targeted biocontrols, and correct pesticide application. If unsure, collect a sample and consult local extension services. Tip: Apply compost or well-rotted manure annually to improve soil structure.",pulse,pest/disease
How do I manage irrigation scheduling for wheat during drought?,"Irrigation guidance: Water based on crop stage—establishment, vegetative growth, and reproductive stages need careful scheduling. Avoid waterlogging; use mulch to conserve moisture and consider drip irrigation for efficiency. Tip: Apply compost or well-rotted manure annually to improve soil structure.",wheat,irrigation
How can I improve how to select appropriate fertilizer blends for banana?,"For Banana: Follow certified seed, appropriate plant spacing, monitor for pests, and conduct soil tests. Apply balanced fertilizer based on soil test results and follow recommended irrigation schedules for the crop. Tip: Use certified seed and treat seeds where appropriate to reduce seed-borne diseases.",banana,general
How to manage post-harvest quality and grading for potato?,"Post-harvest: Harvest at physiological maturity, dry to safe moisture content, and store in a cool, dry place to avoid pests. Use proper packaging and consider value-added processing to increase shelf life. Tip: Monitor fields weekly during critical growth stages for early pest detection.",potato,post-harvest
What are common post-harvest pests affecting tea and how to prevent them?,"Pest/Disease guidance: Inspect plants for symptoms (spots, wilting, yellowing). Use integrated pest management (IPM): crop rotation, resistant varieties, targeted biocontrols, and correct pesticide application. If unsure, collect a sample and consult local extension services. Tip: Test soil every 2-3 years and follow recommended fertilizer programs.",tea,pest/disease
How to manage post-harvest quality and grading for rice?,"Post-harvest: Harvest at physiological maturity, dry to safe moisture content, and store in a cool, dry place to avoid pests. Use proper packaging and consider value-added processing to increase shelf life. Tip: Use certified seed and treat seeds where appropriate to reduce seed-borne diseases.",rice,post-harvest
How do I manage weeds in millet fields effectively?,"Pest/Disease guidance: Inspect plants for symptoms (spots, wilting, yellowing). Use integrated pest management (IPM): crop rotation, resistant varieties, targeted biocontrols, and correct pesticide application. If unsure, collect a sample and consult local extension services. Tip: Test soil every 2-3 years and follow recommended fertilizer programs.",millet,pest/disease
What fertilizer program should I follow for a healthy millet crop?,"For Millet: Follow certified seed, appropriate plant spacing, monitor for pests, and conduct soil tests. Apply balanced fertilizer based on soil test results and follow recommended irrigation schedules for the crop. Tip: Rotate crops to reduce pest and disease pressure.",millet,general
How can I improve how can I increase coffee yield on smallholder farms?,"Post-harvest: Harvest at physiological maturity, dry to safe moisture content, and store in a cool, dry place to avoid pests. Use proper packaging and consider value-added processing to increase shelf life. Tip: Apply compost or well-rotted manure annually to improve soil structure.",coffee,post-harvest
What are the best seed varieties of tea for high yield and disease resistance in coastal areas?,"Pest/Disease guidance: Inspect plants for symptoms (spots, wilting, yellowing). Use integrated pest management (IPM): crop rotation, resistant varieties, targeted biocontrols, and correct pesticide application. If unsure, collect a sample and consult local extension services. Tip: Test soil every 2-3 years and follow recommended fertilizer programs.",tea,pest/disease
How can I improve what are the common pests of coffee and how to control them?,"Pest/Disease guidance: Inspect plants for symptoms (spots, wilting, yellowing). Use integrated pest management (IPM): crop rotation, resistant varieties, targeted biocontrols, and correct pesticide application. If unsure, collect a sample and consult local extension services. Tip: Use certified seed and treat seeds where appropriate to reduce seed-borne diseases.",coffee,pest/disease
How to reduce fertilizer runoff from corn fields and protect water quality?,"Irrigation guidance: Water based on crop stage—establishment, vegetative growth, and reproductive stages need careful scheduling. Avoid waterlogging; use mulch to conserve moisture and consider drip irrigation for efficiency. Tip: Test soil every 2-3 years and follow recommended fertilizer programs.",corn,irrigation
How can I monitor barley health using drones or remote sensing?,"For Barley: Follow certified seed, appropriate plant spacing, monitor for pests, and conduct soil tests. Apply balanced fertilizer based on soil test results and follow recommended irrigation schedules for the crop. Tip: Rotate crops to reduce pest and disease pressure.",barley,general
What integrated pest management (IPM) strategies work well for corn?,"Pest/Disease guidance: Inspect plants for symptoms (spots, wilting, yellowing). Use integrated pest management (IPM): crop rotation, resistant varieties, targeted biocontrols, and correct pesticide application. If unsure, collect a sample and consult local extension services. Tip: Apply compost or well-rotted manure annually to improve soil structure.",corn,pest/disease
What government schemes support corn farmers and how to apply?,"For Corn: Follow certified seed, appropriate plant spacing, monitor for pests, and conduct soil tests. Apply balanced fertilizer based on soil test results and follow recommended irrigation schedules for the crop. Tip: Monitor fields weekly during critical growth stages for early pest detection.",corn,general
What are the profitable value-added products from banana processing?,"For Banana: Follow certified seed, appropriate plant spacing, monitor for pests, and conduct soil tests. Apply balanced fertilizer based on soil test results and follow recommended irrigation schedules for the crop. Tip: Monitor fields weekly during critical growth stages for early pest detection.",banana,general
How to select appropriate fertilizer blends for onion?,"For Onion: Follow certified seed, appropriate plant spacing, monitor for pests, and conduct soil tests. Apply balanced fertilizer based on soil test results and follow recommended irrigation schedules for the crop. Tip: Monitor fields weekly during critical growth stages for early pest detection.",onion,general
How can I increase millet yield on smallholder farms?,"Post-harvest: Harvest at physiological maturity, dry to safe moisture content, and store in a cool, dry place to avoid pests. Use proper packaging and consider value-added processing to increase shelf life. Tip: Apply compost or well-rotted manure annually to improve soil structure.",millet,post-harvest
How can I monitor banana health using drones or remote sensing?,"For Banana: Follow certified seed, appropriate plant spacing, monitor for pests, and conduct soil tests. Apply balanced fertilizer based on soil test results and follow recommended irrigation schedules for the crop. Tip: Use certified seed and treat seeds where appropriate to reduce seed-borne diseases.",banana,general
How to perform a quick on-field soil test for banana planting?,"Soil advice: Soil appears alkaline (pH 7.5+). Recommended N-P-K levels: N=medium, P=high, K=medium. Add organic matter and consider liming if acidic. Perform a soil test for exact fertilizer recommendations; use compost to improve organic matter. Tip: Apply compost or well-rotted manure annually to improve soil structure.",banana,soil
How to select appropriate fertilizer blends for sugarcane?,"For Sugarcane: Follow certified seed, appropriate plant spacing, monitor for pests, and conduct soil tests. Apply balanced fertilizer based on soil test results and follow recommended irrigation schedules for the crop. Tip: Test soil every 2-3 years and follow recommended fertilizer programs.",sugarcane,general
How to establish a nursery for banana seedlings?,"For Banana: Follow certified seed, appropriate plant spacing, monitor for pests, and conduct soil tests. Apply balanced fertilizer based on soil test results and follow recommended irrigation schedules for the crop. Tip: Test soil every 2-3 years and follow recommended fertilizer programs.",banana,general
How can I improve how do I prepare a soil bed for transplanting corn seedlings?,"Soil advice: Soil appears alkaline (pH 7.5+). Recommended N-P-K levels: N=high, P=medium, K=high. Add organic matter and consider liming if acidic. Perform a soil test for exact fertilizer recommendations; use compost to improve organic matter. Tip: Rotate crops to reduce pest and disease pressure.",corn,soil
How to manage post-harvest quality and grading for coffee?,"Post-harvest: Harvest at physiological maturity, dry to safe moisture content, and store in a cool, dry place to avoid pests. Use proper packaging and consider value-added processing to increase shelf life. Tip: Use certified seed and treat seeds where appropriate to reduce seed-borne diseases.",coffee,post-harvest
How can I improve how do I determine the optimal planting time for banana in coastal areas?,"For Banana: Follow certified seed, appropriate plant spacing, monitor for pests, and conduct soil tests. Apply balanced fertilizer based on soil test results and follow recommended irrigation schedules for the crop. Tip: Test soil every 2-3 years and follow recommended fertilizer programs.",banana,general
How can I test soil fertility before planting lentil?,"Soil advice: Soil appears acidic (pH 5.5-6.5). Recommended N-P-K levels: N=low, P=high, K=high. Add organic matter and consider liming if acidic. Perform a soil test for exact fertilizer recommendations; use compost to improve organic matter. Tip: Monitor fields weekly during critical growth stages for early pest detection.",lentil,soil
What are the common pests of barley and how to control them?,"Pest/Disease guidance: Inspect plants for symptoms (spots, wilting, yellowing). Use integrated pest management (IPM): crop rotation, resistant varieties, targeted biocontrols, and correct pesticide application. If unsure, collect a sample and consult local extension services. Tip: Apply compost or well-rotted manure annually to improve soil structure.",barley,pest/disease
How can I test soil fertility before planting soybean?,"Soil advice: Soil appears neutral (pH 6.5-7.5). Recommended N-P-K levels: N=medium, P=medium, K=low. Add organic matter and consider liming if acidic. Perform a soil test for exact fertilizer recommendations; use compost to improve organic matter. Tip: Test soil every 2-3 years and follow recommended fertilizer programs.",soybean,soil
What are recommended spacing and plant density for lentil?,"For Lentil: Follow certified seed, appropriate plant spacing, monitor for pests, and conduct soil tests. Apply balanced fertilizer based on soil test results and follow recommended irrigation schedules for the crop. Tip: Apply compost or well-rotted manure annually to improve soil structure.",lentil,general
How to control bacterial diseases in millet crops?,"Pest/Disease guidance: Inspect plants for symptoms (spots, wilting, yellowing). Use integrated pest management (IPM): crop rotation, resistant varieties, targeted biocontrols, and correct pesticide application. If unsure, collect a sample and consult local extension services. Tip: Test soil every 2-3 years and follow recommended fertilizer programs.",millet,pest/disease
How can I test soil fertility before planting potato?,"Soil advice: Soil appears acidic (pH 5.5-6.5). Recommended N-P-K levels: N=high, P=low, K=high. Add organic matter and consider liming if acidic. Perform a soil test for exact fertilizer recommendations; use compost to improve organic matter. Tip: Apply compost or well-rotted manure annually to improve soil structure.",potato,soil
How to establish a nursery for maize seedlings?,"For Maize: Follow certified seed, appropriate plant spacing, monitor for pests, and conduct soil tests. Apply balanced fertilizer based on soil test results and follow recommended irrigation schedules for the crop. Tip: Rotate crops to reduce pest and disease pressure.",maize,general
How to perform a quick on-field soil test for pulse planting?,"Soil advice: Soil appears alkaline (pH 7.5+). Recommended N-P-K levels: N=low, P=high, K=low. Add organic matter and consider liming if acidic. Perform a soil test for exact fertilizer recommendations; use compost to improve organic matter. Tip: Apply compost or well-rotted manure annually to improve soil structure.",pulse,soil
How to manage salinity or alkalinity issues when growing banana?,"For Banana: Follow certified seed, appropriate plant spacing, monitor for pests, and conduct soil tests. Apply balanced fertilizer based on soil test results and follow recommended irrigation schedules for the crop. Tip: Monitor fields weekly during critical growth stages for early pest detection.",banana,general
How can I improve what are harvesting indicators that show apple is ready to harvest?,"Post-harvest: Harvest at physiological maturity, dry to safe moisture content, and store in a cool, dry place to avoid pests. Use proper packaging and consider value-added processing to increase shelf life. Tip: Rotate crops to reduce pest and disease pressure.",apple,post-harvest
How do I prepare a soil bed for transplanting apple seedlings?,"Soil advice: Soil appears neutral (pH 6.5-7.5). Recommended N-P-K levels: N=low, P=low, K=low. Add organic matter and consider liming if acidic. Perform a soil test for exact fertilizer recommendations; use compost to improve organic matter. Tip: Apply compost or well-rotted manure annually to improve soil structure.",apple,soil
How can I test soil fertility before planting cotton?,"Soil advice: Soil appears alkaline (pH 7.5+). Recommended N-P-K levels: N=high, P=medium, K=low. Add organic matter and consider liming if acidic. Perform a soil test for exact fertilizer recommendations; use compost to improve organic matter. Tip: Apply compost or well-rotted manure annually to improve soil structure.",cotton,soil
How to reduce fertilizer runoff from banana fields and protect water quality?,"Irrigation guidance: Water based on crop stage—establishment, vegetative growth, and reproductive stages need careful scheduling. Avoid waterlogging; use mulch to conserve moisture and consider drip irrigation for efficiency. Tip: Apply compost or well-rotted manure annually to improve soil structure.",banana,irrigation
How to perform a quick on-field soil test for onion planting?,"Soil advice: Soil appears neutral (pH 6.5-7.5). Recommended N-P-K levels: N=high, P=medium, K=medium. Add organic matter and consider liming if acidic. Perform a soil test for exact fertilizer recommendations; use compost to improve organic matter. Tip: Test soil every 2-3 years and follow recommended fertilizer programs.",onion,soil
How can I improve what are water-saving irrigation techniques suitable for millet?,"Irrigation guidance: Water based on crop stage—establishment, vegetative growth, and reproductive stages need careful scheduling. Avoid waterlogging; use mulch to conserve moisture and consider drip irrigation for efficiency. Tip: Rotate crops to reduce pest and disease pressure.",millet,irrigation
What are effective organic practices for growing pulse?,"Soil advice: Soil appears neutral (pH 6.5-7.5). Recommended N-P-K levels: N=medium, P=high, K=high. Add organic matter and consider liming if acidic. Perform a soil test for exact fertilizer recommendations; use compost to improve organic matter. Tip: Monitor fields weekly during critical growth stages for early pest detection.",pulse,soil
How to select appropriate fertilizer blends for sorghum?,"For Sorghum: Follow certified seed, appropriate plant spacing, monitor for pests, and conduct soil tests. Apply balanced fertilizer based on soil test results and follow recommended irrigation schedules for the crop. Tip: Monitor fields weekly during critical growth stages for early pest detection.",sorghum,general
How do I manage irrigation scheduling for banana during drought?,"Irrigation guidance: Water based on crop stage—establishment, vegetative growth, and reproductive stages need careful scheduling. Avoid waterlogging; use mulch to conserve moisture and consider drip irrigation for efficiency. Tip: Rotate crops to reduce pest and disease pressure.",banana,irrigation
How to establish a nursery for wheat seedlings?,"For Wheat: Follow certified seed, appropriate plant spacing, monitor for pests, and conduct soil tests. Apply balanced fertilizer based on soil test results and follow recommended irrigation schedules for the crop. Tip: Monitor fields weekly during critical growth stages for early pest detection.",wheat,general
What are recommended spacing and plant density for coffee?,"For Coffee: Follow certified seed, appropriate plant spacing, monitor for pests, and conduct soil tests. Apply balanced fertilizer based on soil test results and follow recommended irrigation schedules for the crop. Tip: Monitor fields weekly during critical growth stages for early pest detection.",coffee,general
How to manage post-harvest quality and grading for millet?,"Post-harvest: Harvest at physiological maturity, dry to safe moisture content, and store in a cool, dry place to avoid pests. Use proper packaging and consider value-added processing to increase shelf life. Tip: Apply compost or well-rotted manure annually to improve soil structure.",millet,post-harvest
What government schemes support apple farmers and how to apply?,"For Apple: Follow certified seed, appropriate plant spacing, monitor for pests, and conduct soil tests. Apply balanced fertilizer based on soil test results and follow recommended irrigation schedules for the crop. Tip: Test soil every 2-3 years and follow recommended fertilizer programs.",apple,general
How can I improve how do I manage weeds in garlic fields effectively?,"Pest/Disease guidance: Inspect plants for symptoms (spots, wilting, yellowing). Use integrated pest management (IPM): crop rotation, resistant varieties, targeted biocontrols, and correct pesticide application. If unsure, collect a sample and consult local extension services. Tip: Monitor fields weekly during critical growth stages for early pest detection.",garlic,pest/disease
How to perform a quick on-field soil test for tomato planting?,"Soil advice: Soil appears acidic (pH 5.5-6.5). Recommended N-P-K levels: N=high, P=low, K=medium. Add organic matter and consider liming if acidic. Perform a soil test for exact fertilizer recommendations; use compost to improve organic matter. Tip: Use certified seed and treat seeds where appropriate to reduce seed-borne diseases.",tomato,soil
What are the profitable value-added products from corn processing?,"For Corn: Follow certified seed, appropriate plant spacing, monitor for pests, and conduct soil tests. Apply balanced fertilizer based on soil test results and follow recommended irrigation schedules for the crop. Tip: Apply compost or well-rotted manure annually to improve soil structure.",corn,general
How to manage salinity or alkalinity issues when growing pea?,"For Pea: Follow certified seed, appropriate plant spacing, monitor for pests, and conduct soil tests. Apply balanced fertilizer based on soil test results and follow recommended irrigation schedules for the crop. Tip: Apply compost or well-rotted manure annually to improve soil structure.",pea,general
How can I improve how to perform a quick on-field soil test for pea planting?,"Soil advice: Soil appears acidic (pH 5.5-6.5). Recommended N-P-K levels: N=low, P=low, K=medium. Add organic matter and consider liming if acidic. Perform a soil test for exact fertilizer recommendations; use compost to improve organic matter. Tip: Test soil every 2-3 years and follow recommended fertilizer programs.",pea,soil
How can I improve how do I manage irrigation scheduling for banana during drought?,"Irrigation guidance: Water based on crop stage—establishment, vegetative growth, and reproductive stages need careful scheduling. Avoid waterlogging; use mulch to conserve moisture and consider drip irrigation for efficiency. Tip: Monitor fields weekly during critical growth stages for early pest detection.",banana,irrigation
How to reduce fertilizer runoff from millet fields and protect water quality?,"Irrigation guidance: Water based on crop stage—establishment, vegetative growth, and reproductive stages need careful scheduling. Avoid waterlogging; use mulch to conserve moisture and consider drip irrigation for efficiency. Tip: Monitor fields weekly during critical growth stages for early pest detection.",millet,irrigation
How to manage post-harvest quality and grading for pulse?,"Post-harvest: Harvest at physiological maturity, dry to safe moisture content, and store in a cool, dry place to avoid pests. Use proper packaging and consider value-added processing to increase shelf life. Tip: Use certified seed and treat seeds where appropriate to reduce seed-borne diseases.",pulse,post-harvest
How can I monitor millet health using drones or remote sensing?,"For Millet: Follow certified seed, appropriate plant spacing, monitor for pests, and conduct soil tests. Apply balanced fertilizer based on soil test results and follow recommended irrigation schedules for the crop. Tip: Monitor fields weekly during critical growth stages for early pest detection.",millet,general
How can I improve how do I manage weeds in pea fields effectively?,"Pest/Disease guidance: Inspect plants for symptoms (spots, wilting, yellowing). Use integrated pest management (IPM): crop rotation, resistant varieties, targeted biocontrols, and correct pesticide application. If unsure, collect a sample and consult local extension services. Tip: Rotate crops to reduce pest and disease pressure.",pea,pest/disease
How to control bacterial diseases in corn crops?,"Pest/Disease guidance: Inspect plants for symptoms (spots, wilting, yellowing). Use integrated pest management (IPM): crop rotation, resistant varieties, targeted biocontrols, and correct pesticide application. If unsure, collect a sample and consult local extension services. Tip: Monitor fields weekly during critical growth stages for early pest detection.",corn,pest/disease
How do I manage irrigation scheduling for apple during drought?,"Irrigation guidance: Water based on crop stage—establishment, vegetative growth, and reproductive stages need careful scheduling. Avoid waterlogging; use mulch to conserve moisture and consider drip irrigation for efficiency. Tip: Monitor fields weekly during critical growth stages for early pest detection.",apple,irrigation
How can I improve what are harvesting indicators that show banana is ready to harvest?,"Post-harvest: Harvest at physiological maturity, dry to safe moisture content, and store in a cool, dry place to avoid pests. Use proper packaging and consider value-added processing to increase shelf life. Tip: Use certified seed and treat seeds where appropriate to reduce seed-borne diseases.",banana,post-harvest
What mechanization options are suitable for grape on medium farms?,"For Grape: Follow certified seed, appropriate plant spacing, monitor for pests, and conduct soil tests. Apply balanced fertilizer based on soil test results and follow recommended irrigation schedules for the crop. Tip: Use certified seed and treat seeds where appropriate to reduce seed-borne diseases.",grape,general
What government schemes support lentil farmers and how to apply?,"For Lentil: Follow certified seed, appropriate plant spacing, monitor for pests, and conduct soil tests. Apply balanced fertilizer based on soil test results and follow recommended irrigation schedules for the crop. Tip: Rotate crops to reduce pest and disease pressure.",lentil,general
How can I improve how should I irrigate millet to maximize water efficiency?,"Irrigation guidance: Water based on crop stage—establishment, vegetative growth, and reproductive stages need careful scheduling. Avoid waterlogging; use mulch to conserve moisture and consider drip irrigation for efficiency. Tip: Monitor fields weekly during critical growth stages for early pest detection.",millet,irrigation
How can I test soil fertility before planting garlic?,"Soil advice: Soil appears neutral (pH 6.5-7.5). Recommended N-P-K levels: N=high, P=medium, K=medium. Add organic matter and consider liming if acidic. Perform a soil test for exact fertilizer recommendations; use compost to improve organic matter. Tip: Rotate crops to reduce pest and disease pressure.",garlic,soil
What are early warning signs of pest outbreaks in sorghum fields?,"Pest/Disease guidance: Inspect plants for symptoms (spots, wilting, yellowing). Use integrated pest management (IPM): crop rotation, resistant varieties, targeted biocontrols, and correct pesticide application. If unsure, collect a sample and consult local extension services. Tip: Apply compost or well-rotted manure annually to improve soil structure.",sorghum,pest/disease
How can I improve how do I determine the optimal planting time for millet in temperate regions?,"For Millet: Follow certified seed, appropriate plant spacing, monitor for pests, and conduct soil tests. Apply balanced fertilizer based on soil test results and follow recommended irrigation schedules for the crop. Tip: Test soil every 2-3 years and follow recommended fertilizer programs.",millet,general
How to build a simple storage facility to store millet after harvest?,"Post-harvest: Harvest at physiological maturity, dry to safe moisture content, and store in a cool, dry place to avoid pests. Use proper packaging and consider value-added processing to increase shelf life. Tip: Use certified seed and treat seeds where appropriate to reduce seed-borne diseases.",millet,post-harvest
What are water-saving irrigation techniques suitable for sugarcane?,"Irrigation guidance: Water based on crop stage—establishment, vegetative growth, and reproductive stages need careful scheduling. Avoid waterlogging; use mulch to conserve moisture and consider drip irrigation for efficiency. Tip: Monitor fields weekly during critical growth stages for early pest detection.",sugarcane,irrigation
How to manage salinity or alkalinity issues when growing coffee?,"For Coffee: Follow certified seed, appropriate plant spacing, monitor for pests, and conduct soil tests. Apply balanced fertilizer based on soil test results and follow recommended irrigation schedules for the crop. Tip: Apply compost or well-rotted manure annually to improve soil structure.",coffee,general
How can I improve what are harvesting indicators that show grape is ready to harvest?,"Post-harvest: Harvest at physiological maturity, dry to safe moisture content, and store in a cool, dry place to avoid pests. Use proper packaging and consider value-added processing to increase shelf life. Tip: Monitor fields weekly during critical growth stages for early pest detection.",grape,post-harvest
What mechanization options are suitable for corn on medium farms?,"For Corn: Follow certified seed, appropriate plant spacing, monitor for pests, and conduct soil tests. Apply balanced fertilizer based on soil test results and follow recommended irrigation schedules for the crop. Tip: Use certified seed and treat seeds where appropriate to reduce seed-borne diseases.",corn,general
How do I prepare a soil bed for transplanting grape seedlings?,"Soil advice: Soil appears alkaline (pH 7.5+). Recommended N-P-K levels: N=low, P=medium, K=low. Add organic matter and consider liming if acidic. Perform a soil test for exact fertilizer recommendations; use compost to improve organic matter. Tip: Monitor fields weekly during critical growth stages for early pest detection.",grape,soil
What are the profitable value-added products from sugarcane processing?,"For Sugarcane: Follow certified seed, appropriate plant spacing, monitor for pests, and conduct soil tests. Apply balanced fertilizer based on soil test results and follow recommended irrigation schedules for the crop. Tip: Rotate crops to reduce pest and disease pressure.",sugarcane,general
How can I improve what cover crops complement corn in rotation to improve soil health?,"Soil advice: Soil appears neutral (pH 6.5-7.5). Recommended N-P-K levels: N=low, P=high, K=medium. Add organic matter and consider liming if acidic. Perform a soil test for exact fertilizer recommendations; use compost to improve organic matter. Tip: Rotate crops to reduce pest and disease pressure.",corn,soil
How to manage post-harvest quality and grading for soybean?,"Post-harvest: Harvest at physiological maturity, dry to safe moisture content, and store in a cool, dry place to avoid pests. Use proper packaging and consider value-added processing to increase shelf life. Tip: Rotate crops to reduce pest and disease pressure.",soybean,post-harvest
How to manage post-harvest quality and grading for sorghum?,"Post-harvest: Harvest at physiological maturity, dry to safe moisture content, and store in a cool, dry place to avoid pests. Use proper packaging and consider value-added processing to increase shelf life. Tip: Monitor fields weekly during critical growth stages for early pest detection.",sorghum,post-harvest
What cover crops complement lentil in rotation to improve soil health?,"Soil advice: Soil appears acidic (pH 5.5-6.5). Recommended N-P-K levels: N=low, P=medium, K=high. Add organic matter and consider liming if acidic. Perform a soil test for exact fertilizer recommendations; use compost to improve organic matter. Tip: Use certified seed and treat seeds where appropriate to reduce seed-borne diseases.",lentil,soil
How do I diagnose fungal diseases in corn and treat them?,"Pest/Disease guidance: Inspect plants for symptoms (spots, wilting, yellowing). Use integrated pest management (IPM): crop rotation, resistant varieties, targeted biocontrols, and correct pesticide application. If unsure, collect a sample and consult local extension services. Tip: Use certified seed and treat seeds where appropriate to reduce seed-borne diseases.",corn,pest/disease
How to perform a quick on-field soil test for rice planting?,"Soil advice: Soil appears acidic (pH 5.5-6.5). Recommended N-P-K levels: N=high, P=low, K=low. Add organic matter and consider liming if acidic. Perform a soil test for exact fertilizer recommendations; use compost to improve organic matter. Tip: Rotate crops to reduce pest and disease pressure.",rice,soil
What are the best seed varieties of soybean for high yield and disease resistance in my region?,"Pest/Disease guidance: Inspect plants for symptoms (spots, wilting, yellowing). Use integrated pest management (IPM): crop rotation, resistant varieties, targeted biocontrols, and correct pesticide application. If unsure, collect a sample and consult local extension services. Tip: Rotate crops to reduce pest and disease pressure.",soybean,pest/disease
How do I manage irrigation scheduling for pea during drought?,"Irrigation guidance: Water based on crop stage—establishment, vegetative growth, and reproductive stages need careful scheduling. Avoid waterlogging; use mulch to conserve moisture and consider drip irrigation for efficiency. Tip: Monitor fields weekly during critical growth stages for early pest detection.",pea,irrigation
What cover crops complement pea in rotation to improve soil health?,"Soil advice: Soil appears alkaline (pH 7.5+). Recommended N-P-K levels: N=high, P=low, K=medium. Add organic matter and consider liming if acidic. Perform a soil test for exact fertilizer recommendations; use compost to improve organic matter. Tip: Rotate crops to reduce pest and disease pressure.",pea,soil
Which soil types are most suitable for cultivating tea?,"Soil advice: Soil appears alkaline (pH 7.5+). Recommended N-P-K levels: N=medium, P=medium, K=medium. Add organic matter and consider liming if acidic. Perform a soil test for exact fertilizer recommendations; use compost to improve organic matter. Tip: Test soil every 2-3 years and follow recommended fertilizer programs.",tea,soil
What are the best seed varieties of wheat for high yield and disease resistance in arid zones?,"Pest/Disease guidance: Inspect plants for symptoms (spots, wilting, yellowing). Use integrated pest management (IPM): crop rotation, resistant varieties, targeted biocontrols, and correct pesticide application. If unsure, collect a sample and consult local extension services. Tip: Rotate crops to reduce pest and disease pressure.",wheat,pest/disease
What government schemes support banana farmers and how to apply?,"For Banana: Follow certified seed, appropriate plant spacing, monitor for pests, and conduct soil tests. Apply balanced fertilizer based on soil test results and follow recommended irrigation schedules for the crop. Tip: Apply compost or well-rotted manure annually to improve soil structure.",banana,general
What are the profitable value-added products from pea processing?,"For Pea: Follow certified seed, appropriate plant spacing, monitor for pests, and conduct soil tests. Apply balanced fertilizer based on soil test results and follow recommended irrigation schedules for the crop. Tip: Rotate crops to reduce pest and disease pressure.",pea,general
What are recommended spacing and plant density for apple?,"For Apple: Follow certified seed, appropriate plant spacing, monitor for pests, and conduct soil tests. Apply balanced fertilizer based on soil test results and follow recommended irrigation schedules for the crop. Tip: Test soil every 2-3 years and follow recommended fertilizer programs.",apple,general
What are recommended planting depths and sowing rates for millet?,"For Millet: Follow certified seed, appropriate plant spacing, monitor for pests, and conduct soil tests. Apply balanced fertilizer based on soil test results and follow recommended irrigation schedules for the crop. Tip: Use certified seed and treat seeds where appropriate to reduce seed-borne diseases.",millet,general
What are common post-harvest pests affecting sorghum and how to prevent them?,"Pest/Disease guidance: Inspect plants for symptoms (spots, wilting, yellowing). Use integrated pest management (IPM): crop rotation, resistant varieties, targeted biocontrols, and correct pesticide application. If unsure, collect a sample and consult local extension services. Tip: Rotate crops to reduce pest and disease pressure.",sorghum,pest/disease
How can I improve what are harvesting indicators that show sugarcane is ready to harvest?,"Post-harvest: Harvest at physiological maturity, dry to safe moisture content, and store in a cool, dry place to avoid pests. Use proper packaging and consider value-added processing to increase shelf life. Tip: Test soil every 2-3 years and follow recommended fertilizer programs.",sugarcane,post-harvest
How do I manage weeds in lentil fields effectively?,"Pest/Disease guidance: Inspect plants for symptoms (spots, wilting, yellowing). Use integrated pest management (IPM): crop rotation, resistant varieties, targeted biocontrols, and correct pesticide application. If unsure, collect a sample and consult local extension services. Tip: Use certified seed and treat seeds where appropriate to reduce seed-borne diseases.",lentil,pest/disease
What are recommended spacing and plant density for sorghum?,"For Sorghum: Follow certified seed, appropriate plant spacing, monitor for pests, and conduct soil tests. Apply balanced fertilizer based on soil test results and follow recommended irrigation schedules for the crop. Tip: Use certified seed and treat seeds where appropriate to reduce seed-borne diseases.",sorghum,general
How can I improve how can I test soil fertility before planting garlic?,"Soil advice: Soil appears alkaline (pH 7.5+). Recommended N-P-K levels: N=medium, P=high, K=low. Add organic matter and consider liming if acidic. Perform a soil test for exact fertilizer recommendations; use compost to improve organic matter. Tip: Use certified seed and treat seeds where appropriate to reduce seed-borne diseases.",garlic,soil
How do I identify nematode damage in potato and manage it?,"For Potato: Follow certified seed, appropriate plant spacing, monitor for pests, and conduct soil tests. Apply balanced fertilizer based on soil test results and follow recommended irrigation schedules for the crop. Tip: Test soil every 2-3 years and follow recommended fertilizer programs.",potato,general
How to build a simple storage facility to store lentil after harvest?,"Post-harvest: Harvest at physiological maturity, dry to safe moisture content, and store in a cool, dry place to avoid pests. Use proper packaging and consider value-added processing to increase shelf life. Tip: Test soil every 2-3 years and follow recommended fertilizer programs.",lentil,post-harvest
How do I prepare a soil bed for transplanting sorghum seedlings?,"Soil advice: Soil appears alkaline (pH 7.5+). Recommended N-P-K levels: N=medium, P=high, K=high. Add organic matter and consider liming if acidic. Perform a soil test for exact fertilizer recommendations; use compost to improve organic matter. Tip: Rotate crops to reduce pest and disease pressure.",sorghum,soil
What mechanization options are suitable for sugarcane on medium farms?,"For Sugarcane: Follow certified seed, appropriate plant spacing, monitor for pests, and conduct soil tests. Apply balanced fertilizer based on soil test results and follow recommended irrigation schedules for the crop. Tip: Use certified seed and treat seeds where appropriate to reduce seed-borne diseases.",sugarcane,general
What fertilizer program should I follow for a healthy barley crop?,"For Barley: Follow certified seed, appropriate plant spacing, monitor for pests, and conduct soil tests. Apply balanced fertilizer based on soil test results and follow recommended irrigation schedules for the crop. Tip: Apply compost or well-rotted manure annually to improve soil structure.",barley,general
How to reduce fertilizer runoff from tea fields and protect water quality?,"Irrigation guidance: Water based on crop stage—establishment, vegetative growth, and reproductive stages need careful scheduling. Avoid waterlogging; use mulch to conserve moisture and consider drip irrigation for efficiency. Tip: Monitor fields weekly during critical growth stages for early pest detection.",tea,irrigation
How can I test soil fertility before planting grape?,"Soil advice: Soil appears alkaline (pH 7.5+). Recommended N-P-K levels: N=high, P=medium, K=medium. Add organic matter and consider liming if acidic. Perform a soil test for exact fertilizer recommendations; use compost to improve organic matter. Tip: Rotate crops to reduce pest and disease pressure.",grape,soil
How do I identify nematode damage in corn and manage it?,"For Corn: Follow certified seed, appropriate plant spacing, monitor for pests, and conduct soil tests. Apply balanced fertilizer based on soil test results and follow recommended irrigation schedules for the crop. Tip: Use certified seed and treat seeds where appropriate to reduce seed-borne diseases.",corn,general
How to select appropriate fertilizer blends for pulse?,"For Pulse: Follow certified seed, appropriate plant spacing, monitor for pests, and conduct soil tests. Apply balanced fertilizer based on soil test results and follow recommended irrigation schedules for the crop. Tip: Use certified seed and treat seeds where appropriate to reduce seed-borne diseases.",pulse,general
How to perform a quick on-field soil test for wheat planting?,"Soil advice: Soil appears alkaline (pH 7.5+). Recommended N-P-K levels: N=low, P=high, K=medium. Add organic matter and consider liming if acidic. Perform a soil test for exact fertilizer recommendations; use compost to improve organic matter. Tip: Monitor fields weekly during critical growth stages for early pest detection.",wheat,soil
How can I improve how do I manage weeds in coffee fields effectively?,"Pest/Disease guidance: Inspect plants for symptoms (spots, wilting, yellowing). Use integrated pest management (IPM): crop rotation, resistant varieties, targeted biocontrols, and correct pesticide application. If unsure, collect a sample and consult local extension services. Tip: Rotate crops to reduce pest and disease pressure.",coffee,pest/disease
What government schemes support tea farmers and how to apply?,"For Tea: Follow certified seed, appropriate plant spacing, monitor for pests, and conduct soil tests. Apply balanced fertilizer based on soil test results and follow recommended irrigation schedules for the crop. Tip: Test soil every 2-3 years and follow recommended fertilizer programs.",tea,general
How do I prepare a soil bed for transplanting pea seedlings?,"Soil advice: Soil appears acidic (pH 5.5-6.5). Recommended N-P-K levels: N=high, P=high, K=low. Add organic matter and consider liming if acidic. Perform a soil test for exact fertilizer recommendations; use compost to improve organic matter. Tip: Use certified seed and treat seeds where appropriate to reduce seed-borne diseases.",pea,soil
Which soil types are most suitable for cultivating sorghum?,"Soil advice: Soil appears neutral (pH 6.5-7.5). Recommended N-P-K levels: N=high, P=high, K=low. Add organic matter and consider liming if acidic. Perform a soil test for exact fertilizer recommendations; use compost to improve organic matter. Tip: Rotate crops to reduce pest and disease pressure.",sorghum,soil
What are water-saving irrigation techniques suitable for sorghum?,"Irrigation guidance: Water based on crop stage—establishment, vegetative growth, and reproductive stages need careful scheduling. Avoid waterlogging; use mulch to conserve moisture and consider drip irrigation for efficiency. Tip: Monitor fields weekly during critical growth stages for early pest detection.",sorghum,irrigation
How to manage salinity or alkalinity issues when growing corn?,"For Corn: Follow certified seed, appropriate plant spacing, monitor for pests, and conduct soil tests. Apply balanced fertilizer based on soil test results and follow recommended irrigation schedules for the crop. Tip: Test soil every 2-3 years and follow recommended fertilizer programs.",corn,general
How can I improve what integrated pest management (IPM) strategies work well for sorghum?,"Pest/Disease guidance: Inspect plants for symptoms (spots, wilting, yellowing). Use integrated pest management (IPM): crop rotation, resistant varieties, targeted biocontrols, and correct pesticide application. If unsure, collect a sample and consult local extension services. Tip: Monitor fields weekly during critical growth stages for early pest detection.",sorghum,pest/disease
What are the common pests of pea and how to control them?,"Pest/Disease guidance: Inspect plants for symptoms (spots, wilting, yellowing). Use integrated pest management (IPM): crop rotation, resistant varieties, targeted biocontrols, and correct pesticide application. If unsure, collect a sample and consult local extension services. Tip: Apply compost or well-rotted manure annually to improve soil structure.",pea,pest/disease
How can I improve how to build a simple storage facility to store sugarcane after harvest?,"Post-harvest: Harvest at physiological maturity, dry to safe moisture content, and store in a cool, dry place to avoid pests. Use proper packaging and consider value-added processing to increase shelf life. Tip: Rotate crops to reduce pest and disease pressure.",sugarcane,post-harvest
What are harvesting indicators that show potato is ready to harvest?,"Post-harvest: Harvest at physiological maturity, dry to safe moisture content, and store in a cool, dry place to avoid pests. Use proper packaging and consider value-added processing to increase shelf life. Tip: Use certified seed and treat seeds where appropriate to reduce seed-borne diseases.",potato,post-harvest
How to select appropriate fertilizer blends for millet?,"For Millet: Follow certified seed, appropriate plant spacing, monitor for pests, and conduct soil tests. Apply balanced fertilizer based on soil test results and follow recommended irrigation schedules for the crop. Tip: Use certified seed and treat seeds where appropriate to reduce seed-borne diseases.",millet,general
Which soil types are most suitable for cultivating millet?,"Soil advice: Soil appears neutral (pH 6.5-7.5). Recommended N-P-K levels: N=low, P=medium, K=medium. Add organic matter and consider liming if acidic. Perform a soil test for exact fertilizer recommendations; use compost to improve organic matter. Tip: Rotate crops to reduce pest and disease pressure.",millet,soil
How do I identify nematode damage in soybean and manage it?,"For Soybean: Follow certified seed, appropriate plant spacing, monitor for pests, and conduct soil tests. Apply balanced fertilizer based on soil test results and follow recommended irrigation schedules for the crop. Tip: Rotate crops to reduce pest and disease pressure.",soybean,general
What mechanization options are suitable for banana on medium farms?,"For Banana: Follow certified seed, appropriate plant spacing, monitor for pests, and conduct soil tests. Apply balanced fertilizer based on soil test results and follow recommended irrigation schedules for the crop. Tip: Use certified seed and treat seeds where appropriate to reduce seed-borne diseases.",banana,general
How can I improve seed germination rates for sugarcane?,"For Sugarcane: Follow certified seed, appropriate plant spacing, monitor for pests, and conduct soil tests. Apply balanced fertilizer based on soil test results and follow recommended irrigation schedules for the crop. Tip: Test soil every 2-3 years and follow recommended fertilizer programs.",sugarcane,general
How can I improve how to manage salinity or alkalinity issues when growing onion?,"For Onion: Follow certified seed, appropriate plant spacing, monitor for pests, and conduct soil tests. Apply balanced fertilizer based on soil test results and follow recommended irrigation schedules for the crop. Tip: Monitor fields weekly during critical growth stages for early pest detection.",onion,general
What are post-harvest storage best practices for sugarcane?,"Post-harvest: Harvest at physiological maturity, dry to safe moisture content, and store in a cool, dry place to avoid pests. Use proper packaging and consider value-added processing to increase shelf life. Tip: Apply compost or well-rotted manure annually to improve soil structure.",sugarcane,post-harvest
How do I manage weeds in grape fields effectively?,"Pest/Disease guidance: Inspect plants for symptoms (spots, wilting, yellowing). Use integrated pest management (IPM): crop rotation, resistant varieties, targeted biocontrols, and correct pesticide application. If unsure, collect a sample and consult local extension services. Tip: Use certified seed and treat seeds where appropriate to reduce seed-borne diseases.",grape,pest/disease
What are recommended planting depths and sowing rates for pea?,"For Pea: Follow certified seed, appropriate plant spacing, monitor for pests, and conduct soil tests. Apply balanced fertilizer based on soil test results and follow recommended irrigation schedules for the crop. Tip: Test soil every 2-3 years and follow recommended fertilizer programs.",pea,general
What are early warning signs of pest outbreaks in wheat fields?,"Pest/Disease guidance: Inspect plants for symptoms (spots, wilting, yellowing). Use integrated pest management (IPM): crop rotation, resistant varieties, targeted biocontrols, and correct pesticide application. If unsure, collect a sample and consult local extension services. Tip: Rotate crops to reduce pest and disease pressure.",wheat,pest/disease
How to perform a quick on-field soil test for barley planting?,"Soil advice: Soil appears alkaline (pH 7.5+). Recommended N-P-K levels: N=high, P=high, K=medium. Add organic matter and consider liming if acidic. Perform a soil test for exact fertilizer recommendations; use compost to improve organic matter. Tip: Apply compost or well-rotted manure annually to improve soil structure.",barley,soil
How can I improve seed germination rates for tea?,"For Tea: Follow certified seed, appropriate plant spacing, monitor for pests, and conduct soil tests. Apply balanced fertilizer based on soil test results and follow recommended irrigation schedules for the crop. Tip: Apply compost or well-rotted manure annually to improve soil structure.",tea,general
What integrated pest management (IPM) strategies work well for millet?,"Pest/Disease guidance: Inspect plants for symptoms (spots, wilting, yellowing). Use integrated pest management (IPM): crop rotation, resistant varieties, targeted biocontrols, and correct pesticide application. If unsure, collect a sample and consult local extension services. Tip: Apply compost or well-rotted manure annually to improve soil structure.",millet,pest/disease
How can I monitor pea health using drones or remote sensing?,"For Pea: Follow certified seed, appropriate plant spacing, monitor for pests, and conduct soil tests. Apply balanced fertilizer based on soil test results and follow recommended irrigation schedules for the crop. Tip: Monitor fields weekly during critical growth stages for early pest detection.",pea,general
How to perform a quick on-field soil test for soybean planting?,"Soil advice: Soil appears alkaline (pH 7.5+). Recommended N-P-K levels: N=medium, P=high, K=high. Add organic matter and consider liming if acidic. Perform a soil test for exact fertilizer recommendations; use compost to improve organic matter. Tip: Apply compost or well-rotted manure annually to improve soil structure.",soybean,soil
What are the symptoms of nutrient deficiency in coffee and how to address them?,"For Coffee: Follow certified seed, appropriate plant spacing, monitor for pests, and conduct soil tests. Apply balanced fertilizer based on soil test results and follow recommended irrigation schedules for the crop. Tip: Rotate crops to reduce pest and disease pressure.",coffee,general
What are post-harvest storage best practices for sorghum?,"Post-harvest: Harvest at physiological maturity, dry to safe moisture content, and store in a cool, dry place to avoid pests. Use proper packaging and consider value-added processing to increase shelf life. Tip: Use certified seed and treat seeds where appropriate to reduce seed-borne diseases.",sorghum,post-harvest
How can I improve what integrated pest management (IPM) strategies work well for barley?,"Pest/Disease guidance: Inspect plants for symptoms (spots, wilting, yellowing). Use integrated pest management (IPM): crop rotation, resistant varieties, targeted biocontrols, and correct pesticide application. If unsure, collect a sample and consult local extension services. Tip: Test soil every 2-3 years and follow recommended fertilizer programs.",barley,pest/disease
How can I improve what are post-harvest storage best practices for lentil?,"Post-harvest: Harvest at physiological maturity, dry to safe moisture content, and store in a cool, dry place to avoid pests. Use proper packaging and consider value-added processing to increase shelf life. Tip: Monitor fields weekly during critical growth stages for early pest detection.",lentil,post-harvest
What are the profitable value-added products from maize processing?,"For Maize: Follow certified seed, appropriate plant spacing, monitor for pests, and conduct soil tests. Apply balanced fertilizer based on soil test results and follow recommended irrigation schedules for the crop. Tip: Monitor fields weekly during critical growth stages for early pest detection.",maize,general
How do I identify nematode damage in millet and manage it?,"For Millet: Follow certified seed, appropriate plant spacing, monitor for pests, and conduct soil tests. Apply balanced fertilizer based on soil test results and follow recommended irrigation schedules for the crop. Tip: Monitor fields weekly during critical growth stages for early pest detection.",millet,general
What are the symptoms of nutrient deficiency in pea and how to address them?,"For Pea: Follow certified seed, appropriate plant spacing, monitor for pests, and conduct soil tests. Apply balanced fertilizer based on soil test results and follow recommended irrigation schedules for the crop. Tip: Rotate crops to reduce pest and disease pressure.",pea,general
How do I identify nematode damage in lentil and manage it?,"For Lentil: Follow certified seed, appropriate plant spacing, monitor for pests, and conduct soil tests. Apply balanced fertilizer based on soil test results and follow recommended irrigation schedules for the crop. Tip: Monitor fields weekly during critical growth stages for early pest detection.",lentil,general
How can I monitor sugarcane health using drones or remote sensing?,"For Sugarcane: Follow certified seed, appropriate plant spacing, monitor for pests, and conduct soil tests. Apply balanced fertilizer based on soil test results and follow recommended irrigation schedules for the crop. Tip: Test soil every 2-3 years and follow recommended fertilizer programs.",sugarcane,general
What are effective organic practices for growing coffee?,"Soil advice: Soil appears neutral (pH 6.5-7.5). Recommended N-P-K levels: N=high, P=medium, K=high. Add organic matter and consider liming if acidic. Perform a soil test for exact fertilizer recommendations; use compost to improve organic matter. Tip: Test soil every 2-3 years and follow recommended fertilizer programs.",coffee,soil
How to manage salinity or alkalinity issues when growing sugarcane?,"For Sugarcane: Follow certified seed, appropriate plant spacing, monitor for pests, and conduct soil tests. Apply balanced fertilizer based on soil test results and follow recommended irrigation schedules for the crop. Tip: Use certified seed and treat seeds where appropriate to reduce seed-borne diseases.",sugarcane,general
What cover crops complement sorghum in rotation to improve soil health?,"Soil advice: Soil appears neutral (pH 6.5-7.5). Recommended N-P-K levels: N=high, P=low, K=low. Add organic matter and consider liming if acidic. Perform a soil test for exact fertilizer recommendations; use compost to improve organic matter. Tip: Rotate crops to reduce pest and disease pressure.",sorghum,soil
What are early warning signs of pest outbreaks in onion fields?,"Pest/Disease guidance: Inspect plants for symptoms (spots, wilting, yellowing). Use integrated pest management (IPM): crop rotation, resistant varieties, targeted biocontrols, and correct pesticide application. If unsure, collect a sample and consult local extension services. Tip: Use certified seed and treat seeds where appropriate to reduce seed-borne diseases.",onion,pest/disease
How can I improve what are effective organic practices for growing lentil?,"Soil advice: Soil appears alkaline (pH 7.5+). Recommended N-P-K levels: N=low, P=low, K=low. Add organic matter and consider liming if acidic. Perform a soil test for exact fertilizer recommendations; use compost to improve organic matter. Tip: Monitor fields weekly during critical growth stages for early pest detection.",lentil,soil
How can I increase apple yield on smallholder farms?,"Post-harvest: Harvest at physiological maturity, dry to safe moisture content, and store in a cool, dry place to avoid pests. Use proper packaging and consider value-added processing to increase shelf life. Tip: Use certified seed and treat seeds where appropriate to reduce seed-borne diseases.",apple,post-harvest
How can I improve how to perform a quick on-field soil test for grape planting?,"Soil advice: Soil appears acidic (pH 5.5-6.5). Recommended N-P-K levels: N=medium, P=high, K=high. Add organic matter and consider liming if acidic. Perform a soil test for exact fertilizer recommendations; use compost to improve organic matter. Tip: Rotate crops to reduce pest and disease pressure.",grape,soil
What cover crops complement sugarcane in rotation to improve soil health?,"Soil advice: Soil appears neutral (pH 6.5-7.5). Recommended N-P-K levels: N=low, P=low, K=high. Add organic matter and consider liming if acidic. Perform a soil test for exact fertilizer recommendations; use compost to improve organic matter. Tip: Apply compost or well-rotted manure annually to improve soil structure.",sugarcane,soil
How can I improve how to control bacterial diseases in sugarcane crops?,"Pest/Disease guidance: Inspect plants for symptoms (spots, wilting, yellowing). Use integrated pest management (IPM): crop rotation, resistant varieties, targeted biocontrols, and correct pesticide application. If unsure, collect a sample and consult local extension services. Tip: Apply compost or well-rotted manure annually to improve soil structure.",sugarcane,pest/disease
How do I manage weeds in pea fields effectively?,"Pest/Disease guidance: Inspect plants for symptoms (spots, wilting, yellowing). Use integrated pest management (IPM): crop rotation, resistant varieties, targeted biocontrols, and correct pesticide application. If unsure, collect a sample and consult local extension services. Tip: Test soil every 2-3 years and follow recommended fertilizer programs.",pea,pest/disease
How to establish a nursery for corn seedlings?,"For Corn: Follow certified seed, appropriate plant spacing, monitor for pests, and conduct soil tests. Apply balanced fertilizer based on soil test results and follow recommended irrigation schedules for the crop. Tip: Apply compost or well-rotted manure annually to improve soil structure.",corn,general
How do I select disease-resistant grape varieties for my area?,"Pest/Disease guidance: Inspect plants for symptoms (spots, wilting, yellowing). Use integrated pest management (IPM): crop rotation, resistant varieties, targeted biocontrols, and correct pesticide application. If unsure, collect a sample and consult local extension services. Tip: Apply compost or well-rotted manure annually to improve soil structure.",grape,pest/disease
How do I prepare a soil bed for transplanting corn seedlings?,"Soil advice: Soil appears alkaline (pH 7.5+). Recommended N-P-K levels: N=high, P=low, K=low. Add organic matter and consider liming if acidic. Perform a soil test for exact fertilizer recommendations; use compost to improve organic matter. Tip: Monitor fields weekly during critical growth stages for early pest detection.",corn,soil
What are the best seed varieties of sugarcane for high yield and disease resistance in coastal areas?,"Pest/Disease guidance: Inspect plants for symptoms (spots, wilting, yellowing). Use integrated pest management (IPM): crop rotation, resistant varieties, targeted biocontrols, and correct pesticide application. If unsure, collect a sample and consult local extension services. Tip: Test soil every 2-3 years and follow recommended fertilizer programs.",sugarcane,pest/disease
How to establish a nursery for soybean seedlings?,"For Soybean: Follow certified seed, appropriate plant spacing, monitor for pests, and conduct soil tests. Apply balanced fertilizer based on soil test results and follow recommended irrigation schedules for the crop. Tip: Rotate crops to reduce pest and disease pressure.",soybean,general
How can I use compost and organic amendments for pea production?,"Soil advice: Soil appears acidic (pH 5.5-6.5). Recommended N-P-K levels: N=medium, P=medium, K=medium. Add organic matter and consider liming if acidic. Perform a soil test for exact fertilizer recommendations; use compost to improve organic matter. Tip: Monitor fields weekly during critical growth stages for early pest detection.",pea,soil
What are early warning signs of pest outbreaks in sugarcane fields?,"Pest/Disease guidance: Inspect plants for symptoms (spots, wilting, yellowing). Use integrated pest management (IPM): crop rotation, resistant varieties, targeted biocontrols, and correct pesticide application. If unsure, collect a sample and consult local extension services. Tip: Use certified seed and treat seeds where appropriate to reduce seed-borne diseases.",sugarcane,pest/disease
How do I manage weeds in sorghum fields effectively?,"Pest/Disease guidance: Inspect plants for symptoms (spots, wilting, yellowing). Use integrated pest management (IPM): crop rotation, resistant varieties, targeted biocontrols, and correct pesticide application. If unsure, collect a sample and consult local extension services. Tip: Rotate crops to reduce pest and disease pressure.",sorghum,pest/disease
How can I improve how do I prepare a soil bed for transplanting sugarcane seedlings?,"Soil advice: Soil appears acidic (pH 5.5-6.5). Recommended N-P-K levels: N=high, P=high, K=low. Add organic matter and consider liming if acidic. Perform a soil test for exact fertilizer recommendations; use compost to improve organic matter. Tip: Use certified seed and treat seeds where appropriate to reduce seed-borne diseases.",sugarcane,soil
How do I diagnose fungal diseases in apple and treat them?,"Pest/Disease guidance: Inspect plants for symptoms (spots, wilting, yellowing). Use integrated pest management (IPM): crop rotation, resistant varieties, targeted biocontrols, and correct pesticide application. If unsure, collect a sample and consult local extension services. Tip: Test soil every 2-3 years and follow recommended fertilizer programs.",apple,pest/disease
How to manage post-harvest quality and grading for maize?,"Post-harvest: Harvest at physiological maturity, dry to safe moisture content, and store in a cool, dry place to avoid pests. Use proper packaging and consider value-added processing to increase shelf life. Tip: Monitor fields weekly during critical growth stages for early pest detection.",maize,post-harvest
What are harvesting indicators that show apple is ready to harvest?,"Post-harvest: Harvest at physiological maturity, dry to safe moisture content, and store in a cool, dry place to avoid pests. Use proper packaging and consider value-added processing to increase shelf life. Tip: Test soil every 2-3 years and follow recommended fertilizer programs.",apple,post-harvest
How to build a simple storage facility to store barley after harvest?,"Post-harvest: Harvest at physiological maturity, dry to safe moisture content, and store in a cool, dry place to avoid pests. Use proper packaging and consider value-added processing to increase shelf life. Tip: Test soil every 2-3 years and follow recommended fertilizer programs.",barley,post-harvest
What are post-harvest storage best practices for corn?,"Post-harvest: Harvest at physiological maturity, dry to safe moisture content, and store in a cool, dry place to avoid pests. Use proper packaging and consider value-added processing to increase shelf life. Tip: Monitor fields weekly during critical growth stages for early pest detection.",corn,post-harvest
How do I manage irrigation scheduling for tomato during drought?,"Irrigation guidance: Water based on crop stage—establishment, vegetative growth, and reproductive stages need careful scheduling. Avoid waterlogging; use mulch to conserve moisture and consider drip irrigation for efficiency. Tip: Apply compost or well-rotted manure annually to improve soil structure.",tomato,irrigation
How do I diagnose fungal diseases in coffee and treat them?,"Pest/Disease guidance: Inspect plants for symptoms (spots, wilting, yellowing). Use integrated pest management (IPM): crop rotation, resistant varieties, targeted biocontrols, and correct pesticide application. If unsure, collect a sample and consult local extension services. Tip: Rotate crops to reduce pest and disease pressure.",coffee,pest/disease
How to reduce fertilizer runoff from pulse fields and protect water quality?,"Irrigation guidance: Water based on crop stage—establishment, vegetative growth, and reproductive stages need careful scheduling. Avoid waterlogging; use mulch to conserve moisture and consider drip irrigation for efficiency. Tip: Rotate crops to reduce pest and disease pressure.",pulse,irrigation
How can I improve what integrated pest management (IPM) strategies work well for potato?,"Pest/Disease guidance: Inspect plants for symptoms (spots, wilting, yellowing). Use integrated pest management (IPM): crop rotation, resistant varieties, targeted biocontrols, and correct pesticide application. If unsure, collect a sample and consult local extension services. Tip: Test soil every 2-3 years and follow recommended fertilizer programs.",potato,pest/disease
How should I irrigate sorghum to maximize water efficiency?,"Irrigation guidance: Water based on crop stage—establishment, vegetative growth, and reproductive stages need careful scheduling. Avoid waterlogging; use mulch to conserve moisture and consider drip irrigation for efficiency. Tip: Test soil every 2-3 years and follow recommended fertilizer programs.",sorghum,irrigation
What are common post-harvest pests affecting sugarcane and how to prevent them?,"Pest/Disease guidance: Inspect plants for symptoms (spots, wilting, yellowing). Use integrated pest management (IPM): crop rotation, resistant varieties, targeted biocontrols, and correct pesticide application. If unsure, collect a sample and consult local extension services. Tip: Apply compost or well-rotted manure annually to improve soil structure.",sugarcane,pest/disease
How do I diagnose fungal diseases in sugarcane and treat them?,"Pest/Disease guidance: Inspect plants for symptoms (spots, wilting, yellowing). Use integrated pest management (IPM): crop rotation, resistant varieties, targeted biocontrols, and correct pesticide application. If unsure, collect a sample and consult local extension services. Tip: Use certified seed and treat seeds where appropriate to reduce seed-borne diseases.",sugarcane,pest/disease
How to control bacterial diseases in coffee crops?,"Pest/Disease guidance: Inspect plants for symptoms (spots, wilting, yellowing). Use integrated pest management (IPM): crop rotation, resistant varieties, targeted biocontrols, and correct pesticide application. If unsure, collect a sample and consult local extension services. Tip: Use certified seed and treat seeds where appropriate to reduce seed-borne diseases.",coffee,pest/disease
What mechanization options are suitable for lentil on medium farms?,"For Lentil: Follow certified seed, appropriate plant spacing, monitor for pests, and conduct soil tests. Apply balanced fertilizer based on soil test results and follow recommended irrigation schedules for the crop. Tip: Use certified seed and treat seeds where appropriate to reduce seed-borne diseases.",lentil,general
What are common post-harvest pests affecting pea and how to prevent them?,"Pest/Disease guidance: Inspect plants for symptoms (spots, wilting, yellowing). Use integrated pest management (IPM): crop rotation, resistant varieties, targeted biocontrols, and correct pesticide application. If unsure, collect a sample and consult local extension services. Tip: Test soil every 2-3 years and follow recommended fertilizer programs.",pea,pest/disease
What mechanization options are suitable for pulse on medium farms?,"For Pulse: Follow certified seed, appropriate plant spacing, monitor for pests, and conduct soil tests. Apply balanced fertilizer based on soil test results and follow recommended irrigation schedules for the crop. Tip: Rotate crops to reduce pest and disease pressure.",pulse,general
What are the best seed varieties of potato for high yield and disease resistance in arid zones?,"Pest/Disease guidance: Inspect plants for symptoms (spots, wilting, yellowing). Use integrated pest management (IPM): crop rotation, resistant varieties, targeted biocontrols, and correct pesticide application. If unsure, collect a sample and consult local extension services. Tip: Monitor fields weekly during critical growth stages for early pest detection.",potato,pest/disease
What are early warning signs of pest outbreaks in apple fields?,"Pest/Disease guidance: Inspect plants for symptoms (spots, wilting, yellowing). Use integrated pest management (IPM): crop rotation, resistant varieties, targeted biocontrols, and correct pesticide application. If unsure, collect a sample and consult local extension services. Tip: Apply compost or well-rotted manure annually to improve soil structure.",apple,pest/disease
How can I improve what integrated pest management (IPM) strategies work well for wheat?,"Pest/Disease guidance: Inspect plants for symptoms (spots, wilting, yellowing). Use integrated pest management (IPM): crop rotation, resistant varieties, targeted biocontrols, and correct pesticide application. If unsure, collect a sample and consult local extension services. Tip: Apply compost or well-rotted manure annually to improve soil structure.",wheat,pest/disease
How do I identify nematode damage in coffee and manage it?,"For Coffee: Follow certified seed, appropriate plant spacing, monitor for pests, and conduct soil tests. Apply balanced fertilizer based on soil test results and follow recommended irrigation schedules for the crop. Tip: Monitor fields weekly during critical growth stages for early pest detection.",coffee,general
How can I test soil fertility before planting banana?,"Soil advice: Soil appears acidic (pH 5.5-6.5). Recommended N-P-K levels: N=medium, P=high, K=high. Add organic matter and consider liming if acidic. Perform a soil test for exact fertilizer recommendations; use compost to improve organic matter. Tip: Apply compost or well-rotted manure annually to improve soil structure.",banana,soil
What are the symptoms of nutrient deficiency in sugarcane and how to address them?,"For Sugarcane: Follow certified seed, appropriate plant spacing, monitor for pests, and conduct soil tests. Apply balanced fertilizer based on soil test results and follow recommended irrigation schedules for the crop. Tip: Use certified seed and treat seeds where appropriate to reduce seed-borne diseases.",sugarcane,general
How do I diagnose fungal diseases in lentil and treat them?,"Pest/Disease guidance: Inspect plants for symptoms (spots, wilting, yellowing). Use integrated pest management (IPM): crop rotation, resistant varieties, targeted biocontrols, and correct pesticide application. If unsure, collect a sample and consult local extension services. Tip: Monitor fields weekly during critical growth stages for early pest detection.",lentil,pest/disease
How can I improve how should I irrigate potato to maximize water efficiency?,"Irrigation guidance: Water based on crop stage—establishment, vegetative growth, and reproductive stages need careful scheduling. Avoid waterlogging; use mulch to conserve moisture and consider drip irrigation for efficiency. Tip: Monitor fields weekly during critical growth stages for early pest detection.",potato,irrigation
How can I improve what are early warning signs of pest outbreaks in tomato fields?,"Pest/Disease guidance: Inspect plants for symptoms (spots, wilting, yellowing). Use integrated pest management (IPM): crop rotation, resistant varieties, targeted biocontrols, and correct pesticide application. If unsure, collect a sample and consult local extension services. Tip: Apply compost or well-rotted manure annually to improve soil structure.",tomato,pest/disease
How do I determine the optimal planting time for lentil in tropical areas?,"For Lentil: Follow certified seed, appropriate plant spacing, monitor for pests, and conduct soil tests. Apply balanced fertilizer based on soil test results and follow recommended irrigation schedules for the crop. Tip: Monitor fields weekly during critical growth stages for early pest detection.",lentil,general
How can I use compost and organic amendments for pulse production?,"Soil advice: Soil appears neutral (pH 6.5-7.5). Recommended N-P-K levels: N=high, P=low, K=high. Add organic matter and consider liming if acidic. Perform a soil test for exact fertilizer recommendations; use compost to improve organic matter. Tip: Use certified seed and treat seeds where appropriate to reduce seed-borne diseases.",pulse,soil
How can I improve how do I select disease-resistant garlic varieties for my area?,"Pest/Disease guidance: Inspect plants for symptoms (spots, wilting, yellowing). Use integrated pest management (IPM): crop rotation, resistant varieties, targeted biocontrols, and correct pesticide application. If unsure, collect a sample and consult local extension services. Tip: Use certified seed and treat seeds where appropriate to reduce seed-borne diseases.",garlic,pest/disease
What are water-saving irrigation techniques suitable for tomato?,"Irrigation guidance: Water based on crop stage—establishment, vegetative growth, and reproductive stages need careful scheduling. Avoid waterlogging; use mulch to conserve moisture and consider drip irrigation for efficiency. Tip: Apply compost or well-rotted manure annually to improve soil structure.",tomato,irrigation
How can I use compost and organic amendments for banana production?,"Soil advice: Soil appears acidic (pH 5.5-6.5). Recommended N-P-K levels: N=high, P=high, K=low. Add organic matter and consider liming if acidic. Perform a soil test for exact fertilizer recommendations; use compost to improve organic matter. Tip: Test soil every 2-3 years and follow recommended fertilizer programs.",banana,soil
What are water-saving irrigation techniques suitable for rice?,"Irrigation guidance: Water based on crop stage—establishment, vegetative growth, and reproductive stages need careful scheduling. Avoid waterlogging; use mulch to conserve moisture and consider drip irrigation for efficiency. Tip: Rotate crops to reduce pest and disease pressure.",rice,irrigation
How to perform a quick on-field soil test for sugarcane planting?,"Soil advice: Soil appears alkaline (pH 7.5+). Recommended N-P-K levels: N=medium, P=low, K=medium. Add organic matter and consider liming if acidic. Perform a soil test for exact fertilizer recommendations; use compost to improve organic matter. Tip: Monitor fields weekly during critical growth stages for early pest detection.",sugarcane,soil
What fertilizer program should I follow for a healthy coffee crop?,"For Coffee: Follow certified seed, appropriate plant spacing, monitor for pests, and conduct soil tests. Apply balanced fertilizer based on soil test results and follow recommended irrigation schedules for the crop. Tip: Apply compost or well-rotted manure annually to improve soil structure.",coffee,general
How do I manage irrigation scheduling for millet during drought?,"Irrigation guidance: Water based on crop stage—establishment, vegetative growth, and reproductive stages need careful scheduling. Avoid waterlogging; use mulch to conserve moisture and consider drip irrigation for efficiency. Tip: Apply compost or well-rotted manure annually to improve soil structure.",millet,irrigation
How can I improve what are the common pests of lentil and how to control them?,"Pest/Disease guidance: Inspect plants for symptoms (spots, wilting, yellowing). Use integrated pest management (IPM): crop rotation, resistant varieties, targeted biocontrols, and correct pesticide application. If unsure, collect a sample and consult local extension services. Tip: Test soil every 2-3 years and follow recommended fertilizer programs.",lentil,pest/disease
How do I manage irrigation scheduling for cotton during drought?,"Irrigation guidance: Water based on crop stage—establishment, vegetative growth, and reproductive stages need careful scheduling. Avoid waterlogging; use mulch to conserve moisture and consider drip irrigation for efficiency. Tip: Monitor fields weekly during critical growth stages for early pest detection.",cotton,irrigation
How to manage post-harvest quality and grading for barley?,"Post-harvest: Harvest at physiological maturity, dry to safe moisture content, and store in a cool, dry place to avoid pests. Use proper packaging and consider value-added processing to increase shelf life. Tip: Monitor fields weekly during critical growth stages for early pest detection.",barley,post-harvest
How do I determine the optimal planting time for coffee in my region?,"For Coffee: Follow certified seed, appropriate plant spacing, monitor for pests, and conduct soil tests. Apply balanced fertilizer based on soil test results and follow recommended irrigation schedules for the crop. Tip: Rotate crops to reduce pest and disease pressure.",coffee,general
What are the best seed varieties of tomato for high yield and disease resistance in tropical areas?,"Pest/Disease guidance: Inspect plants for symptoms (spots, wilting, yellowing). Use integrated pest management (IPM): crop rotation, resistant varieties, targeted biocontrols, and correct pesticide application. If unsure, collect a sample and consult local extension services. Tip: Apply compost or well-rotted manure annually to improve soil structure.",tomato,pest/disease
What are common post-harvest pests affecting millet and how to prevent them?,"Pest/Disease guidance: Inspect plants for symptoms (spots, wilting, yellowing). Use integrated pest management (IPM): crop rotation, resistant varieties, targeted biocontrols, and correct pesticide application. If unsure, collect a sample and consult local extension services. Tip: Rotate crops to reduce pest and disease pressure.",millet,pest/disease
What are water-saving irrigation techniques suitable for banana?,"Irrigation guidance: Water based on crop stage—establishment, vegetative growth, and reproductive stages need careful scheduling. Avoid waterlogging; use mulch to conserve moisture and consider drip irrigation for efficiency. Tip: Test soil every 2-3 years and follow recommended fertilizer programs.",banana,irrigation
What are post-harvest storage best practices for grape?,"Post-harvest: Harvest at physiological maturity, dry to safe moisture content, and store in a cool, dry place to avoid pests. Use proper packaging and consider value-added processing to increase shelf life. Tip: Monitor fields weekly during critical growth stages for early pest detection.",grape,post-harvest
How to establish a nursery for pulse seedlings?,"For Pulse: Follow certified seed, appropriate plant spacing, monitor for pests, and conduct soil tests. Apply balanced fertilizer based on soil test results and follow recommended irrigation schedules for the crop. Tip: Monitor fields weekly during critical growth stages for early pest detection.",pulse,general
What are early warning signs of pest outbreaks in banana fields?,"Pest/Disease guidance: Inspect plants for symptoms (spots, wilting, yellowing). Use integrated pest management (IPM): crop rotation, resistant varieties, targeted biocontrols, and correct pesticide application. If unsure, collect a sample and consult local extension services. Tip: Test soil every 2-3 years and follow recommended fertilizer programs.",banana,pest/disease
How do I manage irrigation scheduling for lentil during drought?,"Irrigation guidance: Water based on crop stage—establishment, vegetative growth, and reproductive stages need careful scheduling. Avoid waterlogging; use mulch to conserve moisture and consider drip irrigation for efficiency. Tip: Rotate crops to reduce pest and disease pressure.",lentil,irrigation
What are the symptoms of nutrient deficiency in lentil and how to address them?,"For Lentil: Follow certified seed, appropriate plant spacing, monitor for pests, and conduct soil tests. Apply balanced fertilizer based on soil test results and follow recommended irrigation schedules for the crop. Tip: Rotate crops to reduce pest and disease pressure.",lentil,general
How to perform a quick on-field soil test for potato planting?,"Soil advice: Soil appears acidic (pH 5.5-6.5). Recommended N-P-K levels: N=low, P=medium, K=medium. Add organic matter and consider liming if acidic. Perform a soil test for exact fertilizer recommendations; use compost to improve organic matter. Tip: Monitor fields weekly during critical growth stages for early pest detection.",potato,soil
How to select appropriate fertilizer blends for tea?,"For Tea: Follow certified seed, appropriate plant spacing, monitor for pests, and conduct soil tests. Apply balanced fertilizer based on soil test results and follow recommended irrigation schedules for the crop. Tip: Monitor fields weekly during critical growth stages for early pest detection.",tea,general
What are recommended spacing and plant density for tea?,"For Tea: Follow certified seed, appropriate plant spacing, monitor for pests, and conduct soil tests. Apply balanced fertilizer based on soil test results and follow recommended irrigation schedules for the crop. Tip: Rotate crops to reduce pest and disease pressure.",tea,general
How do I identify nematode damage in pulse and manage it?,"For Pulse: Follow certified seed, appropriate plant spacing, monitor for pests, and conduct soil tests. Apply balanced fertilizer based on soil test results and follow recommended irrigation schedules for the crop. Tip: Rotate crops to reduce pest and disease pressure.",pulse,general
How can I use compost and organic amendments for coffee production?,"Soil advice: Soil appears alkaline (pH 7.5+). Recommended N-P-K levels: N=high, P=high, K=low. Add organic matter and consider liming if acidic. Perform a soil test for exact fertilizer recommendations; use compost to improve organic matter. Tip: Apply compost or well-rotted manure annually to improve soil structure.",coffee,soil
How to manage post-harvest quality and grading for apple?,"Post-harvest: Harvest at physiological maturity, dry to safe moisture content, and store in a cool, dry place to avoid pests. Use proper packaging and consider value-added processing to increase shelf life. Tip: Monitor fields weekly during critical growth stages for early pest detection.",apple,post-harvest
What are the common pests of grape and how to control them?,"Pest/Disease guidance: Inspect plants for symptoms (spots, wilting, yellowing). Use integrated pest management (IPM): crop rotation, resistant varieties, targeted biocontrols, and correct pesticide application. If unsure, collect a sample and consult local extension services. Tip: Rotate crops to reduce pest and disease pressure.",grape,pest/disease
How can I improve how do I determine the optimal planting time for lentil in coastal areas?,"For Lentil: Follow certified seed, appropriate plant spacing, monitor for pests, and conduct soil tests. Apply balanced fertilizer based on soil test results and follow recommended irrigation schedules for the crop. Tip: Rotate crops to reduce pest and disease pressure.",lentil,general
How can I increase lentil yield on smallholder farms?,"Post-harvest: Harvest at physiological maturity, dry to safe moisture content, and store in a cool, dry place to avoid pests. Use proper packaging and consider value-added processing to increase shelf life. Tip: Use certified seed and treat seeds where appropriate to reduce seed-borne diseases.",lentil,post-harvest
How can I test soil fertility before planting apple?,"Soil advice: Soil appears acidic (pH 5.5-6.5). Recommended N-P-K levels: N=medium, P=medium, K=high. Add organic matter and consider liming if acidic. Perform a soil test for exact fertilizer recommendations; use compost to improve organic matter. Tip: Apply compost or well-rotted manure annually to improve soil structure.",apple,soil
What are recommended planting depths and sowing rates for apple?,"For Apple: Follow certified seed, appropriate plant spacing, monitor for pests, and conduct soil tests. Apply balanced fertilizer based on soil test results and follow recommended irrigation schedules for the crop. Tip: Rotate crops to reduce pest and disease pressure.",apple,general
How can I improve how do I prepare a soil bed for transplanting potato seedlings?,"Soil advice: Soil appears alkaline (pH 7.5+). Recommended N-P-K levels: N=medium, P=medium, K=medium. Add organic matter and consider liming if acidic. Perform a soil test for exact fertilizer recommendations; use compost to improve organic matter. Tip: Monitor fields weekly during critical growth stages for early pest detection.",potato,soil
How can I monitor sorghum health using drones or remote sensing?,"For Sorghum: Follow certified seed, appropriate plant spacing, monitor for pests, and conduct soil tests. Apply balanced fertilizer based on soil test results and follow recommended irrigation schedules for the crop. Tip: Apply compost or well-rotted manure annually to improve soil structure.",sorghum,general
What cover crops complement corn in rotation to improve soil health?,"Soil advice: Soil appears neutral (pH 6.5-7.5). Recommended N-P-K levels: N=low, P=medium, K=low. Add organic matter and consider liming if acidic. Perform a soil test for exact fertilizer recommendations; use compost to improve organic matter. Tip: Test soil every 2-3 years and follow recommended fertilizer programs.",corn,soil
How can I increase corn yield on smallholder farms?,"Post-harvest: Harvest at physiological maturity, dry to safe moisture content, and store in a cool, dry place to avoid pests. Use proper packaging and consider value-added processing to increase shelf life. Tip: Rotate crops to reduce pest and disease pressure.",corn,post-harvest
How can I improve how to establish a nursery for lentil seedlings?,"For Lentil: Follow certified seed, appropriate plant spacing, monitor for pests, and conduct soil tests. Apply balanced fertilizer based on soil test results and follow recommended irrigation schedules for the crop. Tip: Use certified seed and treat seeds where appropriate to reduce seed-borne diseases.",lentil,general
How to manage salinity or alkalinity issues when growing sorghum?,"For Sorghum: Follow certified seed, appropriate plant spacing, monitor for pests, and conduct soil tests. Apply balanced fertilizer based on soil test results and follow recommended irrigation schedules for the crop. Tip: Apply compost or well-rotted manure annually to improve soil structure.",sorghum,general
How can I improve seed germination rates for sorghum?,"For Sorghum: Follow certified seed, appropriate plant spacing, monitor for pests, and conduct soil tests. Apply balanced fertilizer based on soil test results and follow recommended irrigation schedules for the crop. Tip: Use certified seed and treat seeds where appropriate to reduce seed-borne diseases.",sorghum,general
What are the common pests of sugarcane and how to control them?,"Pest/Disease guidance: Inspect plants for symptoms (spots, wilting, yellowing). Use integrated pest management (IPM): crop rotation, resistant varieties, targeted biocontrols, and correct pesticide application. If unsure, collect a sample and consult local extension services. Tip: Rotate crops to reduce pest and disease pressure.",sugarcane,pest/disease
How do I determine the optimal planting time for barley in temperate regions?,"For Barley: Follow certified seed, appropriate plant spacing, monitor for pests, and conduct soil tests. Apply balanced fertilizer based on soil test results and follow recommended irrigation schedules for the crop. Tip: Monitor fields weekly during critical growth stages for early pest detection.",barley,general
How to control bacterial diseases in banana crops?,"Pest/Disease guidance: Inspect plants for symptoms (spots, wilting, yellowing). Use integrated pest management (IPM): crop rotation, resistant varieties, targeted biocontrols, and correct pesticide application. If unsure, collect a sample and consult local extension services. Tip: Use certified seed and treat seeds where appropriate to reduce seed-borne diseases.",banana,pest/disease
How do I diagnose fungal diseases in pulse and treat them?,"Pest/Disease guidance: Inspect plants for symptoms (spots, wilting, yellowing). Use integrated pest management (IPM): crop rotation, resistant varieties, targeted biocontrols, and correct pesticide application. If unsure, collect a sample and consult local extension services. Tip: Apply compost or well-rotted manure annually to improve soil structure.",pulse,pest/disease
How to manage salinity or alkalinity issues when growing tea?,"For Tea: Follow certified seed, appropriate plant spacing, monitor for pests, and conduct soil tests. Apply balanced fertilizer based on soil test results and follow recommended irrigation schedules for the crop. Tip: Monitor fields weekly during critical growth stages for early pest detection.",tea,general
How can I improve how do I select disease-resistant barley varieties for my area?,"Pest/Disease guidance: Inspect plants for symptoms (spots, wilting, yellowing). Use integrated pest management (IPM): crop rotation, resistant varieties, targeted biocontrols, and correct pesticide application. If unsure, collect a sample and consult local extension services. Tip: Use certified seed and treat seeds where appropriate to reduce seed-borne diseases.",barley,pest/disease
How to establish a nursery for rice seedlings?,"For Rice: Follow certified seed, appropriate plant spacing, monitor for pests, and conduct soil tests. Apply balanced fertilizer based on soil test results and follow recommended irrigation schedules for the crop. Tip: Use certified seed and treat seeds where appropriate to reduce seed-borne diseases.",rice,general
How do I identify nematode damage in banana and manage it?,"For Banana: Follow certified seed, appropriate plant spacing, monitor for pests, and conduct soil tests. Apply balanced fertilizer based on soil test results and follow recommended irrigation schedules for the crop. Tip: Test soil every 2-3 years and follow recommended fertilizer programs.",banana,general
How can I improve what are common post-harvest pests affecting coffee and how to prevent them?,"Pest/Disease guidance: Inspect plants for symptoms (spots, wilting, yellowing). Use integrated pest management (IPM): crop rotation, resistant varieties, targeted biocontrols, and correct pesticide application. If unsure, collect a sample and consult local extension services. Tip: Monitor fields weekly during critical growth stages for early pest detection.",coffee,pest/disease
What are harvesting indicators that show tomato is ready to harvest?,"Post-harvest: Harvest at physiological maturity, dry to safe moisture content, and store in a cool, dry place to avoid pests. Use proper packaging and consider value-added processing to increase shelf life. Tip: Monitor fields weekly during critical growth stages for early pest detection.",tomato,post-harvest
How to select appropriate fertilizer blends for banana?,"For Banana: Follow certified seed, appropriate plant spacing, monitor for pests, and conduct soil tests. Apply balanced fertilizer based on soil test results and follow recommended irrigation schedules for the crop. Tip: Test soil every 2-3 years and follow recommended fertilizer programs.",banana,general
How can I improve how can I use compost and organic amendments for corn production?,"Soil advice: Soil appears acidic (pH 5.5-6.5). Recommended N-P-K levels: N=high, P=high, K=high. Add organic matter and consider liming if acidic. Perform a soil test for exact fertilizer recommendations; use compost to improve organic matter. Tip: Use certified seed and treat seeds where appropriate to reduce seed-borne diseases.",corn,soil
What integrated pest management (IPM) strategies work well for pea?,"Pest/Disease guidance: Inspect plants for symptoms (spots, wilting, yellowing). Use integrated pest management (IPM): crop rotation, resistant varieties, targeted biocontrols, and correct pesticide application. If unsure, collect a sample and consult local extension services. Tip: Test soil every 2-3 years and follow recommended fertilizer programs.",pea,pest/disease
What are recommended planting depths and sowing rates for barley?,"For Barley: Follow certified seed, appropriate plant spacing, monitor for pests, and conduct soil tests. Apply balanced fertilizer based on soil test results and follow recommended irrigation schedules for the crop. Tip: Use certified seed and treat seeds where appropriate to reduce seed-borne diseases.",barley,general
How do I diagnose fungal diseases in millet and treat them?,"Pest/Disease guidance: Inspect plants for symptoms (spots, wilting, yellowing). Use integrated pest management (IPM): crop rotation, resistant varieties, targeted biocontrols, and correct pesticide application. If unsure, collect a sample and consult local extension services. Tip: Use certified seed and treat seeds where appropriate to reduce seed-borne diseases.",millet,pest/disease
What are recommended spacing and plant density for sugarcane?,"For Sugarcane: Follow certified seed, appropriate plant spacing, monitor for pests, and conduct soil tests. Apply balanced fertilizer based on soil test results and follow recommended irrigation schedules for the crop. Tip: Rotate crops to reduce pest and disease pressure.",sugarcane,general
What are post-harvest storage best practices for pea?,"Post-harvest: Harvest at physiological maturity, dry to safe moisture content, and store in a cool, dry place to avoid pests. Use proper packaging and consider value-added processing to increase shelf life. Tip: Rotate crops to reduce pest and disease pressure.",pea,post-harvest
What are effective organic practices for growing lentil?,"Soil advice: Soil appears alkaline (pH 7.5+). Recommended N-P-K levels: N=high, P=high, K=medium. Add organic matter and consider liming if acidic. Perform a soil test for exact fertilizer recommendations; use compost to improve organic matter. Tip: Use certified seed and treat seeds where appropriate to reduce seed-borne diseases.",lentil,soil
How do I select disease-resistant millet varieties for my area?,"Pest/Disease guidance: Inspect plants for symptoms (spots, wilting, yellowing). Use integrated pest management (IPM): crop rotation, resistant varieties, targeted biocontrols, and correct pesticide application. If unsure, collect a sample and consult local extension services. Tip: Apply compost or well-rotted manure annually to improve soil structure.",millet,pest/disease
How do I determine the optimal planting time for pulse in tropical areas?,"For Pulse: Follow certified seed, appropriate plant spacing, monitor for pests, and conduct soil tests. Apply balanced fertilizer based on soil test results and follow recommended irrigation schedules for the crop. Tip: Use certified seed and treat seeds where appropriate to reduce seed-borne diseases.",pulse,general
How to establish a nursery for pea seedlings?,"For Pea: Follow certified seed, appropriate plant spacing, monitor for pests, and conduct soil tests. Apply balanced fertilizer based on soil test results and follow recommended irrigation schedules for the crop. Tip: Test soil every 2-3 years and follow recommended fertilizer programs.",pea,general
What are the best seed varieties of coffee for high yield and disease resistance in tropical areas?,"Pest/Disease guidance: Inspect plants for symptoms (spots, wilting, yellowing). Use integrated pest management (IPM): crop rotation, resistant varieties, targeted biocontrols, and correct pesticide application. If unsure, collect a sample and consult local extension services. Tip: Rotate crops to reduce pest and disease pressure.",coffee,pest/disease
How to manage post-harvest quality and grading for garlic?,"Post-harvest: Harvest at physiological maturity, dry to safe moisture content, and store in a cool, dry place to avoid pests. Use proper packaging and consider value-added processing to increase shelf life. Tip: Rotate crops to reduce pest and disease pressure.",garlic,post-harvest
How can I improve what government schemes support lentil farmers and how to apply?,"For Lentil: Follow certified seed, appropriate plant spacing, monitor for pests, and conduct soil tests. Apply balanced fertilizer based on soil test results and follow recommended irrigation schedules for the crop. Tip: Test soil every 2-3 years and follow recommended fertilizer programs.",lentil,general
How to manage post-harvest quality and grading for sugarcane?,"Post-harvest: Harvest at physiological maturity, dry to safe moisture content, and store in a cool, dry place to avoid pests. Use proper packaging and consider value-added processing to increase shelf life. Tip: Monitor fields weekly during critical growth stages for early pest detection.",sugarcane,post-harvest
What are the symptoms of nutrient deficiency in millet and how to address them?,"For Millet: Follow certified seed, appropriate plant spacing, monitor for pests, and conduct soil tests. Apply balanced fertilizer based on soil test results and follow recommended irrigation schedules for the crop. Tip: Use certified seed and treat seeds where appropriate to reduce seed-borne diseases.",millet,general
How to manage post-harvest quality and grading for cotton?,"Post-harvest: Harvest at physiological maturity, dry to safe moisture content, and store in a cool, dry place to avoid pests. Use proper packaging and consider value-added processing to increase shelf life. Tip: Monitor fields weekly during critical growth stages for early pest detection.",cotton,post-harvest
How can I test soil fertility before planting onion?,"Soil advice: Soil appears alkaline (pH 7.5+). Recommended N-P-K levels: N=medium, P=low, K=high. Add organic matter and consider liming if acidic. Perform a soil test for exact fertilizer recommendations; use compost to improve organic matter. Tip: Apply compost or well-rotted manure annually to improve soil structure.",onion,soil
What are common post-harvest pests affecting pulse and how to prevent them?,"Pest/Disease guidance: Inspect plants for symptoms (spots, wilting, yellowing). Use integrated pest management (IPM): crop rotation, resistant varieties, targeted biocontrols, and correct pesticide application. If unsure, collect a sample and consult local extension services. Tip: Apply compost or well-rotted manure annually to improve soil structure.",pulse,pest/disease
How do I determine the optimal planting time for coffee in high-altitude areas?,"For Coffee: Follow certified seed, appropriate plant spacing, monitor for pests, and conduct soil tests. Apply balanced fertilizer based on soil test results and follow recommended irrigation schedules for the crop. Tip: Test soil every 2-3 years and follow recommended fertilizer programs.",coffee,general
What fertilizer program should I follow for a healthy pulse crop?,"For Pulse: Follow certified seed, appropriate plant spacing, monitor for pests, and conduct soil tests. Apply balanced fertilizer based on soil test results and follow recommended irrigation schedules for the crop. Tip: Monitor fields weekly during critical growth stages for early pest detection.",pulse,general
How to establish a nursery for millet seedlings?,"For Millet: Follow certified seed, appropriate plant spacing, monitor for pests, and conduct soil tests. Apply balanced fertilizer based on soil test results and follow recommended irrigation schedules for the crop. Tip: Use certified seed and treat seeds where appropriate to reduce seed-borne diseases.",millet,general
How can I test soil fertility before planting wheat?,"Soil advice: Soil appears neutral (pH 6.5-7.5). Recommended N-P-K levels: N=high, P=medium, K=high. Add organic matter and consider liming if acidic. Perform a soil test for exact fertilizer recommendations; use compost to improve organic matter. Tip: Monitor fields weekly during critical growth stages for early pest detection.",wheat,soil
How can I improve seed germination rates for millet?,"For Millet: Follow certified seed, appropriate plant spacing, monitor for pests, and conduct soil tests. Apply balanced fertilizer based on soil test results and follow recommended irrigation schedules for the crop. Tip: Rotate crops to reduce pest and disease pressure.",millet,general
How do I manage weeds in apple fields effectively?,"Pest/Disease guidance: Inspect plants for symptoms (spots, wilting, yellowing). Use integrated pest management (IPM): crop rotation, resistant varieties, targeted biocontrols, and correct pesticide application. If unsure, collect a sample and consult local extension services. Tip: Monitor fields weekly during critical growth stages for early pest detection.",apple,pest/disease
How can I improve how can I increase maize yield on smallholder farms?,"Post-harvest: Harvest at physiological maturity, dry to safe moisture content, and store in a cool, dry place to avoid pests. Use proper packaging and consider value-added processing to increase shelf life. Tip: Monitor fields weekly during critical growth stages for early pest detection.",maize,post-harvest
How can I improve how do I prepare a soil bed for transplanting sorghum seedlings?,"Soil advice: Soil appears alkaline (pH 7.5+). Recommended N-P-K levels: N=low, P=medium, K=medium. Add organic matter and consider liming if acidic. Perform a soil test for exact fertilizer recommendations; use compost to improve organic matter. Tip: Apply compost or well-rotted manure annually to improve soil structure.",sorghum,soil
What are recommended planting depths and sowing rates for banana?,"For Banana: Follow certified seed, appropriate plant spacing, monitor for pests, and conduct soil tests. Apply balanced fertilizer based on soil test results and follow recommended irrigation schedules for the crop. Tip: Apply compost or well-rotted manure annually to improve soil structure.",banana,general
What are the symptoms of nutrient deficiency in tea and how to address them?,"For Tea: Follow certified seed, appropriate plant spacing, monitor for pests, and conduct soil tests. Apply balanced fertilizer based on soil test results and follow recommended irrigation schedules for the crop. Tip: Use certified seed and treat seeds where appropriate to reduce seed-borne diseases.",tea,general
How to control bacterial diseases in sugarcane crops?,"Pest/Disease guidance: Inspect plants for symptoms (spots, wilting, yellowing). Use integrated pest management (IPM): crop rotation, resistant varieties, targeted biocontrols, and correct pesticide application. If unsure, collect a sample and consult local extension services. Tip: Use certified seed and treat seeds where appropriate to reduce seed-borne diseases.",sugarcane,pest/disease
How do I manage irrigation scheduling for potato during drought?,"Irrigation guidance: Water based on crop stage—establishment, vegetative growth, and reproductive stages need careful scheduling. Avoid waterlogging; use mulch to conserve moisture and consider drip irrigation for efficiency. Tip: Rotate crops to reduce pest and disease pressure.",potato,irrigation
How can I improve how do I select disease-resistant soybean varieties for my area?,"Pest/Disease guidance: Inspect plants for symptoms (spots, wilting, yellowing). Use integrated pest management (IPM): crop rotation, resistant varieties, targeted biocontrols, and correct pesticide application. If unsure, collect a sample and consult local extension services. Tip: Use certified seed and treat seeds where appropriate to reduce seed-borne diseases.",soybean,pest/disease
What are the best seed varieties of grape for high yield and disease resistance in temperate regions?,"Pest/Disease guidance: Inspect plants for symptoms (spots, wilting, yellowing). Use integrated pest management (IPM): crop rotation, resistant varieties, targeted biocontrols, and correct pesticide application. If unsure, collect a sample and consult local extension services. Tip: Test soil every 2-3 years and follow recommended fertilizer programs.",grape,pest/disease
How can I improve how do I diagnose fungal diseases in tea and treat them?,"Pest/Disease guidance: Inspect plants for symptoms (spots, wilting, yellowing). Use integrated pest management (IPM): crop rotation, resistant varieties, targeted biocontrols, and correct pesticide application. If unsure, collect a sample and consult local extension services. Tip: Rotate crops to reduce pest and disease pressure.",tea,pest/disease
What integrated pest management (IPM) strategies work well for pulse?,"Pest/Disease guidance: Inspect plants for symptoms (spots, wilting, yellowing). Use integrated pest management (IPM): crop rotation, resistant varieties, targeted biocontrols, and correct pesticide application. If unsure, collect a sample and consult local extension services. Tip: Test soil every 2-3 years and follow recommended fertilizer programs.",pulse,pest/disease
How to perform a quick on-field soil test for maize planting?,"Soil advice: Soil appears acidic (pH 5.5-6.5). Recommended N-P-K levels: N=high, P=low, K=low. Add organic matter and consider liming if acidic. Perform a soil test for exact fertilizer recommendations; use compost to improve organic matter. Tip: Use certified seed and treat seeds where appropriate to reduce seed-borne diseases.",maize,soil
How do I manage weeds in barley fields effectively?,"Pest/Disease guidance: Inspect plants for symptoms (spots, wilting, yellowing). Use integrated pest management (IPM): crop rotation, resistant varieties, targeted biocontrols, and correct pesticide application. If unsure, collect a sample and consult local extension services. Tip: Rotate crops to reduce pest and disease pressure.",barley,pest/disease
How do I determine the optimal planting time for onion in tropical areas?,"For Onion: Follow certified seed, appropriate plant spacing, monitor for pests, and conduct soil tests. Apply balanced fertilizer based on soil test results and follow recommended irrigation schedules for the crop. Tip: Use certified seed and treat seeds where appropriate to reduce seed-borne diseases.",onion,general
How can I improve how to perform a quick on-field soil test for wheat planting?,"Soil advice: Soil appears neutral (pH 6.5-7.5). Recommended N-P-K levels: N=medium, P=low, K=low. Add organic matter and consider liming if acidic. Perform a soil test for exact fertilizer recommendations; use compost to improve organic matter. Tip: Apply compost or well-rotted manure annually to improve soil structure.",wheat,soil
What are early warning signs of pest outbreaks in pea fields?,"Pest/Disease guidance: Inspect plants for symptoms (spots, wilting, yellowing). Use integrated pest management (IPM): crop rotation, resistant varieties, targeted biocontrols, and correct pesticide application. If unsure, collect a sample and consult local extension services. Tip: Rotate crops to reduce pest and disease pressure.",pea,pest/disease
How can I increase tea yield on smallholder farms?,"Post-harvest: Harvest at physiological maturity, dry to safe moisture content, and store in a cool, dry place to avoid pests. Use proper packaging and consider value-added processing to increase shelf life. Tip: Test soil every 2-3 years and follow recommended fertilizer programs.",tea,post-harvest
How can I increase pea yield on smallholder farms?,"Post-harvest: Harvest at physiological maturity, dry to safe moisture content, and store in a cool, dry place to avoid pests. Use proper packaging and consider value-added processing to increase shelf life. Tip: Rotate crops to reduce pest and disease pressure.",pea,post-harvest
How can I improve what are the common pests of pulse and how to control them?,"Pest/Disease guidance: Inspect plants for symptoms (spots, wilting, yellowing). Use integrated pest management (IPM): crop rotation, resistant varieties, targeted biocontrols, and correct pesticide application. If unsure, collect a sample and consult local extension services. Tip: Rotate crops to reduce pest and disease pressure.",pulse,pest/disease
What are water-saving irrigation techniques suitable for cotton?,"Irrigation guidance: Water based on crop stage—establishment, vegetative growth, and reproductive stages need careful scheduling. Avoid waterlogging; use mulch to conserve moisture and consider drip irrigation for efficiency. Tip: Test soil every 2-3 years and follow recommended fertilizer programs.",cotton,irrigation
What are water-saving irrigation techniques suitable for grape?,"Irrigation guidance: Water based on crop stage—establishment, vegetative growth, and reproductive stages need careful scheduling. Avoid waterlogging; use mulch to conserve moisture and consider drip irrigation for efficiency. Tip: Rotate crops to reduce pest and disease pressure.",grape,irrigation
How can I improve what are the common pests of millet and how to control them?,"Pest/Disease guidance: Inspect plants for symptoms (spots, wilting, yellowing). Use integrated pest management (IPM): crop rotation, resistant varieties, targeted biocontrols, and correct pesticide application. If unsure, collect a sample and consult local extension services. Tip: Test soil every 2-3 years and follow recommended fertilizer programs.",millet,pest/disease
What are the profitable value-added products from rice processing?,"For Rice: Follow certified seed, appropriate plant spacing, monitor for pests, and conduct soil tests. Apply balanced fertilizer based on soil test results and follow recommended irrigation schedules for the crop. Tip: Monitor fields weekly during critical growth stages for early pest detection.",rice,general
What government schemes support coffee farmers and how to apply?,"For Coffee: Follow certified seed, appropriate plant spacing, monitor for pests, and conduct soil tests. Apply balanced fertilizer based on soil test results and follow recommended irrigation schedules for the crop. Tip: Use certified seed and treat seeds where appropriate to reduce seed-borne diseases.",coffee,general
How can I improve how can I test soil fertility before planting soybean?,"Soil advice: Soil appears alkaline (pH 7.5+). Recommended N-P-K levels: N=medium, P=low, K=low. Add organic matter and consider liming if acidic. Perform a soil test for exact fertilizer recommendations; use compost to improve organic matter. Tip: Test soil every 2-3 years and follow recommended fertilizer programs.",soybean,soil
What are common post-harvest pests affecting banana and how to prevent them?,"Pest/Disease guidance: Inspect plants for symptoms (spots, wilting, yellowing). Use integrated pest management (IPM): crop rotation, resistant varieties, targeted biocontrols, and correct pesticide application. If unsure, collect a sample and consult local extension services. Tip: Rotate crops to reduce pest and disease pressure.",banana,pest/disease
How do I manage irrigation scheduling for corn during drought?,"Irrigation guidance: Water based on crop stage—establishment, vegetative growth, and reproductive stages need careful scheduling. Avoid waterlogging; use mulch to conserve moisture and consider drip irrigation for efficiency. Tip: Apply compost or well-rotted manure annually to improve soil structure.",corn,irrigation
What are the best seed varieties of barley for high yield and disease resistance in arid zones?,"Pest/Disease guidance: Inspect plants for symptoms (spots, wilting, yellowing). Use integrated pest management (IPM): crop rotation, resistant varieties, targeted biocontrols, and correct pesticide application. If unsure, collect a sample and consult local extension services. Tip: Use certified seed and treat seeds where appropriate to reduce seed-borne diseases.",barley,pest/disease
How can I improve what are the symptoms of nutrient deficiency in millet and how to address them?,"For Millet: Follow certified seed, appropriate plant spacing, monitor for pests, and conduct soil tests. Apply balanced fertilizer based on soil test results and follow recommended irrigation schedules for the crop. Tip: Apply compost or well-rotted manure annually to improve soil structure.",millet,general
How can I improve what are water-saving irrigation techniques suitable for sorghum?,"Irrigation guidance: Water based on crop stage—establishment, vegetative growth, and reproductive stages need careful scheduling. Avoid waterlogging; use mulch to conserve moisture and consider drip irrigation for efficiency. Tip: Test soil every 2-3 years and follow recommended fertilizer programs.",sorghum,irrigation
What government schemes support sugarcane farmers and how to apply?,"For Sugarcane: Follow certified seed, appropriate plant spacing, monitor for pests, and conduct soil tests. Apply balanced fertilizer based on soil test results and follow recommended irrigation schedules for the crop. Tip: Rotate crops to reduce pest and disease pressure.",sugarcane,general
How to manage post-harvest quality and grading for tea?,"Post-harvest: Harvest at physiological maturity, dry to safe moisture content, and store in a cool, dry place to avoid pests. Use proper packaging and consider value-added processing to increase shelf life. Tip: Test soil every 2-3 years and follow recommended fertilizer programs.",tea,post-harvest
What are post-harvest storage best practices for coffee?,"Post-harvest: Harvest at physiological maturity, dry to safe moisture content, and store in a cool, dry place to avoid pests. Use proper packaging and consider value-added processing to increase shelf life. Tip: Use certified seed and treat seeds where appropriate to reduce seed-borne diseases.",coffee,post-harvest
How can I improve what are the common pests of sugarcane and how to control them?,"Pest/Disease guidance: Inspect plants for symptoms (spots, wilting, yellowing). Use integrated pest management (IPM): crop rotation, resistant varieties, targeted biocontrols, and correct pesticide application. If unsure, collect a sample and consult local extension services. Tip: Rotate crops to reduce pest and disease pressure.",sugarcane,pest/disease
What are common post-harvest pests affecting coffee and how to prevent them?,"Pest/Disease guidance: Inspect plants for symptoms (spots, wilting, yellowing). Use integrated pest management (IPM): crop rotation, resistant varieties, targeted biocontrols, and correct pesticide application. If unsure, collect a sample and consult local extension services. Tip: Rotate crops to reduce pest and disease pressure.",coffee,pest/disease
How can I improve what are the symptoms of nutrient deficiency in banana and how to address them?,"For Banana: Follow certified seed, appropriate plant spacing, monitor for pests, and conduct soil tests. Apply balanced fertilizer based on soil test results and follow recommended irrigation schedules for the crop. Tip: Monitor fields weekly during critical growth stages for early pest detection.",banana,general
How should I irrigate tea to maximize water efficiency?,"Irrigation guidance: Water based on crop stage—establishment, vegetative growth, and reproductive stages need careful scheduling. Avoid waterlogging; use mulch to conserve moisture and consider drip irrigation for efficiency. Tip: Rotate crops to reduce pest and disease pressure.",tea,irrigation
How can I monitor corn health using drones or remote sensing?,"For Corn: Follow certified seed, appropriate plant spacing, monitor for pests, and conduct soil tests. Apply balanced fertilizer based on soil test results and follow recommended irrigation schedules for the crop. Tip: Rotate crops to reduce pest and disease pressure.",corn,general
How can I improve how to establish a nursery for maize seedlings?,"For Maize: Follow certified seed, appropriate plant spacing, monitor for pests, and conduct soil tests. Apply balanced fertilizer based on soil test results and follow recommended irrigation schedules for the crop. Tip: Monitor fields weekly during critical growth stages for early pest detection.",maize,general
How can I improve how can I improve seed germination rates for potato?,"For Potato: Follow certified seed, appropriate plant spacing, monitor for pests, and conduct soil tests. Apply balanced fertilizer based on soil test results and follow recommended irrigation schedules for the crop. Tip: Use certified seed and treat seeds where appropriate to reduce seed-borne diseases.",potato,general
How to manage post-harvest quality and grading for onion?,"Post-harvest: Harvest at physiological maturity, dry to safe moisture content, and store in a cool, dry place to avoid pests. Use proper packaging and consider value-added processing to increase shelf life. Tip: Use certified seed and treat seeds where appropriate to reduce seed-borne diseases.",onion,post-harvest
How can I test soil fertility before planting barley?,"Soil advice: Soil appears acidic (pH 5.5-6.5). Recommended N-P-K levels: N=high, P=high, K=low. Add organic matter and consider liming if acidic. Perform a soil test for exact fertilizer recommendations; use compost to improve organic matter. Tip: Rotate crops to reduce pest and disease pressure.",barley,soil
How can I test soil fertility before planting sugarcane?,"Soil advice: Soil appears acidic (pH 5.5-6.5). Recommended N-P-K levels: N=medium, P=low, K=low. Add organic matter and consider liming if acidic. Perform a soil test for exact fertilizer recommendations; use compost to improve organic matter. Tip: Monitor fields weekly during critical growth stages for early pest detection.",sugarcane,soil
How to select appropriate fertilizer blends for tomato?,"For Tomato: Follow certified seed, appropriate plant spacing, monitor for pests, and conduct soil tests. Apply balanced fertilizer based on soil test results and follow recommended irrigation schedules for the crop. Tip: Test soil every 2-3 years and follow recommended fertilizer programs.",tomato,general
How to select appropriate fertilizer blends for pea?,"For Pea: Follow certified seed, appropriate plant spacing, monitor for pests, and conduct soil tests. Apply balanced fertilizer based on soil test results and follow recommended irrigation schedules for the crop. Tip: Monitor fields weekly during critical growth stages for early pest detection.",pea,general
What are water-saving irrigation techniques suitable for millet?,"Irrigation guidance: Water based on crop stage—establishment, vegetative growth, and reproductive stages need careful scheduling. Avoid waterlogging; use mulch to conserve moisture and consider drip irrigation for efficiency. Tip: Monitor fields weekly during critical growth stages for early pest detection.",millet,irrigation
What government schemes support millet farmers and how to apply?,"For Millet: Follow certified seed, appropriate plant spacing, monitor for pests, and conduct soil tests. Apply balanced fertilizer based on soil test results and follow recommended irrigation schedules for the crop. Tip: Test soil every 2-3 years and follow recommended fertilizer programs.",millet,general
How to perform a quick on-field soil test for apple planting?,"Soil advice: Soil appears acidic (pH 5.5-6.5). Recommended N-P-K levels: N=high, P=low, K=high. Add organic matter and consider liming if acidic. Perform a soil test for exact fertilizer recommendations; use compost to improve organic matter. Tip: Monitor fields weekly during critical growth stages for early pest detection.",apple,soil
How do I manage irrigation scheduling for tea during drought?,"Irrigation guidance: Water based on crop stage—establishment, vegetative growth, and reproductive stages need careful scheduling. Avoid waterlogging; use mulch to conserve moisture and consider drip irrigation for efficiency. Tip: Use certified seed and treat seeds where appropriate to reduce seed-borne diseases.",tea,irrigation
How can I test soil fertility before planting pea?,"Soil advice: Soil appears acidic (pH 5.5-6.5). Recommended N-P-K levels: N=high, P=medium, K=low. Add organic matter and consider liming if acidic. Perform a soil test for exact fertilizer recommendations; use compost to improve organic matter. Tip: Test soil every 2-3 years and follow recommended fertilizer programs.",pea,soil
How can I improve how do I diagnose fungal diseases in wheat and treat them?,"Pest/Disease guidance: Inspect plants for symptoms (spots, wilting, yellowing). Use integrated pest management (IPM): crop rotation, resistant varieties, targeted biocontrols, and correct pesticide application. If unsure, collect a sample and consult local extension services. Tip: Apply compost or well-rotted manure annually to improve soil structure.",wheat,pest/disease
How can I improve how do I identify nematode damage in barley and manage it?,"For Barley: Follow certified seed, appropriate plant spacing, monitor for pests, and conduct soil tests. Apply balanced fertilizer based on soil test results and follow recommended irrigation schedules for the crop. Tip: Monitor fields weekly during critical growth stages for early pest detection.",barley,general
What cover crops complement pulse in rotation to improve soil health?,"Soil advice: Soil appears alkaline (pH 7.5+). Recommended N-P-K levels: N=medium, P=medium, K=high. Add organic matter and consider liming if acidic. Perform a soil test for exact fertilizer recommendations; use compost to improve organic matter. Tip: Rotate crops to reduce pest and disease pressure.",pulse,soil
How can I improve what are harvesting indicators that show tea is ready to harvest?,"Post-harvest: Harvest at physiological maturity, dry to safe moisture content, and store in a cool, dry place to avoid pests. Use proper packaging and consider value-added processing to increase shelf life. Tip: Monitor fields weekly during critical growth stages for early pest detection.",tea,post-harvest
What are the best seed varieties of coffee for high yield and disease resistance in high-altitude areas?,"Pest/Disease guidance: Inspect plants for symptoms (spots, wilting, yellowing). Use integrated pest management (IPM): crop rotation, resistant varieties, targeted biocontrols, and correct pesticide application. If unsure, collect a sample and consult local extension services. Tip: Use certified seed and treat seeds where appropriate to reduce seed-borne diseases.",coffee,pest/disease
What are early warning signs of pest outbreaks in potato fields?,"Pest/Disease guidance: Inspect plants for symptoms (spots, wilting, yellowing). Use integrated pest management (IPM): crop rotation, resistant varieties, targeted biocontrols, and correct pesticide application. If unsure, collect a sample and consult local extension services. Tip: Monitor fields weekly during critical growth stages for early pest detection.",potato,pest/disease
How do I manage weeds in tea fields effectively?,"Pest/Disease guidance: Inspect plants for symptoms (spots, wilting, yellowing). Use integrated pest management (IPM): crop rotation, resistant varieties, targeted biocontrols, and correct pesticide application. If unsure, collect a sample and consult local extension services. Tip: Use certified seed and treat seeds where appropriate to reduce seed-borne diseases.",tea,pest/disease
How do I manage irrigation scheduling for barley during drought?,"Irrigation guidance: Water based on crop stage—establishment, vegetative growth, and reproductive stages need careful scheduling. Avoid waterlogging; use mulch to conserve moisture and consider drip irrigation for efficiency. Tip: Rotate crops to reduce pest and disease pressure.",barley,irrigation
How can I use compost and organic amendments for grape production?,"Soil advice: Soil appears neutral (pH 6.5-7.5). Recommended N-P-K levels: N=high, P=medium, K=high. Add organic matter and consider liming if acidic. Perform a soil test for exact fertilizer recommendations; use compost to improve organic matter. Tip: Test soil every 2-3 years and follow recommended fertilizer programs.",grape,soil
How to establish a nursery for cotton seedlings?,"For Cotton: Follow certified seed, appropriate plant spacing, monitor for pests, and conduct soil tests. Apply balanced fertilizer based on soil test results and follow recommended irrigation schedules for the crop. Tip: Use certified seed and treat seeds where appropriate to reduce seed-borne diseases.",cotton,general
What are harvesting indicators that show tea is ready to harvest?,"Post-harvest: Harvest at physiological maturity, dry to safe moisture content, and store in a cool, dry place to avoid pests. Use proper packaging and consider value-added processing to increase shelf life. Tip: Test soil every 2-3 years and follow recommended fertilizer programs.",tea,post-harvest
What are recommended spacing and plant density for pulse?,"For Pulse: Follow certified seed, appropriate plant spacing, monitor for pests, and conduct soil tests. Apply balanced fertilizer based on soil test results and follow recommended irrigation schedules for the crop. Tip: Test soil every 2-3 years and follow recommended fertilizer programs.",pulse,general
What are the symptoms of nutrient deficiency in pulse and how to address them?,"For Pulse: Follow certified seed, appropriate plant spacing, monitor for pests, and conduct soil tests. Apply balanced fertilizer based on soil test results and follow recommended irrigation schedules for the crop. Tip: Apply compost or well-rotted manure annually to improve soil structure.",pulse,general
How do I determine the optimal planting time for millet in temperate regions?,"For Millet: Follow certified seed, appropriate plant spacing, monitor for pests, and conduct soil tests. Apply balanced fertilizer based on soil test results and follow recommended irrigation schedules for the crop. Tip: Rotate crops to reduce pest and disease pressure.",millet,general
What are water-saving irrigation techniques suitable for coffee?,"Irrigation guidance: Water based on crop stage—establishment, vegetative growth, and reproductive stages need careful scheduling. Avoid waterlogging; use mulch to conserve moisture and consider drip irrigation for efficiency. Tip: Use certified seed and treat seeds where appropriate to reduce seed-borne diseases.",coffee,irrigation
What are recommended planting depths and sowing rates for pulse?,"For Pulse: Follow certified seed, appropriate plant spacing, monitor for pests, and conduct soil tests. Apply balanced fertilizer based on soil test results and follow recommended irrigation schedules for the crop. Tip: Use certified seed and treat seeds where appropriate to reduce seed-borne diseases.",pulse,general
How can I improve what cover crops complement rice in rotation to improve soil health?,"Soil advice: Soil appears alkaline (pH 7.5+). Recommended N-P-K levels: N=low, P=high, K=high. Add organic matter and consider liming if acidic. Perform a soil test for exact fertilizer recommendations; use compost to improve organic matter. Tip: Test soil every 2-3 years and follow recommended fertilizer programs.",rice,soil
How do I determine the optimal planting time for apple in high-altitude areas?,"For Apple: Follow certified seed, appropriate plant spacing, monitor for pests, and conduct soil tests. Apply balanced fertilizer based on soil test results and follow recommended irrigation schedules for the crop. Tip: Test soil every 2-3 years and follow recommended fertilizer programs.",apple,general
What are the profitable value-added products from tea processing?,"For Tea: Follow certified seed, appropriate plant spacing, monitor for pests, and conduct soil tests. Apply balanced fertilizer based on soil test results and follow recommended irrigation schedules for the crop. Tip: Use certified seed and treat seeds where appropriate to reduce seed-borne diseases.",tea,general
What fertilizer program should I follow for a healthy tea crop?,"For Tea: Follow certified seed, appropriate plant spacing, monitor for pests, and conduct soil tests. Apply balanced fertilizer based on soil test results and follow recommended irrigation schedules for the crop. Tip: Test soil every 2-3 years and follow recommended fertilizer programs.",tea,general
Which soil types are most suitable for cultivating barley?,"Soil advice: Soil appears neutral (pH 6.5-7.5). Recommended N-P-K levels: N=medium, P=medium, K=medium. Add organic matter and consider liming if acidic. Perform a soil test for exact fertilizer recommendations; use compost to improve organic matter. Tip: Apply compost or well-rotted manure annually to improve soil structure.",barley,soil
How to establish a nursery for onion seedlings?,"For Onion: Follow certified seed, appropriate plant spacing, monitor for pests, and conduct soil tests. Apply balanced fertilizer based on soil test results and follow recommended irrigation schedules for the crop. Tip: Monitor fields weekly during critical growth stages for early pest detection.",onion,general
How do I determine the optimal planting time for garlic in arid zones?,"For Garlic: Follow certified seed, appropriate plant spacing, monitor for pests, and conduct soil tests. Apply balanced fertilizer based on soil test results and follow recommended irrigation schedules for the crop. Tip: Test soil every 2-3 years and follow recommended fertilizer programs.",garlic,general
How can I improve how do I identify nematode damage in tea and manage it?,"For Tea: Follow certified seed, appropriate plant spacing, monitor for pests, and conduct soil tests. Apply balanced fertilizer based on soil test results and follow recommended irrigation schedules for the crop. Tip: Test soil every 2-3 years and follow recommended fertilizer programs.",tea,general
How should I irrigate pulse to maximize water efficiency?,"Irrigation guidance: Water based on crop stage—establishment, vegetative growth, and reproductive stages need careful scheduling. Avoid waterlogging; use mulch to conserve moisture and consider drip irrigation for efficiency. Tip: Rotate crops to reduce pest and disease pressure.",pulse,irrigation
How do I determine the optimal planting time for grape in my region?,"For Grape: Follow certified seed, appropriate plant spacing, monitor for pests, and conduct soil tests. Apply balanced fertilizer based on soil test results and follow recommended irrigation schedules for the crop. Tip: Test soil every 2-3 years and follow recommended fertilizer programs.",grape,general
What are the profitable value-added products from onion processing?,"For Onion: Follow certified seed, appropriate plant spacing, monitor for pests, and conduct soil tests. Apply balanced fertilizer based on soil test results and follow recommended irrigation schedules for the crop. Tip: Rotate crops to reduce pest and disease pressure.",onion,general
How can I improve seed germination rates for corn?,"For Corn: Follow certified seed, appropriate plant spacing, monitor for pests, and conduct soil tests. Apply balanced fertilizer based on soil test results and follow recommended irrigation schedules for the crop. Tip: Monitor fields weekly during critical growth stages for early pest detection.",corn,general
How can I improve seed germination rates for pea?,"For Pea: Follow certified seed, appropriate plant spacing, monitor for pests, and conduct soil tests. Apply balanced fertilizer based on soil test results and follow recommended irrigation schedules for the crop. Tip: Monitor fields weekly during critical growth stages for early pest detection.",pea,general
How can I improve what government schemes support banana farmers and how to apply?,"For Banana: Follow certified seed, appropriate plant spacing, monitor for pests, and conduct soil tests. Apply balanced fertilizer based on soil test results and follow recommended irrigation schedules for the crop. Tip: Monitor fields weekly during critical growth stages for early pest detection.",banana,general
How do I prepare a soil bed for transplanting lentil seedlings?,"Soil advice: Soil appears alkaline (pH 7.5+). Recommended N-P-K levels: N=medium, P=high, K=medium. Add organic matter and consider liming if acidic. Perform a soil test for exact fertilizer recommendations; use compost to improve organic matter. Tip: Test soil every 2-3 years and follow recommended fertilizer programs.",lentil,soil
How can I improve how to manage salinity or alkalinity issues when growing lentil?,"For Lentil: Follow certified seed, appropriate plant spacing, monitor for pests, and conduct soil tests. Apply balanced fertilizer based on soil test results and follow recommended irrigation schedules for the crop. Tip: Monitor fields weekly during critical growth stages for early pest detection.",lentil,general
How can I improve seed germination rates for pulse?,"For Pulse: Follow certified seed, appropriate plant spacing, monitor for pests, and conduct soil tests. Apply balanced fertilizer based on soil test results and follow recommended irrigation schedules for the crop. Tip: Use certified seed and treat seeds where appropriate to reduce seed-borne diseases.",pulse,general
How to select appropriate fertilizer blends for corn?,"For Corn: Follow certified seed, appropriate plant spacing, monitor for pests, and conduct soil tests. Apply balanced fertilizer based on soil test results and follow recommended irrigation schedules for the crop. Tip: Apply compost or well-rotted manure annually to improve soil structure.",corn,general
How to establish a nursery for apple seedlings?,"For Apple: Follow certified seed, appropriate plant spacing, monitor for pests, and conduct soil tests. Apply balanced fertilizer based on soil test results and follow recommended irrigation schedules for the crop. Tip: Monitor fields weekly during critical growth stages for early pest detection.",apple,general
How to manage salinity or alkalinity issues when growing grape?,"For Grape: Follow certified seed, appropriate plant spacing, monitor for pests, and conduct soil tests. Apply balanced fertilizer based on soil test results and follow recommended irrigation schedules for the crop. Tip: Use certified seed and treat seeds where appropriate to reduce seed-borne diseases.",grape,general
How can I improve what are effective organic practices for growing pea?,"Soil advice: Soil appears acidic (pH 5.5-6.5). Recommended N-P-K levels: N=medium, P=medium, K=medium. Add organic matter and consider liming if acidic. Perform a soil test for exact fertilizer recommendations; use compost to improve organic matter. Tip: Rotate crops to reduce pest and disease pressure.",pea,soil
How can I improve how to manage post-harvest quality and grading for garlic?,"Post-harvest: Harvest at physiological maturity, dry to safe moisture content, and store in a cool, dry place to avoid pests. Use proper packaging and consider value-added processing to increase shelf life. Tip: Use certified seed and treat seeds where appropriate to reduce seed-borne diseases.",garlic,post-harvest
How to establish a nursery for barley seedlings?,"For Barley: Follow certified seed, appropriate plant spacing, monitor for pests, and conduct soil tests. Apply balanced fertilizer based on soil test results and follow recommended irrigation schedules for the crop. Tip: Use certified seed and treat seeds where appropriate to reduce seed-borne diseases.",barley,general
How do I select disease-resistant lentil varieties for my area?,"Pest/Disease guidance: Inspect plants for symptoms (spots, wilting, yellowing). Use integrated pest management (IPM): crop rotation, resistant varieties, targeted biocontrols, and correct pesticide application. If unsure, collect a sample and consult local extension services. Tip: Apply compost or well-rotted manure annually to improve soil structure.",lentil,pest/disease
What are harvesting indicators that show rice is ready to harvest?,"Post-harvest: Harvest at physiological maturity, dry to safe moisture content, and store in a cool, dry place to avoid pests. Use proper packaging and consider value-added processing to increase shelf life. Tip: Rotate crops to reduce pest and disease pressure.",rice,post-harvest
How can I improve how to reduce fertilizer runoff from pulse fields and protect water quality?,"Irrigation guidance: Water based on crop stage—establishment, vegetative growth, and reproductive stages need careful scheduling. Avoid waterlogging; use mulch to conserve moisture and consider drip irrigation for efficiency. Tip: Test soil every 2-3 years and follow recommended fertilizer programs.",pulse,irrigation
How can I improve how do I select disease-resistant pea varieties for my area?,"Pest/Disease guidance: Inspect plants for symptoms (spots, wilting, yellowing). Use integrated pest management (IPM): crop rotation, resistant varieties, targeted biocontrols, and correct pesticide application. If unsure, collect a sample and consult local extension services. Tip: Test soil every 2-3 years and follow recommended fertilizer programs.",pea,pest/disease
How do I identify nematode damage in cotton and manage it?,"For Cotton: Follow certified seed, appropriate plant spacing, monitor for pests, and conduct soil tests. Apply balanced fertilizer based on soil test results and follow recommended irrigation schedules for the crop. Tip: Monitor fields weekly during critical growth stages for early pest detection.",cotton,general
How do I determine the optimal planting time for corn in high-altitude areas?,"For Corn: Follow certified seed, appropriate plant spacing, monitor for pests, and conduct soil tests. Apply balanced fertilizer based on soil test results and follow recommended irrigation schedules for the crop. Tip: Use certified seed and treat seeds where appropriate to reduce seed-borne diseases.",corn,general
What are recommended spacing and plant density for barley?,"For Barley: Follow certified seed, appropriate plant spacing, monitor for pests, and conduct soil tests. Apply balanced fertilizer based on soil test results and follow recommended irrigation schedules for the crop. Tip: Test soil every 2-3 years and follow recommended fertilizer programs.",barley,general
What are early warning signs of pest outbreaks in coffee fields?,"Pest/Disease guidance: Inspect plants for symptoms (spots, wilting, yellowing). Use integrated pest management (IPM): crop rotation, resistant varieties, targeted biocontrols, and correct pesticide application. If unsure, collect a sample and consult local extension services. Tip: Use certified seed and treat seeds where appropriate to reduce seed-borne diseases.",coffee,pest/disease
What fertilizer program should I follow for a healthy grape crop?,"For Grape: Follow certified seed, appropriate plant spacing, monitor for pests, and conduct soil tests. Apply balanced fertilizer based on soil test results and follow recommended irrigation schedules for the crop. Tip: Apply compost or well-rotted manure annually to improve soil structure.",grape,general
What are the common pests of tea and how to control them?,"Pest/Disease guidance: Inspect plants for symptoms (spots, wilting, yellowing). Use integrated pest management (IPM): crop rotation, resistant varieties, targeted biocontrols, and correct pesticide application. If unsure, collect a sample and consult local extension services. Tip: Monitor fields weekly during critical growth stages for early pest detection.",tea,pest/disease
What are harvesting indicators that show lentil is ready to harvest?,"Post-harvest: Harvest at physiological maturity, dry to safe moisture content, and store in a cool, dry place to avoid pests. Use proper packaging and consider value-added processing to increase shelf life. Tip: Use certified seed and treat seeds where appropriate to reduce seed-borne diseases.",lentil,post-harvest
How can I improve how to control bacterial diseases in apple crops?,"Pest/Disease guidance: Inspect plants for symptoms (spots, wilting, yellowing). Use integrated pest management (IPM): crop rotation, resistant varieties, targeted biocontrols, and correct pesticide application. If unsure, collect a sample and consult local extension services. Tip: Monitor fields weekly during critical growth stages for early pest detection.",apple,pest/disease
How can I improve which soil types are most suitable for cultivating banana?,"Soil advice: Soil appears acidic (pH 5.5-6.5). Recommended N-P-K levels: N=medium, P=medium, K=high. Add organic matter and consider liming if acidic. Perform a soil test for exact fertilizer recommendations; use compost to improve organic matter. Tip: Test soil every 2-3 years and follow recommended fertilizer programs.",banana,soil
How do I determine the optimal planting time for millet in coastal areas?,"For Millet: Follow certified seed, appropriate plant spacing, monitor for pests, and conduct soil tests. Apply balanced fertilizer based on soil test results and follow recommended irrigation schedules for the crop. Tip: Test soil every 2-3 years and follow recommended fertilizer programs.",millet,general
How can I test soil fertility before planting coffee?,"Soil advice: Soil appears alkaline (pH 7.5+). Recommended N-P-K levels: N=high, P=medium, K=medium. Add organic matter and consider liming if acidic. Perform a soil test for exact fertilizer recommendations; use compost to improve organic matter. Tip: Test soil every 2-3 years and follow recommended fertilizer programs.",coffee,soil
How can I improve how to build a simple storage facility to store coffee after harvest?,"Post-harvest: Harvest at physiological maturity, dry to safe moisture content, and store in a cool, dry place to avoid pests. Use proper packaging and consider value-added processing to increase shelf life. Tip: Rotate crops to reduce pest and disease pressure.",coffee,post-harvest
What are the best seed varieties of millet for high yield and disease resistance in coastal areas?,"Pest/Disease guidance: Inspect plants for symptoms (spots, wilting, yellowing). Use integrated pest management (IPM): crop rotation, resistant varieties, targeted biocontrols, and correct pesticide application. If unsure, collect a sample and consult local extension services. Tip: Monitor fields weekly during critical growth stages for early pest detection.",millet,pest/disease
Which soil types are most suitable for cultivating lentil?,"Soil advice: Soil appears neutral (pH 6.5-7.5). Recommended N-P-K levels: N=low, P=high, K=low. Add organic matter and consider liming if acidic. Perform a soil test for exact fertilizer recommendations; use compost to improve organic matter. Tip: Apply compost or well-rotted manure annually to improve soil structure.",lentil,soil
How can I improve how to manage salinity or alkalinity issues when growing soybean?,"For Soybean: Follow certified seed, appropriate plant spacing, monitor for pests, and conduct soil tests. Apply balanced fertilizer based on soil test results and follow recommended irrigation schedules for the crop. Tip: Apply compost or well-rotted manure annually to improve soil structure.",soybean,general
How can I improve seed germination rates for coffee?,"For Coffee: Follow certified seed, appropriate plant spacing, monitor for pests, and conduct soil tests. Apply balanced fertilizer based on soil test results and follow recommended irrigation schedules for the crop. Tip: Test soil every 2-3 years and follow recommended fertilizer programs.",coffee,general
How can I improve how to build a simple storage facility to store wheat after harvest?,"Post-harvest: Harvest at physiological maturity, dry to safe moisture content, and store in a cool, dry place to avoid pests. Use proper packaging and consider value-added processing to increase shelf life. Tip: Test soil every 2-3 years and follow recommended fertilizer programs.",wheat,post-harvest
How can I improve what cover crops complement barley in rotation to improve soil health?,"Soil advice: Soil appears acidic (pH 5.5-6.5). Recommended N-P-K levels: N=high, P=low, K=medium. Add organic matter and consider liming if acidic. Perform a soil test for exact fertilizer recommendations; use compost to improve organic matter. Tip: Test soil every 2-3 years and follow recommended fertilizer programs.",barley,soil
How do I select disease-resistant corn varieties for my area?,"Pest/Disease guidance: Inspect plants for symptoms (spots, wilting, yellowing). Use integrated pest management (IPM): crop rotation, resistant varieties, targeted biocontrols, and correct pesticide application. If unsure, collect a sample and consult local extension services. Tip: Test soil every 2-3 years and follow recommended fertilizer programs.",corn,pest/disease
What are harvesting indicators that show millet is ready to harvest?,"Post-harvest: Harvest at physiological maturity, dry to safe moisture content, and store in a cool, dry place to avoid pests. Use proper packaging and consider value-added processing to increase shelf life. Tip: Monitor fields weekly during critical growth stages for early pest detection.",millet,post-harvest
What cover crops complement millet in rotation to improve soil health?,"Soil advice: Soil appears neutral (pH 6.5-7.5). Recommended N-P-K levels: N=medium, P=low, K=low. Add organic matter and consider liming if acidic. Perform a soil test for exact fertilizer recommendations; use compost to improve organic matter. Tip: Use certified seed and treat seeds where appropriate to reduce seed-borne diseases.",millet,soil
What government schemes support pulse farmers and how to apply?,"For Pulse: Follow certified seed, appropriate plant spacing, monitor for pests, and conduct soil tests. Apply balanced fertilizer based on soil test results and follow recommended irrigation schedules for the crop. Tip: Apply compost or well-rotted manure annually to improve soil structure.",pulse,general
What are recommended spacing and plant density for grape?,"For Grape: Follow certified seed, appropriate plant spacing, monitor for pests, and conduct soil tests. Apply balanced fertilizer based on soil test results and follow recommended irrigation schedules for the crop. Tip: Test soil every 2-3 years and follow recommended fertilizer programs.",grape,general
How can I improve how can I improve seed germination rates for apple?,"For Apple: Follow certified seed, appropriate plant spacing, monitor for pests, and conduct soil tests. Apply balanced fertilizer based on soil test results and follow recommended irrigation schedules for the crop. Tip: Use certified seed and treat seeds where appropriate to reduce seed-borne diseases.",apple,general
What are water-saving irrigation techniques suitable for soybean?,"Irrigation guidance: Water based on crop stage—establishment, vegetative growth, and reproductive stages need careful scheduling. Avoid waterlogging; use mulch to conserve moisture and consider drip irrigation for efficiency. Tip: Use certified seed and treat seeds where appropriate to reduce seed-borne diseases.",soybean,irrigation
What are early warning signs of pest outbreaks in barley fields?,"Pest/Disease guidance: Inspect plants for symptoms (spots, wilting, yellowing). Use integrated pest management (IPM): crop rotation, resistant varieties, targeted biocontrols, and correct pesticide application. If unsure, collect a sample and consult local extension services. Tip: Test soil every 2-3 years and follow recommended fertilizer programs.",barley,pest/disease
How to select appropriate fertilizer blends for coffee?,"For Coffee: Follow certified seed, appropriate plant spacing, monitor for pests, and conduct soil tests. Apply balanced fertilizer based on soil test results and follow recommended irrigation schedules for the crop. Tip: Rotate crops to reduce pest and disease pressure.",coffee,general
What mechanization options are suitable for millet on medium farms?,"For Millet: Follow certified seed, appropriate plant spacing, monitor for pests, and conduct soil tests. Apply balanced fertilizer based on soil test results and follow recommended irrigation schedules for the crop. Tip: Test soil every 2-3 years and follow recommended fertilizer programs.",millet,general
How do I manage weeds in corn fields effectively?,"Pest/Disease guidance: Inspect plants for symptoms (spots, wilting, yellowing). Use integrated pest management (IPM): crop rotation, resistant varieties, targeted biocontrols, and correct pesticide application. If unsure, collect a sample and consult local extension services. Tip: Test soil every 2-3 years and follow recommended fertilizer programs.",corn,pest/disease
How can I improve how do I identify nematode damage in grape and manage it?,"For Grape: Follow certified seed, appropriate plant spacing, monitor for pests, and conduct soil tests. Apply balanced fertilizer based on soil test results and follow recommended irrigation schedules for the crop. Tip: Rotate crops to reduce pest and disease pressure.",grape,general
What are water-saving irrigation techniques suitable for corn?,"Irrigation guidance: Water based on crop stage—establishment, vegetative growth, and reproductive stages need careful scheduling. Avoid waterlogging; use mulch to conserve moisture and consider drip irrigation for efficiency. Tip: Test soil every 2-3 years and follow recommended fertilizer programs.",corn,irrigation
How do I determine the optimal planting time for banana in high-altitude areas?,"For Banana: Follow certified seed, appropriate plant spacing, monitor for pests, and conduct soil tests. Apply balanced fertilizer based on soil test results and follow recommended irrigation schedules for the crop. Tip: Apply compost or well-rotted manure annually to improve soil structure.",banana,general
What are early warning signs of pest outbreaks in rice fields?,"Pest/Disease guidance: Inspect plants for symptoms (spots, wilting, yellowing). Use integrated pest management (IPM): crop rotation, resistant varieties, targeted biocontrols, and correct pesticide application. If unsure, collect a sample and consult local extension services. Tip: Monitor fields weekly during critical growth stages for early pest detection.",rice,pest/disease
How do I manage irrigation scheduling for sugarcane during drought?,"Irrigation guidance: Water based on crop stage—establishment, vegetative growth, and reproductive stages need careful scheduling. Avoid waterlogging; use mulch to conserve moisture and consider drip irrigation for efficiency. Tip: Apply compost or well-rotted manure annually to improve soil structure.",sugarcane,irrigation
What are harvesting indicators that show onion is ready to harvest?,"Post-harvest: Harvest at physiological maturity, dry to safe moisture content, and store in a cool, dry place to avoid pests. Use proper packaging and consider value-added processing to increase shelf life. Tip: Apply compost or well-rotted manure annually to improve soil structure.",onion,post-harvest
How can I increase grape yield on smallholder farms?,"Post-harvest: Harvest at physiological maturity, dry to safe moisture content, and store in a cool, dry place to avoid pests. Use proper packaging and consider value-added processing to increase shelf life. Tip: Rotate crops to reduce pest and disease pressure.",grape,post-harvest
What are harvesting indicators that show garlic is ready to harvest?,"Post-harvest: Harvest at physiological maturity, dry to safe moisture content, and store in a cool, dry place to avoid pests. Use proper packaging and consider value-added processing to increase shelf life. Tip: Test soil every 2-3 years and follow recommended fertilizer programs.",garlic,post-harvest
How do I determine the optimal planting time for maize in tropical areas?,"For Maize: Follow certified seed, appropriate plant spacing, monitor for pests, and conduct soil tests. Apply balanced fertilizer based on soil test results and follow recommended irrigation schedules for the crop. Tip: Use certified seed and treat seeds where appropriate to reduce seed-borne diseases.",maize,general
What are early warning signs of pest outbreaks in garlic fields?,"Pest/Disease guidance: Inspect plants for symptoms (spots, wilting, yellowing). Use integrated pest management (IPM): crop rotation, resistant varieties, targeted biocontrols, and correct pesticide application. If unsure, collect a sample and consult local extension services. Tip: Use certified seed and treat seeds where appropriate to reduce seed-borne diseases.",garlic,pest/disease
How can I improve what are early warning signs of pest outbreaks in banana fields?,"Pest/Disease guidance: Inspect plants for symptoms (spots, wilting, yellowing). Use integrated pest management (IPM): crop rotation, resistant varieties, targeted biocontrols, and correct pesticide application. If unsure, collect a sample and consult local extension services. Tip: Monitor fields weekly during critical growth stages for early pest detection.",banana,pest/disease
What integrated pest management (IPM) strategies work well for apple?,"Pest/Disease guidance: Inspect plants for symptoms (spots, wilting, yellowing). Use integrated pest management (IPM): crop rotation, resistant varieties, targeted biocontrols, and correct pesticide application. If unsure, collect a sample and consult local extension services. Tip: Apply compost or well-rotted manure annually to improve soil structure.",apple,pest/disease
How can I improve how to perform a quick on-field soil test for potato planting?,"Soil advice: Soil appears alkaline (pH 7.5+). Recommended N-P-K levels: N=high, P=low, K=high. Add organic matter and consider liming if acidic. Perform a soil test for exact fertilizer recommendations; use compost to improve organic matter. Tip: Monitor fields weekly during critical growth stages for early pest detection.",potato,soil
How can I improve what are effective organic practices for growing sorghum?,"Soil advice: Soil appears acidic (pH 5.5-6.5). Recommended N-P-K levels: N=high, P=medium, K=low. Add organic matter and consider liming if acidic. Perform a soil test for exact fertilizer recommendations; use compost to improve organic matter. Tip: Rotate crops to reduce pest and disease pressure.",sorghum,soil
What are water-saving irrigation techniques suitable for onion?,"Irrigation guidance: Water based on crop stage—establishment, vegetative growth, and reproductive stages need careful scheduling. Avoid waterlogging; use mulch to conserve moisture and consider drip irrigation for efficiency. Tip: Monitor fields weekly during critical growth stages for early pest detection.",onion,irrigation
What integrated pest management (IPM) strategies work well for coffee?,"Pest/Disease guidance: Inspect plants for symptoms (spots, wilting, yellowing). Use integrated pest management (IPM): crop rotation, resistant varieties, targeted biocontrols, and correct pesticide application. If unsure, collect a sample and consult local extension services. Tip: Use certified seed and treat seeds where appropriate to reduce seed-borne diseases.",coffee,pest/disease
How can I improve how to select appropriate fertilizer blends for rice?,"For Rice: Follow certified seed, appropriate plant spacing, monitor for pests, and conduct soil tests. Apply balanced fertilizer based on soil test results and follow recommended irrigation schedules for the crop. Tip: Use certified seed and treat seeds where appropriate to reduce seed-borne diseases.",rice,general
How to build a simple storage facility to store pea after harvest?,"Post-harvest: Harvest at physiological maturity, dry to safe moisture content, and store in a cool, dry place to avoid pests. Use proper packaging and consider value-added processing to increase shelf life. Tip: Apply compost or well-rotted manure annually to improve soil structure.",pea,post-harvest
How to manage post-harvest quality and grading for wheat?,"Post-harvest: Harvest at physiological maturity, dry to safe moisture content, and store in a cool, dry place to avoid pests. Use proper packaging and consider value-added processing to increase shelf life. Tip: Use certified seed and treat seeds where appropriate to reduce seed-borne diseases.",wheat,post-harvest
What are effective organic practices for growing millet?,"Soil advice: Soil appears alkaline (pH 7.5+). Recommended N-P-K levels: N=medium, P=high, K=high. Add organic matter and consider liming if acidic. Perform a soil test for exact fertilizer recommendations; use compost to improve organic matter. Tip: Monitor fields weekly during critical growth stages for early pest detection.",millet,soil
How do I determine the optimal planting time for rice in high-altitude areas?,"For Rice: Follow certified seed, appropriate plant spacing, monitor for pests, and conduct soil tests. Apply balanced fertilizer based on soil test results and follow recommended irrigation schedules for the crop. Tip: Use certified seed and treat seeds where appropriate to reduce seed-borne diseases.",rice,general
How do I select disease-resistant sugarcane varieties for my area?,"Pest/Disease guidance: Inspect plants for symptoms (spots, wilting, yellowing). Use integrated pest management (IPM): crop rotation, resistant varieties, targeted biocontrols, and correct pesticide application. If unsure, collect a sample and consult local extension services. Tip: Test soil every 2-3 years and follow recommended fertilizer programs.",sugarcane,pest/disease
What are water-saving irrigation techniques suitable for wheat?,"Irrigation guidance: Water based on crop stage—establishment, vegetative growth, and reproductive stages need careful scheduling. Avoid waterlogging; use mulch to conserve moisture and consider drip irrigation for efficiency. Tip: Monitor fields weekly during critical growth stages for early pest detection.",wheat,irrigation
What are harvesting indicators that show sugarcane is ready to harvest?,"Post-harvest: Harvest at physiological maturity, dry to safe moisture content, and store in a cool, dry place to avoid pests. Use proper packaging and consider value-added processing to increase shelf life. Tip: Apply compost or well-rotted manure annually to improve soil structure.",sugarcane,post-harvest
What are water-saving irrigation techniques suitable for barley?,"Irrigation guidance: Water based on crop stage—establishment, vegetative growth, and reproductive stages need careful scheduling. Avoid waterlogging; use mulch to conserve moisture and consider drip irrigation for efficiency. Tip: Test soil every 2-3 years and follow recommended fertilizer programs.",barley,irrigation
How do I select disease-resistant banana varieties for my area?,"Pest/Disease guidance: Inspect plants for symptoms (spots, wilting, yellowing). Use integrated pest management (IPM): crop rotation, resistant varieties, targeted biocontrols, and correct pesticide application. If unsure, collect a sample and consult local extension services. Tip: Use certified seed and treat seeds where appropriate to reduce seed-borne diseases.",banana,pest/disease
How can I improve how to control bacterial diseases in sorghum crops?,"Pest/Disease guidance: Inspect plants for symptoms (spots, wilting, yellowing). Use integrated pest management (IPM): crop rotation, resistant varieties, targeted biocontrols, and correct pesticide application. If unsure, collect a sample and consult local extension services. Tip: Monitor fields weekly during critical growth stages for early pest detection.",sorghum,pest/disease
How can I improve how should I irrigate corn to maximize water efficiency?,"Irrigation guidance: Water based on crop stage—establishment, vegetative growth, and reproductive stages need careful scheduling. Avoid waterlogging; use mulch to conserve moisture and consider drip irrigation for efficiency. Tip: Test soil every 2-3 years and follow recommended fertilizer programs.",corn,irrigation
What are the symptoms of nutrient deficiency in apple and how to address them?,"For Apple: Follow certified seed, appropriate plant spacing, monitor for pests, and conduct soil tests. Apply balanced fertilizer based on soil test results and follow recommended irrigation schedules for the crop. Tip: Test soil every 2-3 years and follow recommended fertilizer programs.",apple,general
How to manage salinity or alkalinity issues when growing millet?,"For Millet: Follow certified seed, appropriate plant spacing, monitor for pests, and conduct soil tests. Apply balanced fertilizer based on soil test results and follow recommended irrigation schedules for the crop. Tip: Test soil every 2-3 years and follow recommended fertilizer programs.",millet,general
How can I use compost and organic amendments for lentil production?,"Soil advice: Soil appears acidic (pH 5.5-6.5). Recommended N-P-K levels: N=medium, P=high, K=medium. Add organic matter and consider liming if acidic. Perform a soil test for exact fertilizer recommendations; use compost to improve organic matter. Tip: Test soil every 2-3 years and follow recommended fertilizer programs.",lentil,soil
How can I improve how do I manage irrigation scheduling for onion during drought?,"Irrigation guidance: Water based on crop stage—establishment, vegetative growth, and reproductive stages need careful scheduling. Avoid waterlogging; use mulch to conserve moisture and consider drip irrigation for efficiency. Tip: Rotate crops to reduce pest and disease pressure.",onion,irrigation
How can I improve how do I manage weeds in sugarcane fields effectively?,"Pest/Disease guidance: Inspect plants for symptoms (spots, wilting, yellowing). Use integrated pest management (IPM): crop rotation, resistant varieties, targeted biocontrols, and correct pesticide application. If unsure, collect a sample and consult local extension services. Tip: Use certified seed and treat seeds where appropriate to reduce seed-borne diseases.",sugarcane,pest/disease
How can I improve how to manage post-harvest quality and grading for onion?,"Post-harvest: Harvest at physiological maturity, dry to safe moisture content, and store in a cool, dry place to avoid pests. Use proper packaging and consider value-added processing to increase shelf life. Tip: Apply compost or well-rotted manure annually to improve soil structure.",onion,post-harvest
How can I improve what government schemes support potato farmers and how to apply?,"For Potato: Follow certified seed, appropriate plant spacing, monitor for pests, and conduct soil tests. Apply balanced fertilizer based on soil test results and follow recommended irrigation schedules for the crop. Tip: Rotate crops to reduce pest and disease pressure.",potato,general
How to control bacterial diseases in tea crops?,"Pest/Disease guidance: Inspect plants for symptoms (spots, wilting, yellowing). Use integrated pest management (IPM): crop rotation, resistant varieties, targeted biocontrols, and correct pesticide application. If unsure, collect a sample and consult local extension services. Tip: Monitor fields weekly during critical growth stages for early pest detection.",tea,pest/disease
How can I improve what government schemes support sugarcane farmers and how to apply?,"For Sugarcane: Follow certified seed, appropriate plant spacing, monitor for pests, and conduct soil tests. Apply balanced fertilizer based on soil test results and follow recommended irrigation schedules for the crop. Tip: Monitor fields weekly during critical growth stages for early pest detection.",sugarcane,general
How can I improve what are effective organic practices for growing potato?,"Soil advice: Soil appears acidic (pH 5.5-6.5). Recommended N-P-K levels: N=medium, P=medium, K=high. Add organic matter and consider liming if acidic. Perform a soil test for exact fertilizer recommendations; use compost to improve organic matter. Tip: Rotate crops to reduce pest and disease pressure.",potato,soil
What integrated pest management (IPM) strategies work well for barley?,"Pest/Disease guidance: Inspect plants for symptoms (spots, wilting, yellowing). Use integrated pest management (IPM): crop rotation, resistant varieties, targeted biocontrols, and correct pesticide application. If unsure, collect a sample and consult local extension services. Tip: Use certified seed and treat seeds where appropriate to reduce seed-borne diseases.",barley,pest/disease
How can I improve what are recommended spacing and plant density for tomato?,"For Tomato: Follow certified seed, appropriate plant spacing, monitor for pests, and conduct soil tests. Apply balanced fertilizer based on soil test results and follow recommended irrigation schedules for the crop. Tip: Test soil every 2-3 years and follow recommended fertilizer programs.",tomato,general
What cover crops complement coffee in rotation to improve soil health?,"Soil advice: Soil appears neutral (pH 6.5-7.5). Recommended N-P-K levels: N=medium, P=medium, K=high. Add organic matter and consider liming if acidic. Perform a soil test for exact fertilizer recommendations; use compost to improve organic matter. Tip: Use certified seed and treat seeds where appropriate to reduce seed-borne diseases.",coffee,soil
What mechanization options are suitable for coffee on medium farms?,"For Coffee: Follow certified seed, appropriate plant spacing, monitor for pests, and conduct soil tests. Apply balanced fertilizer based on soil test results and follow recommended irrigation schedules for the crop. Tip: Apply compost or well-rotted manure annually to improve soil structure.",coffee,general
How can I improve what are the profitable value-added products from onion processing?,"For Onion: Follow certified seed, appropriate plant spacing, monitor for pests, and conduct soil tests. Apply balanced fertilizer based on soil test results and follow recommended irrigation schedules for the crop. Tip: Monitor fields weekly during critical growth stages for early pest detection.",onion,general
What are post-harvest storage best practices for millet?,"Post-harvest: Harvest at physiological maturity, dry to safe moisture content, and store in a cool, dry place to avoid pests. Use proper packaging and consider value-added processing to increase shelf life. Tip: Rotate crops to reduce pest and disease pressure.",millet,post-harvest
What are the best seed varieties of potato for high yield and disease resistance in temperate regions?,"Pest/Disease guidance: Inspect plants for symptoms (spots, wilting, yellowing). Use integrated pest management (IPM): crop rotation, resistant varieties, targeted biocontrols, and correct pesticide application. If unsure, collect a sample and consult local extension services. Tip: Use certified seed and treat seeds where appropriate to reduce seed-borne diseases.",potato,pest/disease
How can I improve how do I select disease-resistant corn varieties for my area?,"Pest/Disease guidance: Inspect plants for symptoms (spots, wilting, yellowing). Use integrated pest management (IPM): crop rotation, resistant varieties, targeted biocontrols, and correct pesticide application. If unsure, collect a sample and consult local extension services. Tip: Use certified seed and treat seeds where appropriate to reduce seed-borne diseases.",corn,pest/disease
How can I improve what are the common pests of rice and how to control them?,"Pest/Disease guidance: Inspect plants for symptoms (spots, wilting, yellowing). Use integrated pest management (IPM): crop rotation, resistant varieties, targeted biocontrols, and correct pesticide application. If unsure, collect a sample and consult local extension services. Tip: Use certified seed and treat seeds where appropriate to reduce seed-borne diseases.",rice,pest/disease
How can I improve how to reduce fertilizer runoff from maize fields and protect water quality?,"Irrigation guidance: Water based on crop stage—establishment, vegetative growth, and reproductive stages need careful scheduling. Avoid waterlogging; use mulch to conserve moisture and consider drip irrigation for efficiency. Tip: Rotate crops to reduce pest and disease pressure.",maize,irrigation
What are recommended planting depths and sowing rates for corn?,"For Corn: Follow certified seed, appropriate plant spacing, monitor for pests, and conduct soil tests. Apply balanced fertilizer based on soil test results and follow recommended irrigation schedules for the crop. Tip: Apply compost or well-rotted manure annually to improve soil structure.",corn,general
How to build a simple storage facility to store banana after harvest?,"Post-harvest: Harvest at physiological maturity, dry to safe moisture content, and store in a cool, dry place to avoid pests. Use proper packaging and consider value-added processing to increase shelf life. Tip: Apply compost or well-rotted manure annually to improve soil structure.",banana,post-harvest
What are recommended planting depths and sowing rates for tea?,"For Tea: Follow certified seed, appropriate plant spacing, monitor for pests, and conduct soil tests. Apply balanced fertilizer based on soil test results and follow recommended irrigation schedules for the crop. Tip: Apply compost or well-rotted manure annually to improve soil structure.",tea,general
How can I monitor coffee health using drones or remote sensing?,"For Coffee: Follow certified seed, appropriate plant spacing, monitor for pests, and conduct soil tests. Apply balanced fertilizer based on soil test results and follow recommended irrigation schedules for the crop. Tip: Rotate crops to reduce pest and disease pressure.",coffee,general
How to control bacterial diseases in barley crops?,"Pest/Disease guidance: Inspect plants for symptoms (spots, wilting, yellowing). Use integrated pest management (IPM): crop rotation, resistant varieties, targeted biocontrols, and correct pesticide application. If unsure, collect a sample and consult local extension services. Tip: Monitor fields weekly during critical growth stages for early pest detection.",barley,pest/disease
What are early warning signs of pest outbreaks in soybean fields?,"Pest/Disease guidance: Inspect plants for symptoms (spots, wilting, yellowing). Use integrated pest management (IPM): crop rotation, resistant varieties, targeted biocontrols, and correct pesticide application. If unsure, collect a sample and consult local extension services. Tip: Use certified seed and treat seeds where appropriate to reduce seed-borne diseases.",soybean,pest/disease
What are recommended planting depths and sowing rates for sorghum?,"For Sorghum: Follow certified seed, appropriate plant spacing, monitor for pests, and conduct soil tests. Apply balanced fertilizer based on soil test results and follow recommended irrigation schedules for the crop. Tip: Use certified seed and treat seeds where appropriate to reduce seed-borne diseases.",sorghum,general
What are water-saving irrigation techniques suitable for pea?,"Irrigation guidance: Water based on crop stage—establishment, vegetative growth, and reproductive stages need careful scheduling. Avoid waterlogging; use mulch to conserve moisture and consider drip irrigation for efficiency. Tip: Monitor fields weekly during critical growth stages for early pest detection.",pea,irrigation
What are recommended planting depths and sowing rates for coffee?,"For Coffee: Follow certified seed, appropriate plant spacing, monitor for pests, and conduct soil tests. Apply balanced fertilizer based on soil test results and follow recommended irrigation schedules for the crop. Tip: Rotate crops to reduce pest and disease pressure.",coffee,general
How can I increase coffee yield on smallholder farms?,"Post-harvest: Harvest at physiological maturity, dry to safe moisture content, and store in a cool, dry place to avoid pests. Use proper packaging and consider value-added processing to increase shelf life. Tip: Use certified seed and treat seeds where appropriate to reduce seed-borne diseases.",coffee,post-harvest
What are the symptoms of nutrient deficiency in corn and how to address them?,"For Corn: Follow certified seed, appropriate plant spacing, monitor for pests, and conduct soil tests. Apply balanced fertilizer based on soil test results and follow recommended irrigation schedules for the crop. Tip: Test soil every 2-3 years and follow recommended fertilizer programs.",corn,general
How can I improve how to build a simple storage facility to store potato after harvest?,"Post-harvest: Harvest at physiological maturity, dry to safe moisture content, and store in a cool, dry place to avoid pests. Use proper packaging and consider value-added processing to increase shelf life. Tip: Test soil every 2-3 years and follow recommended fertilizer programs.",potato,post-harvest
What are the best seed varieties of barley for high yield and disease resistance in coastal areas?,"Pest/Disease guidance: Inspect plants for symptoms (spots, wilting, yellowing). Use integrated pest management (IPM): crop rotation, resistant varieties, targeted biocontrols, and correct pesticide application. If unsure, collect a sample and consult local extension services. Tip: Test soil every 2-3 years and follow recommended fertilizer programs.",barley,pest/disease
How do I determine the optimal planting time for maize in arid zones?,"For Maize: Follow certified seed, appropriate plant spacing, monitor for pests, and conduct soil tests. Apply balanced fertilizer based on soil test results and follow recommended irrigation schedules for the crop. Tip: Use certified seed and treat seeds where appropriate to reduce seed-borne diseases.",maize,general
How can I improve how can I monitor tomato health using drones or remote sensing?,"For Tomato: Follow certified seed, appropriate plant spacing, monitor for pests, and conduct soil tests. Apply balanced fertilizer based on soil test results and follow recommended irrigation schedules for the crop. Tip: Rotate crops to reduce pest and disease pressure.",tomato,general
How do I select disease-resistant pulse varieties for my area?,"Pest/Disease guidance: Inspect plants for symptoms (spots, wilting, yellowing). Use integrated pest management (IPM): crop rotation, resistant varieties, targeted biocontrols, and correct pesticide application. If unsure, collect a sample and consult local extension services. Tip: Test soil every 2-3 years and follow recommended fertilizer programs.",pulse,pest/disease
What are the best seed varieties of sugarcane for high yield and disease resistance in high-altitude areas?,"Pest/Disease guidance: Inspect plants for symptoms (spots, wilting, yellowing). Use integrated pest management (IPM): crop rotation, resistant varieties, targeted biocontrols, and correct pesticide application. If unsure, collect a sample and consult local extension services. Tip: Rotate crops to reduce pest and disease pressure.",sugarcane,pest/disease
What are common post-harvest pests affecting grape and how to prevent them?,"Pest/Disease guidance: Inspect plants for symptoms (spots, wilting, yellowing). Use integrated pest management (IPM): crop rotation, resistant varieties, targeted biocontrols, and correct pesticide application. If unsure, collect a sample and consult local extension services. Tip: Rotate crops to reduce pest and disease pressure.",grape,pest/disease
How can I improve what are recommended spacing and plant density for cotton?,"For Cotton: Follow certified seed, appropriate plant spacing, monitor for pests, and conduct soil tests. Apply balanced fertilizer based on soil test results and follow recommended irrigation schedules for the crop. Tip: Monitor fields weekly during critical growth stages for early pest detection.",cotton,general
What are the best seed varieties of sugarcane for high yield and disease resistance in my region?,"Pest/Disease guidance: Inspect plants for symptoms (spots, wilting, yellowing). Use integrated pest management (IPM): crop rotation, resistant varieties, targeted biocontrols, and correct pesticide application. If unsure, collect a sample and consult local extension services. Tip: Apply compost or well-rotted manure annually to improve soil structure.",sugarcane,pest/disease
How do I manage irrigation scheduling for coffee during drought?,"Irrigation guidance: Water based on crop stage—establishment, vegetative growth, and reproductive stages need careful scheduling. Avoid waterlogging; use mulch to conserve moisture and consider drip irrigation for efficiency. Tip: Apply compost or well-rotted manure annually to improve soil structure.",coffee,irrigation
What integrated pest management (IPM) strategies work well for sorghum?,"Pest/Disease guidance: Inspect plants for symptoms (spots, wilting, yellowing). Use integrated pest management (IPM): crop rotation, resistant varieties, targeted biocontrols, and correct pesticide application. If unsure, collect a sample and consult local extension services. Tip: Rotate crops to reduce pest and disease pressure.",sorghum,pest/disease
How can I monitor tea health using drones or remote sensing?,"For Tea: Follow certified seed, appropriate plant spacing, monitor for pests, and conduct soil tests. Apply balanced fertilizer based on soil test results and follow recommended irrigation schedules for the crop. Tip: Rotate crops to reduce pest and disease pressure.",tea,general
Which soil types are most suitable for cultivating pea?,"Soil advice: Soil appears neutral (pH 6.5-7.5). Recommended N-P-K levels: N=low, P=medium, K=medium. Add organic matter and consider liming if acidic. Perform a soil test for exact fertilizer recommendations; use compost to improve organic matter. Tip: Monitor fields weekly during critical growth stages for early pest detection.",pea,soil
How can I improve how can I improve seed germination rates for banana?,"For Banana: Follow certified seed, appropriate plant spacing, monitor for pests, and conduct soil tests. Apply balanced fertilizer based on soil test results and follow recommended irrigation schedules for the crop. Tip: Apply compost or well-rotted manure annually to improve soil structure.",banana,general
How to control bacterial diseases in apple crops?,"Pest/Disease guidance: Inspect plants for symptoms (spots, wilting, yellowing). Use integrated pest management (IPM): crop rotation, resistant varieties, targeted biocontrols, and correct pesticide application. If unsure, collect a sample and consult local extension services. Tip: Rotate crops to reduce pest and disease pressure.",apple,pest/disease
How do I determine the optimal planting time for tomato in coastal areas?,"For Tomato: Follow certified seed, appropriate plant spacing, monitor for pests, and conduct soil tests. Apply balanced fertilizer based on soil test results and follow recommended irrigation schedules for the crop. Tip: Use certified seed and treat seeds where appropriate to reduce seed-borne diseases.",tomato,general
How can I test soil fertility before planting corn?,"Soil advice: Soil appears neutral (pH 6.5-7.5). Recommended N-P-K levels: N=high, P=medium, K=medium. Add organic matter and consider liming if acidic. Perform a soil test for exact fertilizer recommendations; use compost to improve organic matter. Tip: Monitor fields weekly during critical growth stages for early pest detection.",corn,soil
How to perform a quick on-field soil test for millet planting?,"Soil advice: Soil appears alkaline (pH 7.5+). Recommended N-P-K levels: N=high, P=high, K=medium. Add organic matter and consider liming if acidic. Perform a soil test for exact fertilizer recommendations; use compost to improve organic matter. Tip: Rotate crops to reduce pest and disease pressure.",millet,soil
How can I improve what are early warning signs of pest outbreaks in potato fields?,"Pest/Disease guidance: Inspect plants for symptoms (spots, wilting, yellowing). Use integrated pest management (IPM): crop rotation, resistant varieties, targeted biocontrols, and correct pesticide application. If unsure, collect a sample and consult local extension services. Tip: Apply compost or well-rotted manure annually to improve soil structure.",potato,pest/disease
What are water-saving irrigation techniques suitable for tea?,"Irrigation guidance: Water based on crop stage—establishment, vegetative growth, and reproductive stages need careful scheduling. Avoid waterlogging; use mulch to conserve moisture and consider drip irrigation for efficiency. Tip: Use certified seed and treat seeds where appropriate to reduce seed-borne diseases.",tea,irrigation
What are harvesting indicators that show pea is ready to harvest?,"Post-harvest: Harvest at physiological maturity, dry to safe moisture content, and store in a cool, dry place to avoid pests. Use proper packaging and consider value-added processing to increase shelf life. Tip: Monitor fields weekly during critical growth stages for early pest detection.",pea,post-harvest
What government schemes support pea farmers and how to apply?,"For Pea: Follow certified seed, appropriate plant spacing, monitor for pests, and conduct soil tests. Apply balanced fertilizer based on soil test results and follow recommended irrigation schedules for the crop. Tip: Rotate crops to reduce pest and disease pressure.",pea,general
How can I improve how do I prepare a soil bed for transplanting banana seedlings?,"Soil advice: Soil appears alkaline (pH 7.5+). Recommended N-P-K levels: N=medium, P=medium, K=medium. Add organic matter and consider liming if acidic. Perform a soil test for exact fertilizer recommendations; use compost to improve organic matter. Tip: Monitor fields weekly during critical growth stages for early pest detection.",banana,soil
What are the profitable value-added products from apple processing?,"For Apple: Follow certified seed, appropriate plant spacing, monitor for pests, and conduct soil tests. Apply balanced fertilizer based on soil test results and follow recommended irrigation schedules for the crop. Tip: Test soil every 2-3 years and follow recommended fertilizer programs.",apple,general
How do I manage irrigation scheduling for sorghum during drought?,"Irrigation guidance: Water based on crop stage—establishment, vegetative growth, and reproductive stages need careful scheduling. Avoid waterlogging; use mulch to conserve moisture and consider drip irrigation for efficiency. Tip: Rotate crops to reduce pest and disease pressure.",sorghum,irrigation
How can I improve what mechanization options are suitable for grape on medium farms?,"For Grape: Follow certified seed, appropriate plant spacing, monitor for pests, and conduct soil tests. Apply balanced fertilizer based on soil test results and follow recommended irrigation schedules for the crop. Tip: Rotate crops to reduce pest and disease pressure.",grape,general
How do I manage weeds in pulse fields effectively?,"Pest/Disease guidance: Inspect plants for symptoms (spots, wilting, yellowing). Use integrated pest management (IPM): crop rotation, resistant varieties, targeted biocontrols, and correct pesticide application. If unsure, collect a sample and consult local extension services. Tip: Use certified seed and treat seeds where appropriate to reduce seed-borne diseases.",pulse,pest/disease
How can I improve how to build a simple storage facility to store maize after harvest?,"Post-harvest: Harvest at physiological maturity, dry to safe moisture content, and store in a cool, dry place to avoid pests. Use proper packaging and consider value-added processing to increase shelf life. Tip: Monitor fields weekly during critical growth stages for early pest detection.",maize,post-harvest
How can I monitor apple health using drones or remote sensing?,"For Apple: Follow certified seed, appropriate plant spacing, monitor for pests, and conduct soil tests. Apply balanced fertilizer based on soil test results and follow recommended irrigation schedules for the crop. Tip: Monitor fields weekly during critical growth stages for early pest detection.",apple,general
What are the best seed varieties of pulse for high yield and disease resistance in coastal areas?,"Pest/Disease guidance: Inspect plants for symptoms (spots, wilting, yellowing). Use integrated pest management (IPM): crop rotation, resistant varieties, targeted biocontrols, and correct pesticide application. If unsure, collect a sample and consult local extension services. Tip: Test soil every 2-3 years and follow recommended fertilizer programs.",pulse,pest/disease
How can I use compost and organic amendments for tea production?,"Soil advice: Soil appears alkaline (pH 7.5+). Recommended N-P-K levels: N=low, P=high, K=high. Add organic matter and consider liming if acidic. Perform a soil test for exact fertilizer recommendations; use compost to improve organic matter. Tip: Use certified seed and treat seeds where appropriate to reduce seed-borne diseases.",tea,soil
How should I irrigate pea to maximize water efficiency?,"Irrigation guidance: Water based on crop stage—establishment, vegetative growth, and reproductive stages need careful scheduling. Avoid waterlogging; use mulch to conserve moisture and consider drip irrigation for efficiency. Tip: Rotate crops to reduce pest and disease pressure.",pea,irrigation
How can I improve what are the profitable value-added products from barley processing?,"For Barley: Follow certified seed, appropriate plant spacing, monitor for pests, and conduct soil tests. Apply balanced fertilizer based on soil test results and follow recommended irrigation schedules for the crop. Tip: Rotate crops to reduce pest and disease pressure.",barley,general
Which soil types are most suitable for cultivating grape?,"Soil advice: Soil appears neutral (pH 6.5-7.5). Recommended N-P-K levels: N=high, P=high, K=high. Add organic matter and consider liming if acidic. Perform a soil test for exact fertilizer recommendations; use compost to improve organic matter. Tip: Use certified seed and treat seeds where appropriate to reduce seed-borne diseases.",grape,soil
Which soil types are most suitable for cultivating corn?,"Soil advice: Soil appears alkaline (pH 7.5+). Recommended N-P-K levels: N=low, P=high, K=low. Add organic matter and consider liming if acidic. Perform a soil test for exact fertilizer recommendations; use compost to improve organic matter. Tip: Rotate crops to reduce pest and disease pressure.",corn,soil
How to reduce fertilizer runoff from apple fields and protect water quality?,"Irrigation guidance: Water based on crop stage—establishment, vegetative growth, and reproductive stages need careful scheduling. Avoid waterlogging; use mulch to conserve moisture and consider drip irrigation for efficiency. Tip: Monitor fields weekly during critical growth stages for early pest detection.",apple,irrigation
How can I improve how can I increase lentil yield on smallholder farms?,"Post-harvest: Harvest at physiological maturity, dry to safe moisture content, and store in a cool, dry place to avoid pests. Use proper packaging and consider value-added processing to increase shelf life. Tip: Test soil every 2-3 years and follow recommended fertilizer programs.",lentil,post-harvest
What are the symptoms of nutrient deficiency in sorghum and how to address them?,"For Sorghum: Follow certified seed, appropriate plant spacing, monitor for pests, and conduct soil tests. Apply balanced fertilizer based on soil test results and follow recommended irrigation schedules for the crop. Tip: Monitor fields weekly during critical growth stages for early pest detection.",sorghum,general
How to select appropriate fertilizer blends for apple?,"For Apple: Follow certified seed, appropriate plant spacing, monitor for pests, and conduct soil tests. Apply balanced fertilizer based on soil test results and follow recommended irrigation schedules for the crop. Tip: Apply compost or well-rotted manure annually to improve soil structure.",apple,general
What are the profitable value-added products from millet processing?,"For Millet: Follow certified seed, appropriate plant spacing, monitor for pests, and conduct soil tests. Apply balanced fertilizer based on soil test results and follow recommended irrigation schedules for the crop. Tip: Apply compost or well-rotted manure annually to improve soil structure.",millet,general
What are the profitable value-added products from pulse processing?,"For Pulse: Follow certified seed, appropriate plant spacing, monitor for pests, and conduct soil tests. Apply balanced fertilizer based on soil test results and follow recommended irrigation schedules for the crop. Tip: Use certified seed and treat seeds where appropriate to reduce seed-borne diseases.",pulse,general
How can I improve what mechanization options are suitable for banana on medium farms?,"For Banana: Follow certified seed, appropriate plant spacing, monitor for pests, and conduct soil tests. Apply balanced fertilizer based on soil test results and follow recommended irrigation schedules for the crop. Tip: Apply compost or well-rotted manure annually to improve soil structure.",banana,general
What are the profitable value-added products from barley processing?,"For Barley: Follow certified seed, appropriate plant spacing, monitor for pests, and conduct soil tests. Apply balanced fertilizer based on soil test results and follow recommended irrigation schedules for the crop. Tip: Use certified seed and treat seeds where appropriate to reduce seed-borne diseases.",barley,general
What are effective organic practices for growing grape?,"Soil advice: Soil appears acidic (pH 5.5-6.5). Recommended N-P-K levels: N=high, P=low, K=medium. Add organic matter and consider liming if acidic. Perform a soil test for exact fertilizer recommendations; use compost to improve organic matter. Tip: Use certified seed and treat seeds where appropriate to reduce seed-borne diseases.",grape,soil
What are water-saving irrigation techniques suitable for pulse?,"Irrigation guidance: Water based on crop stage—establishment, vegetative growth, and reproductive stages need careful scheduling. Avoid waterlogging; use mulch to conserve moisture and consider drip irrigation for efficiency. Tip: Monitor fields weekly during critical growth stages for early pest detection.",pulse,irrigation
How to perform a quick on-field soil test for coffee planting?,"Soil advice: Soil appears alkaline (pH 7.5+). Recommended N-P-K levels: N=high, P=low, K=medium. Add organic matter and consider liming if acidic. Perform a soil test for exact fertilizer recommendations; use compost to improve organic matter. Tip: Apply compost or well-rotted manure annually to improve soil structure.",coffee,soil
How do I determine the optimal planting time for coffee in tropical areas?,"For Coffee: Follow certified seed, appropriate plant spacing, monitor for pests, and conduct soil tests. Apply balanced fertilizer based on soil test results and follow recommended irrigation schedules for the crop. Tip: Test soil every 2-3 years and follow recommended fertilizer programs.",coffee,general
How can I test soil fertility before planting rice?,"Soil advice: Soil appears acidic (pH 5.5-6.5). Recommended N-P-K levels: N=medium, P=high, K=medium. Add organic matter and consider liming if acidic. Perform a soil test for exact fertilizer recommendations; use compost to improve organic matter. Tip: Rotate crops to reduce pest and disease pressure.",rice,soil
What are common post-harvest pests affecting apple and how to prevent them?,"Pest/Disease guidance: Inspect plants for symptoms (spots, wilting, yellowing). Use integrated pest management (IPM): crop rotation, resistant varieties, targeted biocontrols, and correct pesticide application. If unsure, collect a sample and consult local extension services. Tip: Use certified seed and treat seeds where appropriate to reduce seed-borne diseases.",apple,pest/disease
How can I improve how do I manage weeds in soybean fields effectively?,"Pest/Disease guidance: Inspect plants for symptoms (spots, wilting, yellowing). Use integrated pest management (IPM): crop rotation, resistant varieties, targeted biocontrols, and correct pesticide application. If unsure, collect a sample and consult local extension services. Tip: Test soil every 2-3 years and follow recommended fertilizer programs.",soybean,pest/disease
What government schemes support grape farmers and how to apply?,"For Grape: Follow certified seed, appropriate plant spacing, monitor for pests, and conduct soil tests. Apply balanced fertilizer based on soil test results and follow recommended irrigation schedules for the crop. Tip: Rotate crops to reduce pest and disease pressure.",grape,general
How can I improve what are early warning signs of pest outbreaks in coffee fields?,"Pest/Disease guidance: Inspect plants for symptoms (spots, wilting, yellowing). Use integrated pest management (IPM): crop rotation, resistant varieties, targeted biocontrols, and correct pesticide application. If unsure, collect a sample and consult local extension services. Tip: Use certified seed and treat seeds where appropriate to reduce seed-borne diseases.",coffee,pest/disease
How to select appropriate fertilizer blends for garlic?,"For Garlic: Follow certified seed, appropriate plant spacing, monitor for pests, and conduct soil tests. Apply balanced fertilizer based on soil test results and follow recommended irrigation schedules for the crop. Tip: Rotate crops to reduce pest and disease pressure.",garlic,general
How do I determine the optimal planting time for pulse in arid zones?,"For Pulse: Follow certified seed, appropriate plant spacing, monitor for pests, and conduct soil tests. Apply balanced fertilizer based on soil test results and follow recommended irrigation schedules for the crop. Tip: Rotate crops to reduce pest and disease pressure.",pulse,general
What mechanization options are suitable for sorghum on medium farms?,"For Sorghum: Follow certified seed, appropriate plant spacing, monitor for pests, and conduct soil tests. Apply balanced fertilizer based on soil test results and follow recommended irrigation schedules for the crop. Tip: Use certified seed and treat seeds where appropriate to reduce seed-borne diseases.",sorghum,general
How to perform a quick on-field soil test for tea planting?,"Soil advice: Soil appears alkaline (pH 7.5+). Recommended N-P-K levels: N=medium, P=low, K=low. Add organic matter and consider liming if acidic. Perform a soil test for exact fertilizer recommendations; use compost to improve organic matter. Tip: Rotate crops to reduce pest and disease pressure.",tea,soil
How to select appropriate fertilizer blends for cotton?,"For Cotton: Follow certified seed, appropriate plant spacing, monitor for pests, and conduct soil tests. Apply balanced fertilizer based on soil test results and follow recommended irrigation schedules for the crop. Tip: Use certified seed and treat seeds where appropriate to reduce seed-borne diseases.",cotton,general
What are the best seed varieties of garlic for high yield and disease resistance in arid zones?,"Pest/Disease guidance: Inspect plants for symptoms (spots, wilting, yellowing). Use integrated pest management (IPM): crop rotation, resistant varieties, targeted biocontrols, and correct pesticide application. If unsure, collect a sample and consult local extension services. Tip: Monitor fields weekly during critical growth stages for early pest detection.",garlic,pest/disease
How do I determine the optimal planting time for tea in my region?,"For Tea: Follow certified seed, appropriate plant spacing, monitor for pests, and conduct soil tests. Apply balanced fertilizer based on soil test results and follow recommended irrigation schedules for the crop. Tip: Use certified seed and treat seeds where appropriate to reduce seed-borne diseases.",tea,general
How can I monitor pulse health using drones or remote sensing?,"For Pulse: Follow certified seed, appropriate plant spacing, monitor for pests, and conduct soil tests. Apply balanced fertilizer based on soil test results and follow recommended irrigation schedules for the crop. Tip: Rotate crops to reduce pest and disease pressure.",pulse,general
What are early warning signs of pest outbreaks in grape fields?,"Pest/Disease guidance: Inspect plants for symptoms (spots, wilting, yellowing). Use integrated pest management (IPM): crop rotation, resistant varieties, targeted biocontrols, and correct pesticide application. If unsure, collect a sample and consult local extension services. Tip: Monitor fields weekly during critical growth stages for early pest detection.",grape,pest/disease
What integrated pest management (IPM) strategies work well for tea?,"Pest/Disease guidance: Inspect plants for symptoms (spots, wilting, yellowing). Use integrated pest management (IPM): crop rotation, resistant varieties, targeted biocontrols, and correct pesticide application. If unsure, collect a sample and consult local extension services. Tip: Test soil every 2-3 years and follow recommended fertilizer programs.",tea,pest/disease
How can I improve what are effective organic practices for growing banana?,"Soil advice: Soil appears alkaline (pH 7.5+). Recommended N-P-K levels: N=high, P=medium, K=medium. Add organic matter and consider liming if acidic. Perform a soil test for exact fertilizer recommendations; use compost to improve organic matter. Tip: Monitor fields weekly during critical growth stages for early pest detection.",banana,soil
What are the best seed varieties of potato for high yield and disease resistance in my region?,"Pest/Disease guidance: Inspect plants for symptoms (spots, wilting, yellowing). Use integrated pest management (IPM): crop rotation, resistant varieties, targeted biocontrols, and correct pesticide application. If unsure, collect a sample and consult local extension services. Tip: Use certified seed and treat seeds where appropriate to reduce seed-borne diseases.",potato,pest/disease
What are the common pests of apple and how to control them?,"Pest/Disease guidance: Inspect plants for symptoms (spots, wilting, yellowing). Use integrated pest management (IPM): crop rotation, resistant varieties, targeted biocontrols, and correct pesticide application. If unsure, collect a sample and consult local extension services. Tip: Apply compost or well-rotted manure annually to improve soil structure.",apple,pest/disease
What are harvesting indicators that show cotton is ready to harvest?,"Post-harvest: Harvest at physiological maturity, dry to safe moisture content, and store in a cool, dry place to avoid pests. Use proper packaging and consider value-added processing to increase shelf life. Tip: Apply compost or well-rotted manure annually to improve soil structure.",cotton,post-harvest
How can I improve how to control bacterial diseases in banana crops?,"Pest/Disease guidance: Inspect plants for symptoms (spots, wilting, yellowing). Use integrated pest management (IPM): crop rotation, resistant varieties, targeted biocontrols, and correct pesticide application. If unsure, collect a sample and consult local extension services. Tip: Use certified seed and treat seeds where appropriate to reduce seed-borne diseases.",banana,pest/disease
What are post-harvest storage best practices for apple?,"Post-harvest: Harvest at physiological maturity, dry to safe moisture content, and store in a cool, dry place to avoid pests. Use proper packaging and consider value-added processing to increase shelf life. Tip: Rotate crops to reduce pest and disease pressure.",apple,post-harvest
What are the common pests of lentil and how to control them?,"Pest/Disease guidance: Inspect plants for symptoms (spots, wilting, yellowing). Use integrated pest management (IPM): crop rotation, resistant varieties, targeted biocontrols, and correct pesticide application. If unsure, collect a sample and consult local extension services. Tip: Use certified seed and treat seeds where appropriate to reduce seed-borne diseases.",lentil,pest/disease
How can I use compost and organic amendments for corn production?,"Soil advice: Soil appears neutral (pH 6.5-7.5). Recommended N-P-K levels: N=low, P=low, K=high. Add organic matter and consider liming if acidic. Perform a soil test for exact fertilizer recommendations; use compost to improve organic matter. Tip: Test soil every 2-3 years and follow recommended fertilizer programs.",corn,soil
How to reduce fertilizer runoff from barley fields and protect water quality?,"Irrigation guidance: Water based on crop stage—establishment, vegetative growth, and reproductive stages need careful scheduling. Avoid waterlogging; use mulch to conserve moisture and consider drip irrigation for efficiency. Tip: Rotate crops to reduce pest and disease pressure.",barley,irrigation
How can I improve how should I irrigate apple to maximize water efficiency?,"Irrigation guidance: Water based on crop stage—establishment, vegetative growth, and reproductive stages need careful scheduling. Avoid waterlogging; use mulch to conserve moisture and consider drip irrigation for efficiency. Tip: Rotate crops to reduce pest and disease pressure.",apple,irrigation
How can I improve how can I test soil fertility before planting banana?,"Soil advice: Soil appears alkaline (pH 7.5+). Recommended N-P-K levels: N=high, P=medium, K=high. Add organic matter and consider liming if acidic. Perform a soil test for exact fertilizer recommendations; use compost to improve organic matter. Tip: Rotate crops to reduce pest and disease pressure.",banana,soil
How do I determine the optimal planting time for cotton in high-altitude areas?,"For Cotton: Follow certified seed, appropriate plant spacing, monitor for pests, and conduct soil tests. Apply balanced fertilizer based on soil test results and follow recommended irrigation schedules for the crop. Tip: Test soil every 2-3 years and follow recommended fertilizer programs.",cotton,general
How should I irrigate millet to maximize water efficiency?,"Irrigation guidance: Water based on crop stage—establishment, vegetative growth, and reproductive stages need careful scheduling. Avoid waterlogging; use mulch to conserve moisture and consider drip irrigation for efficiency. Tip: Monitor fields weekly during critical growth stages for early pest detection.",millet,irrigation
How should I irrigate corn to maximize water efficiency?,"Irrigation guidance: Water based on crop stage—establishment, vegetative growth, and reproductive stages need careful scheduling. Avoid waterlogging; use mulch to conserve moisture and consider drip irrigation for efficiency. Tip: Monitor fields weekly during critical growth stages for early pest detection.",corn,irrigation
What are water-saving irrigation techniques suitable for lentil?,"Irrigation guidance: Water based on crop stage—establishment, vegetative growth, and reproductive stages need careful scheduling. Avoid waterlogging; use mulch to conserve moisture and consider drip irrigation for efficiency. Tip: Test soil every 2-3 years and follow recommended fertilizer programs.",lentil,irrigation
How can I improve what fertilizer program should I follow for a healthy coffee crop?,"For Coffee: Follow certified seed, appropriate plant spacing, monitor for pests, and conduct soil tests. Apply balanced fertilizer based on soil test results and follow recommended irrigation schedules for the crop. Tip: Apply compost or well-rotted manure annually to improve soil structure.",coffee,general
How can I improve how can I improve seed germination rates for millet?,"For Millet: Follow certified seed, appropriate plant spacing, monitor for pests, and conduct soil tests. Apply balanced fertilizer based on soil test results and follow recommended irrigation schedules for the crop. Tip: Use certified seed and treat seeds where appropriate to reduce seed-borne diseases.",millet,general
How can I improve how can I monitor coffee health using drones or remote sensing?,"For Coffee: Follow certified seed, appropriate plant spacing, monitor for pests, and conduct soil tests. Apply balanced fertilizer based on soil test results and follow recommended irrigation schedules for the crop. Tip: Use certified seed and treat seeds where appropriate to reduce seed-borne diseases.",coffee,general
How to reduce fertilizer runoff from sugarcane fields and protect water quality?,"Irrigation guidance: Water based on crop stage—establishment, vegetative growth, and reproductive stages need careful scheduling. Avoid waterlogging; use mulch to conserve moisture and consider drip irrigation for efficiency. Tip: Apply compost or well-rotted manure annually to improve soil structure.",sugarcane,irrigation
What are recommended spacing and plant density for pea?,"For Pea: Follow certified seed, appropriate plant spacing, monitor for pests, and conduct soil tests. Apply balanced fertilizer based on soil test results and follow recommended irrigation schedules for the crop. Tip: Monitor fields weekly during critical growth stages for early pest detection.",pea,general
How to manage post-harvest quality and grading for pea?,"Post-harvest: Harvest at physiological maturity, dry to safe moisture content, and store in a cool, dry place to avoid pests. Use proper packaging and consider value-added processing to increase shelf life. Tip: Use certified seed and treat seeds where appropriate to reduce seed-borne diseases.",pea,post-harvest
How do I diagnose fungal diseases in barley and treat them?,"Pest/Disease guidance: Inspect plants for symptoms (spots, wilting, yellowing). Use integrated pest management (IPM): crop rotation, resistant varieties, targeted biocontrols, and correct pesticide application. If unsure, collect a sample and consult local extension services. Tip: Monitor fields weekly during critical growth stages for early pest detection.",barley,pest/disease
How can I test soil fertility before planting sorghum?,"Soil advice: Soil appears neutral (pH 6.5-7.5). Recommended N-P-K levels: N=high, P=medium, K=high. Add organic matter and consider liming if acidic. Perform a soil test for exact fertilizer recommendations; use compost to improve organic matter. Tip: Test soil every 2-3 years and follow recommended fertilizer programs.",sorghum,soil
How can I improve how to build a simple storage facility to store onion after harvest?,"Post-harvest: Harvest at physiological maturity, dry to safe moisture content, and store in a cool, dry place to avoid pests. Use proper packaging and consider value-added processing to increase shelf life. Tip: Monitor fields weekly during critical growth stages for early pest detection.",onion,post-harvest
What are the profitable value-added products from sorghum processing?,"For Sorghum: Follow certified seed, appropriate plant spacing, monitor for pests, and conduct soil tests. Apply balanced fertilizer based on soil test results and follow recommended irrigation schedules for the crop. Tip: Rotate crops to reduce pest and disease pressure.",sorghum,general
How to perform a quick on-field soil test for cotton planting?,"Soil advice: Soil appears acidic (pH 5.5-6.5). Recommended N-P-K levels: N=low, P=high, K=medium. Add organic matter and consider liming if acidic. Perform a soil test for exact fertilizer recommendations; use compost to improve organic matter. Tip: Apply compost or well-rotted manure annually to improve soil structure.",cotton,soil
How can I improve what fertilizer program should I follow for a healthy millet crop?,"For Millet: Follow certified seed, appropriate plant spacing, monitor for pests, and conduct soil tests. Apply balanced fertilizer based on soil test results and follow recommended irrigation schedules for the crop. Tip: Monitor fields weekly during critical growth stages for early pest detection.",millet,general
How do I prepare a soil bed for transplanting millet seedlings?,"Soil advice: Soil appears acidic (pH 5.5-6.5). Recommended N-P-K levels: N=low, P=medium, K=medium. Add organic matter and consider liming if acidic. Perform a soil test for exact fertilizer recommendations; use compost to improve organic matter. Tip: Monitor fields weekly during critical growth stages for early pest detection.",millet,soil
Which soil types are most suitable for cultivating pulse?,"Soil advice: Soil appears acidic (pH 5.5-6.5). Recommended N-P-K levels: N=low, P=medium, K=high. Add organic matter and consider liming if acidic. Perform a soil test for exact fertilizer recommendations; use compost to improve organic matter. Tip: Use certified seed and treat seeds where appropriate to reduce seed-borne diseases.",pulse,soil
How to select appropriate fertilizer blends for rice?,"For Rice: Follow certified seed, appropriate plant spacing, monitor for pests, and conduct soil tests. Apply balanced fertilizer based on soil test results and follow recommended irrigation schedules for the crop. Tip: Test soil every 2-3 years and follow recommended fertilizer programs.",rice,general
How can I improve what are the common pests of barley and how to control them?,"Pest/Disease guidance: Inspect plants for symptoms (spots, wilting, yellowing). Use integrated pest management (IPM): crop rotation, resistant varieties, targeted biocontrols, and correct pesticide application. If unsure, collect a sample and consult local extension services. Tip: Apply compost or well-rotted manure annually to improve soil structure.",barley,pest/disease
Which soil types are most suitable for cultivating sugarcane?,"Soil advice: Soil appears alkaline (pH 7.5+). Recommended N-P-K levels: N=low, P=high, K=low. Add organic matter and consider liming if acidic. Perform a soil test for exact fertilizer recommendations; use compost to improve organic matter. Tip: Apply compost or well-rotted manure annually to improve soil structure.",sugarcane,soil
What integrated pest management (IPM) strategies work well for lentil?,"Pest/Disease guidance: Inspect plants for symptoms (spots, wilting, yellowing). Use integrated pest management (IPM): crop rotation, resistant varieties, targeted biocontrols, and correct pesticide application. If unsure, collect a sample and consult local extension services. Tip: Test soil every 2-3 years and follow recommended fertilizer programs.",lentil,pest/disease
How can I improve how can I increase pea yield on smallholder farms?,"Post-harvest: Harvest at physiological maturity, dry to safe moisture content, and store in a cool, dry place to avoid pests. Use proper packaging and consider value-added processing to increase shelf life. Tip: Monitor fields weekly during critical growth stages for early pest detection.",pea,post-harvest
What are post-harvest storage best practices for pulse?,"Post-harvest: Harvest at physiological maturity, dry to safe moisture content, and store in a cool, dry place to avoid pests. Use proper packaging and consider value-added processing to increase shelf life. Tip: Test soil every 2-3 years and follow recommended fertilizer programs.",pulse,post-harvest
What are the best seed varieties of tomato for high yield and disease resistance in coastal areas?,"Pest/Disease guidance: Inspect plants for symptoms (spots, wilting, yellowing). Use integrated pest management (IPM): crop rotation, resistant varieties, targeted biocontrols, and correct pesticide application. If unsure, collect a sample and consult local extension services. Tip: Use certified seed and treat seeds where appropriate to reduce seed-borne diseases.",tomato,pest/disease
What are the profitable value-added products from garlic processing?,"For Garlic: Follow certified seed, appropriate plant spacing, monitor for pests, and conduct soil tests. Apply balanced fertilizer based on soil test results and follow recommended irrigation schedules for the crop. Tip: Test soil every 2-3 years and follow recommended fertilizer programs.",garlic,general
How to control bacterial diseases in lentil crops?,"Pest/Disease guidance: Inspect plants for symptoms (spots, wilting, yellowing). Use integrated pest management (IPM): crop rotation, resistant varieties, targeted biocontrols, and correct pesticide application. If unsure, collect a sample and consult local extension services. Tip: Monitor fields weekly during critical growth stages for early pest detection.",lentil,pest/disease
How to manage salinity or alkalinity issues when growing pulse?,"For Pulse: Follow certified seed, appropriate plant spacing, monitor for pests, and conduct soil tests. Apply balanced fertilizer based on soil test results and follow recommended irrigation schedules for the crop. Tip: Monitor fields weekly during critical growth stages for early pest detection.",pulse,general
How can I improve what are common post-harvest pests affecting potato and how to prevent them?,"Pest/Disease guidance: Inspect plants for symptoms (spots, wilting, yellowing). Use integrated pest management (IPM): crop rotation, resistant varieties, targeted biocontrols, and correct pesticide application. If unsure, collect a sample and consult local extension services. Tip: Monitor fields weekly during critical growth stages for early pest detection.",potato,pest/disease
How to perform a quick on-field soil test for pea planting?,"Soil advice: Soil appears neutral (pH 6.5-7.5). Recommended N-P-K levels: N=medium, P=high, K=high. Add organic matter and consider liming if acidic. Perform a soil test for exact fertilizer recommendations; use compost to improve organic matter. Tip: Use certified seed and treat seeds where appropriate to reduce seed-borne diseases.",pea,soil
What are recommended planting depths and sowing rates for sugarcane?,"For Sugarcane: Follow certified seed, appropriate plant spacing, monitor for pests, and conduct soil tests. Apply balanced fertilizer based on soil test results and follow recommended irrigation schedules for the crop. Tip: Monitor fields weekly during critical growth stages for early pest detection.",sugarcane,general
How can I increase sorghum yield on smallholder farms?,"Post-harvest: Harvest at physiological maturity, dry to safe moisture content, and store in a cool, dry place to avoid pests. Use proper packaging and consider value-added processing to increase shelf life. Tip: Rotate crops to reduce pest and disease pressure.",sorghum,post-harvest
What are the profitable value-added products from tomato processing?,"For Tomato: Follow certified seed, appropriate plant spacing, monitor for pests, and conduct soil tests. Apply balanced fertilizer based on soil test results and follow recommended irrigation schedules for the crop. Tip: Monitor fields weekly during critical growth stages for early pest detection.",tomato,general
How to select appropriate fertilizer blends for wheat?,"For Wheat: Follow certified seed, appropriate plant spacing, monitor for pests, and conduct soil tests. Apply balanced fertilizer based on soil test results and follow recommended irrigation schedules for the crop. Tip: Apply compost or well-rotted manure annually to improve soil structure.",wheat,general
How do I manage weeds in sugarcane fields effectively?,"Pest/Disease guidance: Inspect plants for symptoms (spots, wilting, yellowing). Use integrated pest management (IPM): crop rotation, resistant varieties, targeted biocontrols, and correct pesticide application. If unsure, collect a sample and consult local extension services. Tip: Monitor fields weekly during critical growth stages for early pest detection.",sugarcane,pest/disease
How can I improve what are the common pests of pea and how to control them?,"Pest/Disease guidance: Inspect plants for symptoms (spots, wilting, yellowing). Use integrated pest management (IPM): crop rotation, resistant varieties, targeted biocontrols, and correct pesticide application. If unsure, collect a sample and consult local extension services. Tip: Use certified seed and treat seeds where appropriate to reduce seed-borne diseases.",pea,pest/disease
How can I improve seed germination rates for lentil?,"For Lentil: Follow certified seed, appropriate plant spacing, monitor for pests, and conduct soil tests. Apply balanced fertilizer based on soil test results and follow recommended irrigation schedules for the crop. Tip: Rotate crops to reduce pest and disease pressure.",lentil,general
What government schemes support sorghum farmers and how to apply?,"For Sorghum: Follow certified seed, appropriate plant spacing, monitor for pests, and conduct soil tests. Apply balanced fertilizer based on soil test results and follow recommended irrigation schedules for the crop. Tip: Rotate crops to reduce pest and disease pressure.",sorghum,general
How do I identify nematode damage in tomato and manage it?,"For Tomato: Follow certified seed, appropriate plant spacing, monitor for pests, and conduct soil tests. Apply balanced fertilizer based on soil test results and follow recommended irrigation schedules for the crop. Tip: Test soil every 2-3 years and follow recommended fertilizer programs.",tomato,general
What are the best seed varieties of pulse for high yield and disease resistance in temperate regions?,"Pest/Disease guidance: Inspect plants for symptoms (spots, wilting, yellowing). Use integrated pest management (IPM): crop rotation, resistant varieties, targeted biocontrols, and correct pesticide application. If unsure, collect a sample and consult local extension services. Tip: Apply compost or well-rotted manure annually to improve soil structure.",pulse,pest/disease
What are the best seed varieties of tea for high yield and disease resistance in my region?,"Pest/Disease guidance: Inspect plants for symptoms (spots, wilting, yellowing). Use integrated pest management (IPM): crop rotation, resistant varieties, targeted biocontrols, and correct pesticide application. If unsure, collect a sample and consult local extension services. Tip: Rotate crops to reduce pest and disease pressure.",tea,pest/disease
How can I improve what are the symptoms of nutrient deficiency in sorghum and how to address them?,"For Sorghum: Follow certified seed, appropriate plant spacing, monitor for pests, and conduct soil tests. Apply balanced fertilizer based on soil test results and follow recommended irrigation schedules for the crop. Tip: Rotate crops to reduce pest and disease pressure.",sorghum,general
How can I improve how can I use compost and organic amendments for coffee production?,"Soil advice: Soil appears neutral (pH 6.5-7.5). Recommended N-P-K levels: N=high, P=medium, K=medium. Add organic matter and consider liming if acidic. Perform a soil test for exact fertilizer recommendations; use compost to improve organic matter. Tip: Test soil every 2-3 years and follow recommended fertilizer programs.",coffee,soil
How can I improve which soil types are most suitable for cultivating maize?,"Soil advice: Soil appears acidic (pH 5.5-6.5). Recommended N-P-K levels: N=high, P=high, K=high. Add organic matter and consider liming if acidic. Perform a soil test for exact fertilizer recommendations; use compost to improve organic matter. Tip: Rotate crops to reduce pest and disease pressure.",maize,soil
What are the best seed varieties of maize for high yield and disease resistance in tropical areas?,"Pest/Disease guidance: Inspect plants for symptoms (spots, wilting, yellowing). Use integrated pest management (IPM): crop rotation, resistant varieties, targeted biocontrols, and correct pesticide application. If unsure, collect a sample and consult local extension services. Tip: Use certified seed and treat seeds where appropriate to reduce seed-borne diseases.",maize,pest/disease
How can I improve how to manage salinity or alkalinity issues when growing cotton?,"For Cotton: Follow certified seed, appropriate plant spacing, monitor for pests, and conduct soil tests. Apply balanced fertilizer based on soil test results and follow recommended irrigation schedules for the crop. Tip: Test soil every 2-3 years and follow recommended fertilizer programs.",cotton,general
What fertilizer program should I follow for a healthy pea crop?,"For Pea: Follow certified seed, appropriate plant spacing, monitor for pests, and conduct soil tests. Apply balanced fertilizer based on soil test results and follow recommended irrigation schedules for the crop. Tip: Rotate crops to reduce pest and disease pressure.",pea,general
How can I improve what cover crops complement banana in rotation to improve soil health?,"Soil advice: Soil appears neutral (pH 6.5-7.5). Recommended N-P-K levels: N=medium, P=medium, K=medium. Add organic matter and consider liming if acidic. Perform a soil test for exact fertilizer recommendations; use compost to improve organic matter. Tip: Test soil every 2-3 years and follow recommended fertilizer programs.",banana,soil
How to reduce fertilizer runoff from grape fields and protect water quality?,"Irrigation guidance: Water based on crop stage—establishment, vegetative growth, and reproductive stages need careful scheduling. Avoid waterlogging; use mulch to conserve moisture and consider drip irrigation for efficiency. Tip: Test soil every 2-3 years and follow recommended fertilizer programs.",grape,irrigation
How do I determine the optimal planting time for grape in arid zones?,"For Grape: Follow certified seed, appropriate plant spacing, monitor for pests, and conduct soil tests. Apply balanced fertilizer based on soil test results and follow recommended irrigation schedules for the crop. Tip: Test soil every 2-3 years and follow recommended fertilizer programs.",grape,general
How can I improve how do I manage weeds in rice fields effectively?,"Pest/Disease guidance: Inspect plants for symptoms (spots, wilting, yellowing). Use integrated pest management (IPM): crop rotation, resistant varieties, targeted biocontrols, and correct pesticide application. If unsure, collect a sample and consult local extension services. Tip: Monitor fields weekly during critical growth stages for early pest detection.",rice,pest/disease
What are the best seed varieties of cotton for high yield and disease resistance in arid zones?,"Pest/Disease guidance: Inspect plants for symptoms (spots, wilting, yellowing). Use integrated pest management (IPM): crop rotation, resistant varieties, targeted biocontrols, and correct pesticide application. If unsure, collect a sample and consult local extension services. Tip: Rotate crops to reduce pest and disease pressure.",cotton,pest/disease
What are the profitable value-added products from potato processing?,"For Potato: Follow certified seed, appropriate plant spacing, monitor for pests, and conduct soil tests. Apply balanced fertilizer based on soil test results and follow recommended irrigation schedules for the crop. Tip: Use certified seed and treat seeds where appropriate to reduce seed-borne diseases.",potato,general
How do I identify nematode damage in wheat and manage it?,"For Wheat: Follow certified seed, appropriate plant spacing, monitor for pests, and conduct soil tests. Apply balanced fertilizer based on soil test results and follow recommended irrigation schedules for the crop. Tip: Apply compost or well-rotted manure annually to improve soil structure.",wheat,general
How to build a simple storage facility to store tea after harvest?,"Post-harvest: Harvest at physiological maturity, dry to safe moisture content, and store in a cool, dry place to avoid pests. Use proper packaging and consider value-added processing to increase shelf life. Tip: Rotate crops to reduce pest and disease pressure.",tea,post-harvest
What mechanization options are suitable for barley on medium farms?,"For Barley: Follow certified seed, appropriate plant spacing, monitor for pests, and conduct soil tests. Apply balanced fertilizer based on soil test results and follow recommended irrigation schedules for the crop. Tip: Monitor fields weekly during critical growth stages for early pest detection.",barley,general
How can I improve what mechanization options are suitable for cotton on medium farms?,"For Cotton: Follow certified seed, appropriate plant spacing, monitor for pests, and conduct soil tests. Apply balanced fertilizer based on soil test results and follow recommended irrigation schedules for the crop. Tip: Use certified seed and treat seeds where appropriate to reduce seed-borne diseases.",cotton,general
How can I improve what are recommended planting depths and sowing rates for millet?,"For Millet: Follow certified seed, appropriate plant spacing, monitor for pests, and conduct soil tests. Apply balanced fertilizer based on soil test results and follow recommended irrigation schedules for the crop. Tip: Rotate crops to reduce pest and disease pressure.",millet,general
How to reduce fertilizer runoff from pea fields and protect water quality?,"Irrigation guidance: Water based on crop stage—establishment, vegetative growth, and reproductive stages need careful scheduling. Avoid waterlogging; use mulch to conserve moisture and consider drip irrigation for efficiency. Tip: Rotate crops to reduce pest and disease pressure.",pea,irrigation
How do I diagnose fungal diseases in sorghum and treat them?,"Pest/Disease guidance: Inspect plants for symptoms (spots, wilting, yellowing). Use integrated pest management (IPM): crop rotation, resistant varieties, targeted biocontrols, and correct pesticide application. If unsure, collect a sample and consult local extension services. Tip: Use certified seed and treat seeds where appropriate to reduce seed-borne diseases.",sorghum,pest/disease
What are the profitable value-added products from soybean processing?,"For Soybean: Follow certified seed, appropriate plant spacing, monitor for pests, and conduct soil tests. Apply balanced fertilizer based on soil test results and follow recommended irrigation schedules for the crop. Tip: Monitor fields weekly during critical growth stages for early pest detection.",soybean,general
How to reduce fertilizer runoff from sorghum fields and protect water quality?,"Irrigation guidance: Water based on crop stage—establishment, vegetative growth, and reproductive stages need careful scheduling. Avoid waterlogging; use mulch to conserve moisture and consider drip irrigation for efficiency. Tip: Monitor fields weekly during critical growth stages for early pest detection.",sorghum,irrigation
How can I improve which soil types are most suitable for cultivating potato?,"Soil advice: Soil appears neutral (pH 6.5-7.5). Recommended N-P-K levels: N=medium, P=low, K=high. Add organic matter and consider liming if acidic. Perform a soil test for exact fertilizer recommendations; use compost to improve organic matter. Tip: Test soil every 2-3 years and follow recommended fertilizer programs.",potato,soil
What are the common pests of sorghum and how to control them?,"Pest/Disease guidance: Inspect plants for symptoms (spots, wilting, yellowing). Use integrated pest management (IPM): crop rotation, resistant varieties, targeted biocontrols, and correct pesticide application. If unsure, collect a sample and consult local extension services. Tip: Monitor fields weekly during critical growth stages for early pest detection.",sorghum,pest/disease
How to manage post-harvest quality and grading for tomato?,"Post-harvest: Harvest at physiological maturity, dry to safe moisture content, and store in a cool, dry place to avoid pests. Use proper packaging and consider value-added processing to increase shelf life. Tip: Use certified seed and treat seeds where appropriate to reduce seed-borne diseases.",tomato,post-harvest
How can I improve what are recommended planting depths and sowing rates for corn?,"For Corn: Follow certified seed, appropriate plant spacing, monitor for pests, and conduct soil tests. Apply balanced fertilizer based on soil test results and follow recommended irrigation schedules for the crop. Tip: Test soil every 2-3 years and follow recommended fertilizer programs.",corn,general
What are the best seed varieties of coffee for high yield and disease resistance in my region?,"Pest/Disease guidance: Inspect plants for symptoms (spots, wilting, yellowing). Use integrated pest management (IPM): crop rotation, resistant varieties, targeted biocontrols, and correct pesticide application. If unsure, collect a sample and consult local extension services. Tip: Rotate crops to reduce pest and disease pressure.",coffee,pest/disease
What are water-saving irrigation techniques suitable for maize?,"Irrigation guidance: Water based on crop stage—establishment, vegetative growth, and reproductive stages need careful scheduling. Avoid waterlogging; use mulch to conserve moisture and consider drip irrigation for efficiency. Tip: Test soil every 2-3 years and follow recommended fertilizer programs.",maize,irrigation
How to control bacterial diseases in pulse crops?,"Pest/Disease guidance: Inspect plants for symptoms (spots, wilting, yellowing). Use integrated pest management (IPM): crop rotation, resistant varieties, targeted biocontrols, and correct pesticide application. If unsure, collect a sample and consult local extension services. Tip: Rotate crops to reduce pest and disease pressure.",pulse,pest/disease
What are effective organic practices for growing barley?,"Soil advice: Soil appears acidic (pH 5.5-6.5). Recommended N-P-K levels: N=low, P=low, K=low. Add organic matter and consider liming if acidic. Perform a soil test for exact fertilizer recommendations; use compost to improve organic matter. Tip: Rotate crops to reduce pest and disease pressure.",barley,soil
What are the profitable value-added products from grape processing?,"For Grape: Follow certified seed, appropriate plant spacing, monitor for pests, and conduct soil tests. Apply balanced fertilizer based on soil test results and follow recommended irrigation schedules for the crop. Tip: Monitor fields weekly during critical growth stages for early pest detection.",grape,general
How can I improve how to perform a quick on-field soil test for onion planting?,"Soil advice: Soil appears acidic (pH 5.5-6.5). Recommended N-P-K levels: N=medium, P=low, K=low. Add organic matter and consider liming if acidic. Perform a soil test for exact fertilizer recommendations; use compost to improve organic matter. Tip: Apply compost or well-rotted manure annually to improve soil structure.",onion,soil
How to establish a nursery for grape seedlings?,"For Grape: Follow certified seed, appropriate plant spacing, monitor for pests, and conduct soil tests. Apply balanced fertilizer based on soil test results and follow recommended irrigation schedules for the crop. Tip: Test soil every 2-3 years and follow recommended fertilizer programs.",grape,general
How can I test soil fertility before planting tomato?,"Soil advice: Soil appears neutral (pH 6.5-7.5). Recommended N-P-K levels: N=low, P=medium, K=medium. Add organic matter and consider liming if acidic. Perform a soil test for exact fertilizer recommendations; use compost to improve organic matter. Tip: Test soil every 2-3 years and follow recommended fertilizer programs.",tomato,soil
What are the best seed varieties of maize for high yield and disease resistance in arid zones?,"Pest/Disease guidance: Inspect plants for symptoms (spots, wilting, yellowing). Use integrated pest management (IPM): crop rotation, resistant varieties, targeted biocontrols, and correct pesticide application. If unsure, collect a sample and consult local extension services. Tip: Rotate crops to reduce pest and disease pressure.",maize,pest/disease
How can I improve what are the profitable value-added products from cotton processing?,"For Cotton: Follow certified seed, appropriate plant spacing, monitor for pests, and conduct soil tests. Apply balanced fertilizer based on soil test results and follow recommended irrigation schedules for the crop. Tip: Rotate crops to reduce pest and disease pressure.",cotton,general
How do I determine the optimal planting time for barley in my region?,"For Barley: Follow certified seed, appropriate plant spacing, monitor for pests, and conduct soil tests. Apply balanced fertilizer based on soil test results and follow recommended irrigation schedules for the crop. Tip: Rotate crops to reduce pest and disease pressure.",barley,general
How can I improve what are the profitable value-added products from soybean processing?,"For Soybean: Follow certified seed, appropriate plant spacing, monitor for pests, and conduct soil tests. Apply balanced fertilizer based on soil test results and follow recommended irrigation schedules for the crop. Tip: Rotate crops to reduce pest and disease pressure.",soybean,general
What are post-harvest storage best practices for tea?,"Post-harvest: Harvest at physiological maturity, dry to safe moisture content, and store in a cool, dry place to avoid pests. Use proper packaging and consider value-added processing to increase shelf life. Tip: Monitor fields weekly during critical growth stages for early pest detection.",tea,post-harvest
How can I improve what are recommended planting depths and sowing rates for sorghum?,"For Sorghum: Follow certified seed, appropriate plant spacing, monitor for pests, and conduct soil tests. Apply balanced fertilizer based on soil test results and follow recommended irrigation schedules for the crop. Tip: Apply compost or well-rotted manure annually to improve soil structure.",sorghum,general
How can I improve what are early warning signs of pest outbreaks in rice fields?,"Pest/Disease guidance: Inspect plants for symptoms (spots, wilting, yellowing). Use integrated pest management (IPM): crop rotation, resistant varieties, targeted biocontrols, and correct pesticide application. If unsure, collect a sample and consult local extension services. Tip: Use certified seed and treat seeds where appropriate to reduce seed-borne diseases.",rice,pest/disease
How do I manage irrigation scheduling for pulse during drought?,"Irrigation guidance: Water based on crop stage—establishment, vegetative growth, and reproductive stages need careful scheduling. Avoid waterlogging; use mulch to conserve moisture and consider drip irrigation for efficiency. Tip: Monitor fields weekly during critical growth stages for early pest detection.",pulse,irrigation
How to select appropriate fertilizer blends for grape?,"For Grape: Follow certified seed, appropriate plant spacing, monitor for pests, and conduct soil tests. Apply balanced fertilizer based on soil test results and follow recommended irrigation schedules for the crop. Tip: Rotate crops to reduce pest and disease pressure.",grape,general
What are effective organic practices for growing pea?,"Soil advice: Soil appears acidic (pH 5.5-6.5). Recommended N-P-K levels: N=low, P=low, K=low. Add organic matter and consider liming if acidic. Perform a soil test for exact fertilizer recommendations; use compost to improve organic matter. Tip: Apply compost or well-rotted manure annually to improve soil structure.",pea,soil
How can I improve how do I identify nematode damage in potato and manage it?,"For Potato: Follow certified seed, appropriate plant spacing, monitor for pests, and conduct soil tests. Apply balanced fertilizer based on soil test results and follow recommended irrigation schedules for the crop. Tip: Apply compost or well-rotted manure annually to improve soil structure.",potato,general
How should I irrigate lentil to maximize water efficiency?,"Irrigation guidance: Water based on crop stage—establishment, vegetative growth, and reproductive stages need careful scheduling. Avoid waterlogging; use mulch to conserve moisture and consider drip irrigation for efficiency. Tip: Rotate crops to reduce pest and disease pressure.",lentil,irrigation
How can I improve how can I use compost and organic amendments for banana production?,"Soil advice: Soil appears acidic (pH 5.5-6.5). Recommended N-P-K levels: N=high, P=medium, K=medium. Add organic matter and consider liming if acidic. Perform a soil test for exact fertilizer recommendations; use compost to improve organic matter. Tip: Apply compost or well-rotted manure annually to improve soil structure.",banana,soil
What are early warning signs of pest outbreaks in maize fields?,"Pest/Disease guidance: Inspect plants for symptoms (spots, wilting, yellowing). Use integrated pest management (IPM): crop rotation, resistant varieties, targeted biocontrols, and correct pesticide application. If unsure, collect a sample and consult local extension services. Tip: Monitor fields weekly during critical growth stages for early pest detection.",maize,pest/disease
How can I improve how can I improve seed germination rates for sorghum?,"For Sorghum: Follow certified seed, appropriate plant spacing, monitor for pests, and conduct soil tests. Apply balanced fertilizer based on soil test results and follow recommended irrigation schedules for the crop. Tip: Use certified seed and treat seeds where appropriate to reduce seed-borne diseases.",sorghum,general
How can I improve how to establish a nursery for garlic seedlings?,"For Garlic: Follow certified seed, appropriate plant spacing, monitor for pests, and conduct soil tests. Apply balanced fertilizer based on soil test results and follow recommended irrigation schedules for the crop. Tip: Test soil every 2-3 years and follow recommended fertilizer programs.",garlic,general
What fertilizer program should I follow for a healthy lentil crop?,"For Lentil: Follow certified seed, appropriate plant spacing, monitor for pests, and conduct soil tests. Apply balanced fertilizer based on soil test results and follow recommended irrigation schedules for the crop. Tip: Test soil every 2-3 years and follow recommended fertilizer programs.",lentil,general
How can I improve what mechanization options are suitable for coffee on medium farms?,"For Coffee: Follow certified seed, appropriate plant spacing, monitor for pests, and conduct soil tests. Apply balanced fertilizer based on soil test results and follow recommended irrigation schedules for the crop. Tip: Apply compost or well-rotted manure annually to improve soil structure.",coffee,general
How do I identify nematode damage in sugarcane and manage it?,"For Sugarcane: Follow certified seed, appropriate plant spacing, monitor for pests, and conduct soil tests. Apply balanced fertilizer based on soil test results and follow recommended irrigation schedules for the crop. Tip: Test soil every 2-3 years and follow recommended fertilizer programs.",sugarcane,general
How do I manage irrigation scheduling for maize during drought?,"Irrigation guidance: Water based on crop stage—establishment, vegetative growth, and reproductive stages need careful scheduling. Avoid waterlogging; use mulch to conserve moisture and consider drip irrigation for efficiency. Tip: Use certified seed and treat seeds where appropriate to reduce seed-borne diseases.",maize,irrigation
What are early warning signs of pest outbreaks in corn fields?,"Pest/Disease guidance: Inspect plants for symptoms (spots, wilting, yellowing). Use integrated pest management (IPM): crop rotation, resistant varieties, targeted biocontrols, and correct pesticide application. If unsure, collect a sample and consult local extension services. Tip: Monitor fields weekly during critical growth stages for early pest detection.",corn,pest/disease
What are recommended spacing and plant density for corn?,"For Corn: Follow certified seed, appropriate plant spacing, monitor for pests, and conduct soil tests. Apply balanced fertilizer based on soil test results and follow recommended irrigation schedules for the crop. Tip: Test soil every 2-3 years and follow recommended fertilizer programs.",corn,general
What are the best seed varieties of soybean for high yield and disease resistance in tropical areas?,"Pest/Disease guidance: Inspect plants for symptoms (spots, wilting, yellowing). Use integrated pest management (IPM): crop rotation, resistant varieties, targeted biocontrols, and correct pesticide application. If unsure, collect a sample and consult local extension services. Tip: Rotate crops to reduce pest and disease pressure.",soybean,pest/disease
How do I determine the optimal planting time for corn in coastal areas?,"For Corn: Follow certified seed, appropriate plant spacing, monitor for pests, and conduct soil tests. Apply balanced fertilizer based on soil test results and follow recommended irrigation schedules for the crop. Tip: Rotate crops to reduce pest and disease pressure.",corn,general
What are the profitable value-added products from coffee processing?,"For Coffee: Follow certified seed, appropriate plant spacing, monitor for pests, and conduct soil tests. Apply balanced fertilizer based on soil test results and follow recommended irrigation schedules for the crop. Tip: Monitor fields weekly during critical growth stages for early pest detection.",coffee,general
How can I improve how can I increase apple yield on smallholder farms?,"Post-harvest: Harvest at physiological maturity, dry to safe moisture content, and store in a cool, dry place to avoid pests. Use proper packaging and consider value-added processing to increase shelf life. Tip: Apply compost or well-rotted manure annually to improve soil structure.",apple,post-harvest
How to reduce fertilizer runoff from lentil fields and protect water quality?,"Irrigation guidance: Water based on crop stage—establishment, vegetative growth, and reproductive stages need careful scheduling. Avoid waterlogging; use mulch to conserve moisture and consider drip irrigation for efficiency. Tip: Apply compost or well-rotted manure annually to improve soil structure.",lentil,irrigation
How do I manage irrigation scheduling for rice during drought?,"Irrigation guidance: Water based on crop stage—establishment, vegetative growth, and reproductive stages need careful scheduling. Avoid waterlogging; use mulch to conserve moisture and consider drip irrigation for efficiency. Tip: Monitor fields weekly during critical growth stages for early pest detection.",rice,irrigation
What are harvesting indicators that show coffee is ready to harvest?,"Post-harvest: Harvest at physiological maturity, dry to safe moisture content, and store in a cool, dry place to avoid pests. Use proper packaging and consider value-added processing to increase shelf life. Tip: Test soil every 2-3 years and follow recommended fertilizer programs.",coffee,post-harvest
How can I improve how can I improve seed germination rates for wheat?,"For Wheat: Follow certified seed, appropriate plant spacing, monitor for pests, and conduct soil tests. Apply balanced fertilizer based on soil test results and follow recommended irrigation schedules for the crop. Tip: Monitor fields weekly during critical growth stages for early pest detection.",wheat,general
What are the best seed varieties of onion for high yield and disease resistance in coastal areas?,"Pest/Disease guidance: Inspect plants for symptoms (spots, wilting, yellowing). Use integrated pest management (IPM): crop rotation, resistant varieties, targeted biocontrols, and correct pesticide application. If unsure, collect a sample and consult local extension services. Tip: Use certified seed and treat seeds where appropriate to reduce seed-borne diseases.",onion,pest/disease
How can I improve what integrated pest management (IPM) strategies work well for lentil?,"Pest/Disease guidance: Inspect plants for symptoms (spots, wilting, yellowing). Use integrated pest management (IPM): crop rotation, resistant varieties, targeted biocontrols, and correct pesticide application. If unsure, collect a sample and consult local extension services. Tip: Apply compost or well-rotted manure annually to improve soil structure.",lentil,pest/disease
How can I improve what are the profitable value-added products from potato processing?,"For Potato: Follow certified seed, appropriate plant spacing, monitor for pests, and conduct soil tests. Apply balanced fertilizer based on soil test results and follow recommended irrigation schedules for the crop. Tip: Rotate crops to reduce pest and disease pressure.",potato,general
How can I improve how to build a simple storage facility to store apple after harvest?,"Post-harvest: Harvest at physiological maturity, dry to safe moisture content, and store in a cool, dry place to avoid pests. Use proper packaging and consider value-added processing to increase shelf life. Tip: Test soil every 2-3 years and follow recommended fertilizer programs.",apple,post-harvest
How can I improve what are the symptoms of nutrient deficiency in apple and how to address them?,"For Apple: Follow certified seed, appropriate plant spacing, monitor for pests, and conduct soil tests. Apply balanced fertilizer based on soil test results and follow recommended irrigation schedules for the crop. Tip: Apply compost or well-rotted manure annually to improve soil structure.",apple,general
How to control bacterial diseases in grape crops?,"Pest/Disease guidance: Inspect plants for symptoms (spots, wilting, yellowing). Use integrated pest management (IPM): crop rotation, resistant varieties, targeted biocontrols, and correct pesticide application. If unsure, collect a sample and consult local extension services. Tip: Test soil every 2-3 years and follow recommended fertilizer programs.",grape,pest/disease
How do I determine the optimal planting time for corn in arid zones?,"For Corn: Follow certified seed, appropriate plant spacing, monitor for pests, and conduct soil tests. Apply balanced fertilizer based on soil test results and follow recommended irrigation schedules for the crop. Tip: Test soil every 2-3 years and follow recommended fertilizer programs.",corn,general
How do I prepare a soil bed for transplanting tea seedlings?,"Soil advice: Soil appears acidic (pH 5.5-6.5). Recommended N-P-K levels: N=low, P=medium, K=high. Add organic matter and consider liming if acidic. Perform a soil test for exact fertilizer recommendations; use compost to improve organic matter. Tip: Rotate crops to reduce pest and disease pressure.",tea,soil
How do I prepare a soil bed for transplanting pulse seedlings?,"Soil advice: Soil appears acidic (pH 5.5-6.5). Recommended N-P-K levels: N=medium, P=high, K=medium. Add organic matter and consider liming if acidic. Perform a soil test for exact fertilizer recommendations; use compost to improve organic matter. Tip: Test soil every 2-3 years and follow recommended fertilizer programs.",pulse,soil
How do I diagnose fungal diseases in grape and treat them?,"Pest/Disease guidance: Inspect plants for symptoms (spots, wilting, yellowing). Use integrated pest management (IPM): crop rotation, resistant varieties, targeted biocontrols, and correct pesticide application. If unsure, collect a sample and consult local extension services. Tip: Use certified seed and treat seeds where appropriate to reduce seed-borne diseases.",grape,pest/disease
What are harvesting indicators that show grape is ready to harvest?,"Post-harvest: Harvest at physiological maturity, dry to safe moisture content, and store in a cool, dry place to avoid pests. Use proper packaging and consider value-added processing to increase shelf life. Tip: Use certified seed and treat seeds where appropriate to reduce seed-borne diseases.",grape,post-harvest
How do I determine the optimal planting time for barley in tropical areas?,"For Barley: Follow certified seed, appropriate plant spacing, monitor for pests, and conduct soil tests. Apply balanced fertilizer based on soil test results and follow recommended irrigation schedules for the crop. Tip: Apply compost or well-rotted manure annually to improve soil structure.",barley,general
What are the best seed varieties of tea for high yield and disease resistance in tropical areas?,"Pest/Disease guidance: Inspect plants for symptoms (spots, wilting, yellowing). Use integrated pest management (IPM): crop rotation, resistant varieties, targeted biocontrols, and correct pesticide application. If unsure, collect a sample and consult local extension services. Tip: Apply compost or well-rotted manure annually to improve soil structure.",tea,pest/disease
How can I improve how should I irrigate rice to maximize water efficiency?,"Irrigation guidance: Water based on crop stage—establishment, vegetative growth, and reproductive stages need careful scheduling. Avoid waterlogging; use mulch to conserve moisture and consider drip irrigation for efficiency. Tip: Test soil every 2-3 years and follow recommended fertilizer programs.",rice,irrigation
How can I improve how to control bacterial diseases in wheat crops?,"Pest/Disease guidance: Inspect plants for symptoms (spots, wilting, yellowing). Use integrated pest management (IPM): crop rotation, resistant varieties, targeted biocontrols, and correct pesticide application. If unsure, collect a sample and consult local extension services. Tip: Monitor fields weekly during critical growth stages for early pest detection.",wheat,pest/disease
How do I determine the optimal planting time for millet in arid zones?,"For Millet: Follow certified seed, appropriate plant spacing, monitor for pests, and conduct soil tests. Apply balanced fertilizer based on soil test results and follow recommended irrigation schedules for the crop. Tip: Rotate crops to reduce pest and disease pressure.",millet,general
How to build a simple storage facility to store sorghum after harvest?,"Post-harvest: Harvest at physiological maturity, dry to safe moisture content, and store in a cool, dry place to avoid pests. Use proper packaging and consider value-added processing to increase shelf life. Tip: Rotate crops to reduce pest and disease pressure.",sorghum,post-harvest
How do I determine the optimal planting time for pea in coastal areas?,"For Pea: Follow certified seed, appropriate plant spacing, monitor for pests, and conduct soil tests. Apply balanced fertilizer based on soil test results and follow recommended irrigation schedules for the crop. Tip: Apply compost or well-rotted manure annually to improve soil structure.",pea,general
What are the profitable value-added products from wheat processing?,"For Wheat: Follow certified seed, appropriate plant spacing, monitor for pests, and conduct soil tests. Apply balanced fertilizer based on soil test results and follow recommended irrigation schedules for the crop. Tip: Apply compost or well-rotted manure annually to improve soil structure.",wheat,general
What mechanization options are suitable for tea on medium farms?,"For Tea: Follow certified seed, appropriate plant spacing, monitor for pests, and conduct soil tests. Apply balanced fertilizer based on soil test results and follow recommended irrigation schedules for the crop. Tip: Rotate crops to reduce pest and disease pressure.",tea,general
How can I improve how do I determine the optimal planting time for sugarcane in my region?,"For Sugarcane: Follow certified seed, appropriate plant spacing, monitor for pests, and conduct soil tests. Apply balanced fertilizer based on soil test results and follow recommended irrigation schedules for the crop. Tip: Use certified seed and treat seeds where appropriate to reduce seed-borne diseases.",sugarcane,general
What cover crops complement grape in rotation to improve soil health?,"Soil advice: Soil appears alkaline (pH 7.5+). Recommended N-P-K levels: N=low, P=high, K=medium. Add organic matter and consider liming if acidic. Perform a soil test for exact fertilizer recommendations; use compost to improve organic matter. Tip: Test soil every 2-3 years and follow recommended fertilizer programs.",grape,soil
How can I improve how do I identify nematode damage in millet and manage it?,"For Millet: Follow certified seed, appropriate plant spacing, monitor for pests, and conduct soil tests. Apply balanced fertilizer based on soil test results and follow recommended irrigation schedules for the crop. Tip: Apply compost or well-rotted manure annually to improve soil structure.",millet,general
How do I manage weeds in coffee fields effectively?,"Pest/Disease guidance: Inspect plants for symptoms (spots, wilting, yellowing). Use integrated pest management (IPM): crop rotation, resistant varieties, targeted biocontrols, and correct pesticide application. If unsure, collect a sample and consult local extension services. Tip: Rotate crops to reduce pest and disease pressure.",coffee,pest/disease
How can I improve how to manage salinity or alkalinity issues when growing pea?,"For Pea: Follow certified seed, appropriate plant spacing, monitor for pests, and conduct soil tests. Apply balanced fertilizer based on soil test results and follow recommended irrigation schedules for the crop. Tip: Use certified seed and treat seeds where appropriate to reduce seed-borne diseases.",pea,general
How do I determine the optimal planting time for pulse in high-altitude areas?,"For Pulse: Follow certified seed, appropriate plant spacing, monitor for pests, and conduct soil tests. Apply balanced fertilizer based on soil test results and follow recommended irrigation schedules for the crop. Tip: Monitor fields weekly during critical growth stages for early pest detection.",pulse,general
How to select appropriate fertilizer blends for lentil?,"For Lentil: Follow certified seed, appropriate plant spacing, monitor for pests, and conduct soil tests. Apply balanced fertilizer based on soil test results and follow recommended irrigation schedules for the crop. Tip: Rotate crops to reduce pest and disease pressure.",lentil,general
What are the best seed varieties of millet for high yield and disease resistance in my region?,"Pest/Disease guidance: Inspect plants for symptoms (spots, wilting, yellowing). Use integrated pest management (IPM): crop rotation, resistant varieties, targeted biocontrols, and correct pesticide application. If unsure, collect a sample and consult local extension services. Tip: Monitor fields weekly during critical growth stages for early pest detection.",millet,pest/disease
How can I improve how do I manage weeds in lentil fields effectively?,"Pest/Disease guidance: Inspect plants for symptoms (spots, wilting, yellowing). Use integrated pest management (IPM): crop rotation, resistant varieties, targeted biocontrols, and correct pesticide application. If unsure, collect a sample and consult local extension services. Tip: Rotate crops to reduce pest and disease pressure.",lentil,pest/disease
How can I improve what government schemes support millet farmers and how to apply?,"For Millet: Follow certified seed, appropriate plant spacing, monitor for pests, and conduct soil tests. Apply balanced fertilizer based on soil test results and follow recommended irrigation schedules for the crop. Tip: Monitor fields weekly during critical growth stages for early pest detection.",millet,general
What are the common pests of coffee and how to control them?,"Pest/Disease guidance: Inspect plants for symptoms (spots, wilting, yellowing). Use integrated pest management (IPM): crop rotation, resistant varieties, targeted biocontrols, and correct pesticide application. If unsure, collect a sample and consult local extension services. Tip: Rotate crops to reduce pest and disease pressure.",coffee,pest/disease
How to perform a quick on-field soil test for corn planting?,"Soil advice: Soil appears acidic (pH 5.5-6.5). Recommended N-P-K levels: N=high, P=medium, K=high. Add organic matter and consider liming if acidic. Perform a soil test for exact fertilizer recommendations; use compost to improve organic matter. Tip: Apply compost or well-rotted manure annually to improve soil structure.",corn,soil
How can I improve how do I diagnose fungal diseases in tomato and treat them?,"Pest/Disease guidance: Inspect plants for symptoms (spots, wilting, yellowing). Use integrated pest management (IPM): crop rotation, resistant varieties, targeted biocontrols, and correct pesticide application. If unsure, collect a sample and consult local extension services. Tip: Apply compost or well-rotted manure annually to improve soil structure.",tomato,pest/disease
How do I determine the optimal planting time for barley in high-altitude areas?,"For Barley: Follow certified seed, appropriate plant spacing, monitor for pests, and conduct soil tests. Apply balanced fertilizer based on soil test results and follow recommended irrigation schedules for the crop. Tip: Apply compost or well-rotted manure annually to improve soil structure.",barley,general
How can I improve how do I select disease-resistant grape varieties for my area?,"Pest/Disease guidance: Inspect plants for symptoms (spots, wilting, yellowing). Use integrated pest management (IPM): crop rotation, resistant varieties, targeted biocontrols, and correct pesticide application. If unsure, collect a sample and consult local extension services. Tip: Monitor fields weekly during critical growth stages for early pest detection.",grape,pest/disease
What are post-harvest storage best practices for barley?,"Post-harvest: Harvest at physiological maturity, dry to safe moisture content, and store in a cool, dry place to avoid pests. Use proper packaging and consider value-added processing to increase shelf life. Tip: Rotate crops to reduce pest and disease pressure.",barley,post-harvest
How can I improve which soil types are most suitable for cultivating pea?,"Soil advice: Soil appears alkaline (pH 7.5+). Recommended N-P-K levels: N=low, P=low, K=medium. Add organic matter and consider liming if acidic. Perform a soil test for exact fertilizer recommendations; use compost to improve organic matter. Tip: Rotate crops to reduce pest and disease pressure.",pea,soil
How can I monitor lentil health using drones or remote sensing?,"For Lentil: Follow certified seed, appropriate plant spacing, monitor for pests, and conduct soil tests. Apply balanced fertilizer based on soil test results and follow recommended irrigation schedules for the crop. Tip: Test soil every 2-3 years and follow recommended fertilizer programs.",lentil,general
How can I improve how can I use compost and organic amendments for potato production?,"Soil advice: Soil appears acidic (pH 5.5-6.5). Recommended N-P-K levels: N=high, P=high, K=high. Add organic matter and consider liming if acidic. Perform a soil test for exact fertilizer recommendations; use compost to improve organic matter. Tip: Monitor fields weekly during critical growth stages for early pest detection.",potato,soil
How do I identify nematode damage in tea and manage it?,"For Tea: Follow certified seed, appropriate plant spacing, monitor for pests, and conduct soil tests. Apply balanced fertilizer based on soil test results and follow recommended irrigation schedules for the crop. Tip: Test soil every 2-3 years and follow recommended fertilizer programs.",tea,general
How to select appropriate fertilizer blends for maize?,"For Maize: Follow certified seed, appropriate plant spacing, monitor for pests, and conduct soil tests. Apply balanced fertilizer based on soil test results and follow recommended irrigation schedules for the crop. Tip: Monitor fields weekly during critical growth stages for early pest detection.",maize,general
What are harvesting indicators that show banana is ready to harvest?,"Post-harvest: Harvest at physiological maturity, dry to safe moisture content, and store in a cool, dry place to avoid pests. Use proper packaging and consider value-added processing to increase shelf life. Tip: Apply compost or well-rotted manure annually to improve soil structure.",banana,post-harvest
What are effective organic practices for growing sugarcane?,"Soil advice: Soil appears alkaline (pH 7.5+). Recommended N-P-K levels: N=low, P=low, K=medium. Add organic matter and consider liming if acidic. Perform a soil test for exact fertilizer recommendations; use compost to improve organic matter. Tip: Use certified seed and treat seeds where appropriate to reduce seed-borne diseases.",sugarcane,soil
How can I improve how can I use compost and organic amendments for pulse production?,"Soil advice: Soil appears alkaline (pH 7.5+). Recommended N-P-K levels: N=low, P=low, K=high. Add organic matter and consider liming if acidic. Perform a soil test for exact fertilizer recommendations; use compost to improve organic matter. Tip: Rotate crops to reduce pest and disease pressure.",pulse,soil
How do I determine the optimal planting time for grape in coastal areas?,"For Grape: Follow certified seed, appropriate plant spacing, monitor for pests, and conduct soil tests. Apply balanced fertilizer based on soil test results and follow recommended irrigation schedules for the crop. Tip: Apply compost or well-rotted manure annually to improve soil structure.",grape,general
How do I determine the optimal planting time for barley in coastal areas?,"For Barley: Follow certified seed, appropriate plant spacing, monitor for pests, and conduct soil tests. Apply balanced fertilizer based on soil test results and follow recommended irrigation schedules for the crop. Tip: Monitor fields weekly during critical growth stages for early pest detection.",barley,general
How can I improve how do I select disease-resistant rice varieties for my area?,"Pest/Disease guidance: Inspect plants for symptoms (spots, wilting, yellowing). Use integrated pest management (IPM): crop rotation, resistant varieties, targeted biocontrols, and correct pesticide application. If unsure, collect a sample and consult local extension services. Tip: Apply compost or well-rotted manure annually to improve soil structure.",rice,pest/disease
What are the best seed varieties of cotton for high yield and disease resistance in temperate regions?,"Pest/Disease guidance: Inspect plants for symptoms (spots, wilting, yellowing). Use integrated pest management (IPM): crop rotation, resistant varieties, targeted biocontrols, and correct pesticide application. If unsure, collect a sample and consult local extension services. Tip: Test soil every 2-3 years and follow recommended fertilizer programs.",cotton,pest/disease
How can I improve how do I prepare a soil bed for transplanting tomato seedlings?,"Soil advice: Soil appears acidic (pH 5.5-6.5). Recommended N-P-K levels: N=low, P=medium, K=low. Add organic matter and consider liming if acidic. Perform a soil test for exact fertilizer recommendations; use compost to improve organic matter. Tip: Monitor fields weekly during critical growth stages for early pest detection.",tomato,soil
How can I use compost and organic amendments for sugarcane production?,"Soil advice: Soil appears neutral (pH 6.5-7.5). Recommended N-P-K levels: N=high, P=high, K=low. Add organic matter and consider liming if acidic. Perform a soil test for exact fertilizer recommendations; use compost to improve organic matter. Tip: Rotate crops to reduce pest and disease pressure.",sugarcane,soil
What are common post-harvest pests affecting corn and how to prevent them?,"Pest/Disease guidance: Inspect plants for symptoms (spots, wilting, yellowing). Use integrated pest management (IPM): crop rotation, resistant varieties, targeted biocontrols, and correct pesticide application. If unsure, collect a sample and consult local extension services. Tip: Use certified seed and treat seeds where appropriate to reduce seed-borne diseases.",corn,pest/disease
What cover crops complement tea in rotation to improve soil health?,"Soil advice: Soil appears acidic (pH 5.5-6.5). Recommended N-P-K levels: N=medium, P=medium, K=low. Add organic matter and consider liming if acidic. Perform a soil test for exact fertilizer recommendations; use compost to improve organic matter. Tip: Test soil every 2-3 years and follow recommended fertilizer programs.",tea,soil
How can I improve what are post-harvest storage best practices for barley?,"Post-harvest: Harvest at physiological maturity, dry to safe moisture content, and store in a cool, dry place to avoid pests. Use proper packaging and consider value-added processing to increase shelf life. Tip: Test soil every 2-3 years and follow recommended fertilizer programs.",barley,post-harvest
How can I improve how to select appropriate fertilizer blends for sorghum?,"For Sorghum: Follow certified seed, appropriate plant spacing, monitor for pests, and conduct soil tests. Apply balanced fertilizer based on soil test results and follow recommended irrigation schedules for the crop. Tip: Monitor fields weekly during critical growth stages for early pest detection.",sorghum,general
What are effective organic practices for growing apple?,"Soil advice: Soil appears neutral (pH 6.5-7.5). Recommended N-P-K levels: N=high, P=high, K=high. Add organic matter and consider liming if acidic. Perform a soil test for exact fertilizer recommendations; use compost to improve organic matter. Tip: Test soil every 2-3 years and follow recommended fertilizer programs.",apple,soil
How can I improve what government schemes support apple farmers and how to apply?,"For Apple: Follow certified seed, appropriate plant spacing, monitor for pests, and conduct soil tests. Apply balanced fertilizer based on soil test results and follow recommended irrigation schedules for the crop. Tip: Rotate crops to reduce pest and disease pressure.",apple,general
How can I improve how to reduce fertilizer runoff from millet fields and protect water quality?,"Irrigation guidance: Water based on crop stage—establishment, vegetative growth, and reproductive stages need careful scheduling. Avoid waterlogging; use mulch to conserve moisture and consider drip irrigation for efficiency. Tip: Apply compost or well-rotted manure annually to improve soil structure.",millet,irrigation
What are harvesting indicators that show barley is ready to harvest?,"Post-harvest: Harvest at physiological maturity, dry to safe moisture content, and store in a cool, dry place to avoid pests. Use proper packaging and consider value-added processing to increase shelf life. Tip: Apply compost or well-rotted manure annually to improve soil structure.",barley,post-harvest
How can I improve how to manage post-harvest quality and grading for corn?,"Post-harvest: Harvest at physiological maturity, dry to safe moisture content, and store in a cool, dry place to avoid pests. Use proper packaging and consider value-added processing to increase shelf life. Tip: Rotate crops to reduce pest and disease pressure.",corn,post-harvest
How do I prepare a soil bed for transplanting barley seedlings?,"Soil advice: Soil appears acidic (pH 5.5-6.5). Recommended N-P-K levels: N=low, P=low, K=medium. Add organic matter and consider liming if acidic. Perform a soil test for exact fertilizer recommendations; use compost to improve organic matter. Tip: Test soil every 2-3 years and follow recommended fertilizer programs.",barley,soil
How can I improve what are water-saving irrigation techniques suitable for garlic?,"Irrigation guidance: Water based on crop stage—establishment, vegetative growth, and reproductive stages need careful scheduling. Avoid waterlogging; use mulch to conserve moisture and consider drip irrigation for efficiency. Tip: Use certified seed and treat seeds where appropriate to reduce seed-borne diseases.",garlic,irrigation
How to manage post-harvest quality and grading for lentil?,"Post-harvest: Harvest at physiological maturity, dry to safe moisture content, and store in a cool, dry place to avoid pests. Use proper packaging and consider value-added processing to increase shelf life. Tip: Apply compost or well-rotted manure annually to improve soil structure.",lentil,post-harvest
How can I improve what are the symptoms of nutrient deficiency in garlic and how to address them?,"For Garlic: Follow certified seed, appropriate plant spacing, monitor for pests, and conduct soil tests. Apply balanced fertilizer based on soil test results and follow recommended irrigation schedules for the crop. Tip: Use certified seed and treat seeds where appropriate to reduce seed-borne diseases.",garlic,general
How do I determine the optimal planting time for sorghum in high-altitude areas?,"For Sorghum: Follow certified seed, appropriate plant spacing, monitor for pests, and conduct soil tests. Apply balanced fertilizer based on soil test results and follow recommended irrigation schedules for the crop. Tip: Monitor fields weekly during critical growth stages for early pest detection.",sorghum,general
How do I determine the optimal planting time for potato in tropical areas?,"For Potato: Follow certified seed, appropriate plant spacing, monitor for pests, and conduct soil tests. Apply balanced fertilizer based on soil test results and follow recommended irrigation schedules for the crop. Tip: Use certified seed and treat seeds where appropriate to reduce seed-borne diseases.",potato,general
How can I improve how can I improve seed germination rates for grape?,"For Grape: Follow certified seed, appropriate plant spacing, monitor for pests, and conduct soil tests. Apply balanced fertilizer based on soil test results and follow recommended irrigation schedules for the crop. Tip: Apply compost or well-rotted manure annually to improve soil structure.",grape,general
How can I improve what are the profitable value-added products from banana processing?,"For Banana: Follow certified seed, appropriate plant spacing, monitor for pests, and conduct soil tests. Apply balanced fertilizer based on soil test results and follow recommended irrigation schedules for the crop. Tip: Test soil every 2-3 years and follow recommended fertilizer programs.",banana,general
How can I improve how can I monitor soybean health using drones or remote sensing?,"For Soybean: Follow certified seed, appropriate plant spacing, monitor for pests, and conduct soil tests. Apply balanced fertilizer based on soil test results and follow recommended irrigation schedules for the crop. Tip: Test soil every 2-3 years and follow recommended fertilizer programs.",soybean,general
How can I improve what are recommended planting depths and sowing rates for pulse?,"For Pulse: Follow certified seed, appropriate plant spacing, monitor for pests, and conduct soil tests. Apply balanced fertilizer based on soil test results and follow recommended irrigation schedules for the crop. Tip: Rotate crops to reduce pest and disease pressure.",pulse,general
How to select appropriate fertilizer blends for barley?,"For Barley: Follow certified seed, appropriate plant spacing, monitor for pests, and conduct soil tests. Apply balanced fertilizer based on soil test results and follow recommended irrigation schedules for the crop. Tip: Test soil every 2-3 years and follow recommended fertilizer programs.",barley,general
How to establish a nursery for sugarcane seedlings?,"For Sugarcane: Follow certified seed, appropriate plant spacing, monitor for pests, and conduct soil tests. Apply balanced fertilizer based on soil test results and follow recommended irrigation schedules for the crop. Tip: Apply compost or well-rotted manure annually to improve soil structure.",sugarcane,general
How do I identify nematode damage in rice and manage it?,"For Rice: Follow certified seed, appropriate plant spacing, monitor for pests, and conduct soil tests. Apply balanced fertilizer based on soil test results and follow recommended irrigation schedules for the crop. Tip: Rotate crops to reduce pest and disease pressure.",rice,general
How do I diagnose fungal diseases in tea and treat them?,"Pest/Disease guidance: Inspect plants for symptoms (spots, wilting, yellowing). Use integrated pest management (IPM): crop rotation, resistant varieties, targeted biocontrols, and correct pesticide application. If unsure, collect a sample and consult local extension services. Tip: Monitor fields weekly during critical growth stages for early pest detection.",tea,pest/disease
How do I identify nematode damage in maize and manage it?,"For Maize: Follow certified seed, appropriate plant spacing, monitor for pests, and conduct soil tests. Apply balanced fertilizer based on soil test results and follow recommended irrigation schedules for the crop. Tip: Monitor fields weekly during critical growth stages for early pest detection.",maize,general
How to establish a nursery for coffee seedlings?,"For Coffee: Follow certified seed, appropriate plant spacing, monitor for pests, and conduct soil tests. Apply balanced fertilizer based on soil test results and follow recommended irrigation schedules for the crop. Tip: Monitor fields weekly during critical growth stages for early pest detection.",coffee,general
How can I improve how do I prepare a soil bed for transplanting garlic seedlings?,"Soil advice: Soil appears acidic (pH 5.5-6.5). Recommended N-P-K levels: N=low, P=high, K=high. Add organic matter and consider liming if acidic. Perform a soil test for exact fertilizer recommendations; use compost to improve organic matter. Tip: Monitor fields weekly during critical growth stages for early pest detection.",garlic,soil
How can I improve how do I prepare a soil bed for transplanting wheat seedlings?,"Soil advice: Soil appears alkaline (pH 7.5+). Recommended N-P-K levels: N=high, P=high, K=low. Add organic matter and consider liming if acidic. Perform a soil test for exact fertilizer recommendations; use compost to improve organic matter. Tip: Apply compost or well-rotted manure annually to improve soil structure.",wheat,soil
How to perform a quick on-field soil test for lentil planting?,"Soil advice: Soil appears acidic (pH 5.5-6.5). Recommended N-P-K levels: N=high, P=low, K=high. Add organic matter and consider liming if acidic. Perform a soil test for exact fertilizer recommendations; use compost to improve organic matter. Tip: Apply compost or well-rotted manure annually to improve soil structure.",lentil,soil
What are the profitable value-added products from cotton processing?,"For Cotton: Follow certified seed, appropriate plant spacing, monitor for pests, and conduct soil tests. Apply balanced fertilizer based on soil test results and follow recommended irrigation schedules for the crop. Tip: Test soil every 2-3 years and follow recommended fertilizer programs.",cotton,general
How do I manage irrigation scheduling for soybean during drought?,"Irrigation guidance: Water based on crop stage—establishment, vegetative growth, and reproductive stages need careful scheduling. Avoid waterlogging; use mulch to conserve moisture and consider drip irrigation for efficiency. Tip: Use certified seed and treat seeds where appropriate to reduce seed-borne diseases.",soybean,irrigation
How to build a simple storage facility to store corn after harvest?,"Post-harvest: Harvest at physiological maturity, dry to safe moisture content, and store in a cool, dry place to avoid pests. Use proper packaging and consider value-added processing to increase shelf life. Tip: Use certified seed and treat seeds where appropriate to reduce seed-borne diseases.",corn,post-harvest
How can I improve how do I manage irrigation scheduling for pea during drought?,"Irrigation guidance: Water based on crop stage—establishment, vegetative growth, and reproductive stages need careful scheduling. Avoid waterlogging; use mulch to conserve moisture and consider drip irrigation for efficiency. Tip: Test soil every 2-3 years and follow recommended fertilizer programs.",pea,irrigation
How can I improve how do I manage weeds in tea fields effectively?,"Pest/Disease guidance: Inspect plants for symptoms (spots, wilting, yellowing). Use integrated pest management (IPM): crop rotation, resistant varieties, targeted biocontrols, and correct pesticide application. If unsure, collect a sample and consult local extension services. Tip: Test soil every 2-3 years and follow recommended fertilizer programs.",tea,pest/disease
How do I determine the optimal planting time for sugarcane in temperate regions?,"For Sugarcane: Follow certified seed, appropriate plant spacing, monitor for pests, and conduct soil tests. Apply balanced fertilizer based on soil test results and follow recommended irrigation schedules for the crop. Tip: Use certified seed and treat seeds where appropriate to reduce seed-borne diseases.",sugarcane,general
How can I improve what are the profitable value-added products from corn processing?,"For Corn: Follow certified seed, appropriate plant spacing, monitor for pests, and conduct soil tests. Apply balanced fertilizer based on soil test results and follow recommended irrigation schedules for the crop. Tip: Monitor fields weekly during critical growth stages for early pest detection.",corn,general
How can I increase barley yield on smallholder farms?,"Post-harvest: Harvest at physiological maturity, dry to safe moisture content, and store in a cool, dry place to avoid pests. Use proper packaging and consider value-added processing to increase shelf life. Tip: Test soil every 2-3 years and follow recommended fertilizer programs.",barley,post-harvest
How can I improve what are recommended planting depths and sowing rates for sugarcane?,"For Sugarcane: Follow certified seed, appropriate plant spacing, monitor for pests, and conduct soil tests. Apply balanced fertilizer based on soil test results and follow recommended irrigation schedules for the crop. Tip: Apply compost or well-rotted manure annually to improve soil structure.",sugarcane,general
How do I determine the optimal planting time for millet in tropical areas?,"For Millet: Follow certified seed, appropriate plant spacing, monitor for pests, and conduct soil tests. Apply balanced fertilizer based on soil test results and follow recommended irrigation schedules for the crop. Tip: Apply compost or well-rotted manure annually to improve soil structure.",millet,general
What are the best seed varieties of garlic for high yield and disease resistance in temperate regions?,"Pest/Disease guidance: Inspect plants for symptoms (spots, wilting, yellowing). Use integrated pest management (IPM): crop rotation, resistant varieties, targeted biocontrols, and correct pesticide application. If unsure, collect a sample and consult local extension services. Tip: Use certified seed and treat seeds where appropriate to reduce seed-borne diseases.",garlic,pest/disease
How can I improve how do I prepare a soil bed for transplanting coffee seedlings?,"Soil advice: Soil appears alkaline (pH 7.5+). Recommended N-P-K levels: N=low, P=medium, K=medium. Add organic matter and consider liming if acidic. Perform a soil test for exact fertilizer recommendations; use compost to improve organic matter. Tip: Rotate crops to reduce pest and disease pressure.",coffee,soil
What are early warning signs of pest outbreaks in tea fields?,"Pest/Disease guidance: Inspect plants for symptoms (spots, wilting, yellowing). Use integrated pest management (IPM): crop rotation, resistant varieties, targeted biocontrols, and correct pesticide application. If unsure, collect a sample and consult local extension services. Tip: Monitor fields weekly during critical growth stages for early pest detection.",tea,pest/disease
How can I improve what are recommended planting depths and sowing rates for tomato?,"For Tomato: Follow certified seed, appropriate plant spacing, monitor for pests, and conduct soil tests. Apply balanced fertilizer based on soil test results and follow recommended irrigation schedules for the crop. Tip: Apply compost or well-rotted manure annually to improve soil structure.",tomato,general
How to select appropriate fertilizer blends for soybean?,"For Soybean: Follow certified seed, appropriate plant spacing, monitor for pests, and conduct soil tests. Apply balanced fertilizer based on soil test results and follow recommended irrigation schedules for the crop. Tip: Monitor fields weekly during critical growth stages for early pest detection.",soybean,general
What are the best seed varieties of tea for high yield and disease resistance in high-altitude areas?,"Pest/Disease guidance: Inspect plants for symptoms (spots, wilting, yellowing). Use integrated pest management (IPM): crop rotation, resistant varieties, targeted biocontrols, and correct pesticide application. If unsure, collect a sample and consult local extension services. Tip: Use certified seed and treat seeds where appropriate to reduce seed-borne diseases.",tea,pest/disease
How can I improve what integrated pest management (IPM) strategies work well for tea?,"Pest/Disease guidance: Inspect plants for symptoms (spots, wilting, yellowing). Use integrated pest management (IPM): crop rotation, resistant varieties, targeted biocontrols, and correct pesticide application. If unsure, collect a sample and consult local extension services. Tip: Monitor fields weekly during critical growth stages for early pest detection.",tea,pest/disease
How can I improve what fertilizer program should I follow for a healthy barley crop?,"For Barley: Follow certified seed, appropriate plant spacing, monitor for pests, and conduct soil tests. Apply balanced fertilizer based on soil test results and follow recommended irrigation schedules for the crop. Tip: Monitor fields weekly during critical growth stages for early pest detection.",barley,general
What are the common pests of pulse and how to control them?,"Pest/Disease guidance: Inspect plants for symptoms (spots, wilting, yellowing). Use integrated pest management (IPM): crop rotation, resistant varieties, targeted biocontrols, and correct pesticide application. If unsure, collect a sample and consult local extension services. Tip: Monitor fields weekly during critical growth stages for early pest detection.",pulse,pest/disease
How to build a simple storage facility to store pulse after harvest?,"Post-harvest: Harvest at physiological maturity, dry to safe moisture content, and store in a cool, dry place to avoid pests. Use proper packaging and consider value-added processing to increase shelf life. Tip: Use certified seed and treat seeds where appropriate to reduce seed-borne diseases.",pulse,post-harvest
How can I improve what are harvesting indicators that show corn is ready to harvest?,"Post-harvest: Harvest at physiological maturity, dry to safe moisture content, and store in a cool, dry place to avoid pests. Use proper packaging and consider value-added processing to increase shelf life. Tip: Rotate crops to reduce pest and disease pressure.",corn,post-harvest
How can I improve what fertilizer program should I follow for a healthy rice crop?,"For Rice: Follow certified seed, appropriate plant spacing, monitor for pests, and conduct soil tests. Apply balanced fertilizer based on soil test results and follow recommended irrigation schedules for the crop. Tip: Test soil every 2-3 years and follow recommended fertilizer programs.",rice,general
How can I improve how do I diagnose fungal diseases in grape and treat them?,"Pest/Disease guidance: Inspect plants for symptoms (spots, wilting, yellowing). Use integrated pest management (IPM): crop rotation, resistant varieties, targeted biocontrols, and correct pesticide application. If unsure, collect a sample and consult local extension services. Tip: Test soil every 2-3 years and follow recommended fertilizer programs.",grape,pest/disease
How to control bacterial diseases in sorghum crops?,"Pest/Disease guidance: Inspect plants for symptoms (spots, wilting, yellowing). Use integrated pest management (IPM): crop rotation, resistant varieties, targeted biocontrols, and correct pesticide application. If unsure, collect a sample and consult local extension services. Tip: Test soil every 2-3 years and follow recommended fertilizer programs.",sorghum,pest/disease
What cover crops complement apple in rotation to improve soil health?,"Soil advice: Soil appears acidic (pH 5.5-6.5). Recommended N-P-K levels: N=high, P=high, K=high. Add organic matter and consider liming if acidic. Perform a soil test for exact fertilizer recommendations; use compost to improve organic matter. Tip: Monitor fields weekly during critical growth stages for early pest detection.",apple,soil
How do I identify nematode damage in onion and manage it?,"For Onion: Follow certified seed, appropriate plant spacing, monitor for pests, and conduct soil tests. Apply balanced fertilizer based on soil test results and follow recommended irrigation schedules for the crop. Tip: Monitor fields weekly during critical growth stages for early pest detection.",onion,general
How can I improve how do I select disease-resistant sorghum varieties for my area?,"Pest/Disease guidance: Inspect plants for symptoms (spots, wilting, yellowing). Use integrated pest management (IPM): crop rotation, resistant varieties, targeted biocontrols, and correct pesticide application. If unsure, collect a sample and consult local extension services. Tip: Apply compost or well-rotted manure annually to improve soil structure.",sorghum,pest/disease
How can I improve what cover crops complement sugarcane in rotation to improve soil health?,"Soil advice: Soil appears neutral (pH 6.5-7.5). Recommended N-P-K levels: N=medium, P=low, K=medium. Add organic matter and consider liming if acidic. Perform a soil test for exact fertilizer recommendations; use compost to improve organic matter. Tip: Monitor fields weekly during critical growth stages for early pest detection.",sugarcane,soil
How do I determine the optimal planting time for banana in temperate regions?,"For Banana: Follow certified seed, appropriate plant spacing, monitor for pests, and conduct soil tests. Apply balanced fertilizer based on soil test results and follow recommended irrigation schedules for the crop. Tip: Test soil every 2-3 years and follow recommended fertilizer programs.",banana,general
How to perform a quick on-field soil test for grape planting?,"Soil advice: Soil appears alkaline (pH 7.5+). Recommended N-P-K levels: N=medium, P=high, K=high. Add organic matter and consider liming if acidic. Perform a soil test for exact fertilizer recommendations; use compost to improve organic matter. Tip: Rotate crops to reduce pest and disease pressure.",grape,soil
How can I improve how to reduce fertilizer runoff from onion fields and protect water quality?,"Irrigation guidance: Water based on crop stage—establishment, vegetative growth, and reproductive stages need careful scheduling. Avoid waterlogging; use mulch to conserve moisture and consider drip irrigation for efficiency. Tip: Test soil every 2-3 years and follow recommended fertilizer programs.",onion,irrigation
How can I improve what government schemes support onion farmers and how to apply?,"For Onion: Follow certified seed, appropriate plant spacing, monitor for pests, and conduct soil tests. Apply balanced fertilizer based on soil test results and follow recommended irrigation schedules for the crop. Tip: Test soil every 2-3 years and follow recommended fertilizer programs.",onion,general
How can I improve what integrated pest management (IPM) strategies work well for grape?,"Pest/Disease guidance: Inspect plants for symptoms (spots, wilting, yellowing). Use integrated pest management (IPM): crop rotation, resistant varieties, targeted biocontrols, and correct pesticide application. If unsure, collect a sample and consult local extension services. Tip: Use certified seed and treat seeds where appropriate to reduce seed-borne diseases.",grape,pest/disease
How can I improve seed germination rates for grape?,"For Grape: Follow certified seed, appropriate plant spacing, monitor for pests, and conduct soil tests. Apply balanced fertilizer based on soil test results and follow recommended irrigation schedules for the crop. Tip: Monitor fields weekly during critical growth stages for early pest detection.",grape,general
How can I improve how can I test soil fertility before planting millet?,"Soil advice: Soil appears acidic (pH 5.5-6.5). Recommended N-P-K levels: N=low, P=low, K=medium. Add organic matter and consider liming if acidic. Perform a soil test for exact fertilizer recommendations; use compost to improve organic matter. Tip: Use certified seed and treat seeds where appropriate to reduce seed-borne diseases.",millet,soil
What are common post-harvest pests affecting barley and how to prevent them?,"Pest/Disease guidance: Inspect plants for symptoms (spots, wilting, yellowing). Use integrated pest management (IPM): crop rotation, resistant varieties, targeted biocontrols, and correct pesticide application. If unsure, collect a sample and consult local extension services. Tip: Test soil every 2-3 years and follow recommended fertilizer programs.",barley,pest/disease
How can I increase pulse yield on smallholder farms?,"Post-harvest: Harvest at physiological maturity, dry to safe moisture content, and store in a cool, dry place to avoid pests. Use proper packaging and consider value-added processing to increase shelf life. Tip: Test soil every 2-3 years and follow recommended fertilizer programs.",pulse,post-harvest
How can I improve how to manage salinity or alkalinity issues when growing banana?,"For Banana: Follow certified seed, appropriate plant spacing, monitor for pests, and conduct soil tests. Apply balanced fertilizer based on soil test results and follow recommended irrigation schedules for the crop. Tip: Use certified seed and treat seeds where appropriate to reduce seed-borne diseases.",banana,general
How can I improve how do I determine the optimal planting time for potato in temperate regions?,"For Potato: Follow certified seed, appropriate plant spacing, monitor for pests, and conduct soil tests. Apply balanced fertilizer based on soil test results and follow recommended irrigation schedules for the crop. Tip: Monitor fields weekly during critical growth stages for early pest detection.",potato,general
How can I improve what integrated pest management (IPM) strategies work well for pulse?,"Pest/Disease guidance: Inspect plants for symptoms (spots, wilting, yellowing). Use integrated pest management (IPM): crop rotation, resistant varieties, targeted biocontrols, and correct pesticide application. If unsure, collect a sample and consult local extension services. Tip: Test soil every 2-3 years and follow recommended fertilizer programs.",pulse,pest/disease
What are the best seed varieties of soybean for high yield and disease resistance in arid zones?,"Pest/Disease guidance: Inspect plants for symptoms (spots, wilting, yellowing). Use integrated pest management (IPM): crop rotation, resistant varieties, targeted biocontrols, and correct pesticide application. If unsure, collect a sample and consult local extension services. Tip: Rotate crops to reduce pest and disease pressure.",soybean,pest/disease
How to control bacterial diseases in pea crops?,"Pest/Disease guidance: Inspect plants for symptoms (spots, wilting, yellowing). Use integrated pest management (IPM): crop rotation, resistant varieties, targeted biocontrols, and correct pesticide application. If unsure, collect a sample and consult local extension services. Tip: Rotate crops to reduce pest and disease pressure.",pea,pest/disease
How do I determine the optimal planting time for sorghum in temperate regions?,"For Sorghum: Follow certified seed, appropriate plant spacing, monitor for pests, and conduct soil tests. Apply balanced fertilizer based on soil test results and follow recommended irrigation schedules for the crop. Tip: Apply compost or well-rotted manure annually to improve soil structure.",sorghum,general
What are the profitable value-added products from lentil processing?,"For Lentil: Follow certified seed, appropriate plant spacing, monitor for pests, and conduct soil tests. Apply balanced fertilizer based on soil test results and follow recommended irrigation schedules for the crop. Tip: Apply compost or well-rotted manure annually to improve soil structure.",lentil,general
What are the best seed varieties of coffee for high yield and disease resistance in arid zones?,"Pest/Disease guidance: Inspect plants for symptoms (spots, wilting, yellowing). Use integrated pest management (IPM): crop rotation, resistant varieties, targeted biocontrols, and correct pesticide application. If unsure, collect a sample and consult local extension services. Tip: Monitor fields weekly during critical growth stages for early pest detection.",coffee,pest/disease
How can I improve how do I determine the optimal planting time for pulse in coastal areas?,"For Pulse: Follow certified seed, appropriate plant spacing, monitor for pests, and conduct soil tests. Apply balanced fertilizer based on soil test results and follow recommended irrigation schedules for the crop. Tip: Apply compost or well-rotted manure annually to improve soil structure.",pulse,general
What are harvesting indicators that show soybean is ready to harvest?,"Post-harvest: Harvest at physiological maturity, dry to safe moisture content, and store in a cool, dry place to avoid pests. Use proper packaging and consider value-added processing to increase shelf life. Tip: Use certified seed and treat seeds where appropriate to reduce seed-borne diseases.",soybean,post-harvest
How can I improve how to build a simple storage facility to store millet after harvest?,"Post-harvest: Harvest at physiological maturity, dry to safe moisture content, and store in a cool, dry place to avoid pests. Use proper packaging and consider value-added processing to increase shelf life. Tip: Use certified seed and treat seeds where appropriate to reduce seed-borne diseases.",millet,post-harvest
How can I improve what are effective organic practices for growing tea?,"Soil advice: Soil appears neutral (pH 6.5-7.5). Recommended N-P-K levels: N=high, P=high, K=low. Add organic matter and consider liming if acidic. Perform a soil test for exact fertilizer recommendations; use compost to improve organic matter. Tip: Test soil every 2-3 years and follow recommended fertilizer programs.",tea,soil
What are harvesting indicators that show corn is ready to harvest?,"Post-harvest: Harvest at physiological maturity, dry to safe moisture content, and store in a cool, dry place to avoid pests. Use proper packaging and consider value-added processing to increase shelf life. Tip: Apply compost or well-rotted manure annually to improve soil structure.",corn,post-harvest
How can I improve how to perform a quick on-field soil test for apple planting?,"Soil advice: Soil appears neutral (pH 6.5-7.5). Recommended N-P-K levels: N=low, P=low, K=low. Add organic matter and consider liming if acidic. Perform a soil test for exact fertilizer recommendations; use compost to improve organic matter. Tip: Rotate crops to reduce pest and disease pressure.",apple,soil
How can I improve what are the symptoms of nutrient deficiency in soybean and how to address them?,"For Soybean: Follow certified seed, appropriate plant spacing, monitor for pests, and conduct soil tests. Apply balanced fertilizer based on soil test results and follow recommended irrigation schedules for the crop. Tip: Rotate crops to reduce pest and disease pressure.",soybean,general
What are the best seed varieties of lentil for high yield and disease resistance in arid zones?,"Pest/Disease guidance: Inspect plants for symptoms (spots, wilting, yellowing). Use integrated pest management (IPM): crop rotation, resistant varieties, targeted biocontrols, and correct pesticide application. If unsure, collect a sample and consult local extension services. Tip: Apply compost or well-rotted manure annually to improve soil structure.",lentil,pest/disease
How can I improve how do I determine the optimal planting time for tea in tropical areas?,"For Tea: Follow certified seed, appropriate plant spacing, monitor for pests, and conduct soil tests. Apply balanced fertilizer based on soil test results and follow recommended irrigation schedules for the crop. Tip: Use certified seed and treat seeds where appropriate to reduce seed-borne diseases.",tea,general
How to manage salinity or alkalinity issues when growing apple?,"For Apple: Follow certified seed, appropriate plant spacing, monitor for pests, and conduct soil tests. Apply balanced fertilizer based on soil test results and follow recommended irrigation schedules for the crop. Tip: Rotate crops to reduce pest and disease pressure.",apple,general
What are early warning signs of pest outbreaks in tomato fields?,"Pest/Disease guidance: Inspect plants for symptoms (spots, wilting, yellowing). Use integrated pest management (IPM): crop rotation, resistant varieties, targeted biocontrols, and correct pesticide application. If unsure, collect a sample and consult local extension services. Tip: Use certified seed and treat seeds where appropriate to reduce seed-borne diseases.",tomato,pest/disease
What fertilizer program should I follow for a healthy sorghum crop?,"For Sorghum: Follow certified seed, appropriate plant spacing, monitor for pests, and conduct soil tests. Apply balanced fertilizer based on soil test results and follow recommended irrigation schedules for the crop. Tip: Use certified seed and treat seeds where appropriate to reduce seed-borne diseases.",sorghum,general
How can I improve what are post-harvest storage best practices for potato?,"Post-harvest: Harvest at physiological maturity, dry to safe moisture content, and store in a cool, dry place to avoid pests. Use proper packaging and consider value-added processing to increase shelf life. Tip: Use certified seed and treat seeds where appropriate to reduce seed-borne diseases.",potato,post-harvest
How can I improve how to manage salinity or alkalinity issues when growing potato?,"For Potato: Follow certified seed, appropriate plant spacing, monitor for pests, and conduct soil tests. Apply balanced fertilizer based on soil test results and follow recommended irrigation schedules for the crop. Tip: Rotate crops to reduce pest and disease pressure.",potato,general
How do I select disease-resistant pea varieties for my area?,"Pest/Disease guidance: Inspect plants for symptoms (spots, wilting, yellowing). Use integrated pest management (IPM): crop rotation, resistant varieties, targeted biocontrols, and correct pesticide application. If unsure, collect a sample and consult local extension services. Tip: Monitor fields weekly during critical growth stages for early pest detection.",pea,pest/disease
How can I improve what are harvesting indicators that show coffee is ready to harvest?,"Post-harvest: Harvest at physiological maturity, dry to safe moisture content, and store in a cool, dry place to avoid pests. Use proper packaging and consider value-added processing to increase shelf life. Tip: Use certified seed and treat seeds where appropriate to reduce seed-borne diseases.",coffee,post-harvest
How to establish a nursery for tomato seedlings?,"For Tomato: Follow certified seed, appropriate plant spacing, monitor for pests, and conduct soil tests. Apply balanced fertilizer based on soil test results and follow recommended irrigation schedules for the crop. Tip: Test soil every 2-3 years and follow recommended fertilizer programs.",tomato,general
How can I improve what mechanization options are suitable for millet on medium farms?,"For Millet: Follow certified seed, appropriate plant spacing, monitor for pests, and conduct soil tests. Apply balanced fertilizer based on soil test results and follow recommended irrigation schedules for the crop. Tip: Use certified seed and treat seeds where appropriate to reduce seed-borne diseases.",millet,general
How do I select disease-resistant coffee varieties for my area?,"Pest/Disease guidance: Inspect plants for symptoms (spots, wilting, yellowing). Use integrated pest management (IPM): crop rotation, resistant varieties, targeted biocontrols, and correct pesticide application. If unsure, collect a sample and consult local extension services. Tip: Test soil every 2-3 years and follow recommended fertilizer programs.",coffee,pest/disease
How can I improve what are recommended spacing and plant density for sugarcane?,"For Sugarcane: Follow certified seed, appropriate plant spacing, monitor for pests, and conduct soil tests. Apply balanced fertilizer based on soil test results and follow recommended irrigation schedules for the crop. Tip: Monitor fields weekly during critical growth stages for early pest detection.",sugarcane,general
Which soil types are most suitable for cultivating apple?,"Soil advice: Soil appears neutral (pH 6.5-7.5). Recommended N-P-K levels: N=high, P=medium, K=high. Add organic matter and consider liming if acidic. Perform a soil test for exact fertilizer recommendations; use compost to improve organic matter. Tip: Monitor fields weekly during critical growth stages for early pest detection.",apple,soil
How can I improve how to perform a quick on-field soil test for sugarcane planting?,"Soil advice: Soil appears acidic (pH 5.5-6.5). Recommended N-P-K levels: N=high, P=high, K=medium. Add organic matter and consider liming if acidic. Perform a soil test for exact fertilizer recommendations; use compost to improve organic matter. Tip: Apply compost or well-rotted manure annually to improve soil structure.",sugarcane,soil
How can I improve what mechanization options are suitable for sugarcane on medium farms?,"For Sugarcane: Follow certified seed, appropriate plant spacing, monitor for pests, and conduct soil tests. Apply balanced fertilizer based on soil test results and follow recommended irrigation schedules for the crop. Tip: Rotate crops to reduce pest and disease pressure.",sugarcane,general
What fertilizer program should I follow for a healthy sugarcane crop?,"For Sugarcane: Follow certified seed, appropriate plant spacing, monitor for pests, and conduct soil tests. Apply balanced fertilizer based on soil test results and follow recommended irrigation schedules for the crop. Tip: Monitor fields weekly during critical growth stages for early pest detection.",sugarcane,general
How can I improve what government schemes support wheat farmers and how to apply?,"For Wheat: Follow certified seed, appropriate plant spacing, monitor for pests, and conduct soil tests. Apply balanced fertilizer based on soil test results and follow recommended irrigation schedules for the crop. Tip: Test soil every 2-3 years and follow recommended fertilizer programs.",wheat,general
How can I improve what are common post-harvest pests affecting soybean and how to prevent them?,"Pest/Disease guidance: Inspect plants for symptoms (spots, wilting, yellowing). Use integrated pest management (IPM): crop rotation, resistant varieties, targeted biocontrols, and correct pesticide application. If unsure, collect a sample and consult local extension services. Tip: Test soil every 2-3 years and follow recommended fertilizer programs.",soybean,pest/disease
What are the best seed varieties of barley for high yield and disease resistance in tropical areas?,"Pest/Disease guidance: Inspect plants for symptoms (spots, wilting, yellowing). Use integrated pest management (IPM): crop rotation, resistant varieties, targeted biocontrols, and correct pesticide application. If unsure, collect a sample and consult local extension services. Tip: Apply compost or well-rotted manure annually to improve soil structure.",barley,pest/disease
How should I irrigate apple to maximize water efficiency?,"Irrigation guidance: Water based on crop stage—establishment, vegetative growth, and reproductive stages need careful scheduling. Avoid waterlogging; use mulch to conserve moisture and consider drip irrigation for efficiency. Tip: Monitor fields weekly during critical growth stages for early pest detection.",apple,irrigation
What are harvesting indicators that show sorghum is ready to harvest?,"Post-harvest: Harvest at physiological maturity, dry to safe moisture content, and store in a cool, dry place to avoid pests. Use proper packaging and consider value-added processing to increase shelf life. Tip: Rotate crops to reduce pest and disease pressure.",sorghum,post-harvest
How can I improve how do I select disease-resistant banana varieties for my area?,"Pest/Disease guidance: Inspect plants for symptoms (spots, wilting, yellowing). Use integrated pest management (IPM): crop rotation, resistant varieties, targeted biocontrols, and correct pesticide application. If unsure, collect a sample and consult local extension services. Tip: Rotate crops to reduce pest and disease pressure.",banana,pest/disease
How do I determine the optimal planting time for cotton in coastal areas?,"For Cotton: Follow certified seed, appropriate plant spacing, monitor for pests, and conduct soil tests. Apply balanced fertilizer based on soil test results and follow recommended irrigation schedules for the crop. Tip: Apply compost or well-rotted manure annually to improve soil structure.",cotton,general
How do I prepare a soil bed for transplanting sugarcane seedlings?,"Soil advice: Soil appears alkaline (pH 7.5+). Recommended N-P-K levels: N=low, P=low, K=low. Add organic matter and consider liming if acidic. Perform a soil test for exact fertilizer recommendations; use compost to improve organic matter. Tip: Rotate crops to reduce pest and disease pressure.",sugarcane,soil
What are recommended planting depths and sowing rates for lentil?,"For Lentil: Follow certified seed, appropriate plant spacing, monitor for pests, and conduct soil tests. Apply balanced fertilizer based on soil test results and follow recommended irrigation schedules for the crop. Tip: Apply compost or well-rotted manure annually to improve soil structure.",lentil,general
How can I improve what are recommended spacing and plant density for lentil?,"For Lentil: Follow certified seed, appropriate plant spacing, monitor for pests, and conduct soil tests. Apply balanced fertilizer based on soil test results and follow recommended irrigation schedules for the crop. Tip: Test soil every 2-3 years and follow recommended fertilizer programs.",lentil,general
How do I determine the optimal planting time for potato in arid zones?,"For Potato: Follow certified seed, appropriate plant spacing, monitor for pests, and conduct soil tests. Apply balanced fertilizer based on soil test results and follow recommended irrigation schedules for the crop. Tip: Rotate crops to reduce pest and disease pressure.",potato,general
How can I use compost and organic amendments for barley production?,"Soil advice: Soil appears acidic (pH 5.5-6.5). Recommended N-P-K levels: N=medium, P=low, K=low. Add organic matter and consider liming if acidic. Perform a soil test for exact fertilizer recommendations; use compost to improve organic matter. Tip: Apply compost or well-rotted manure annually to improve soil structure.",barley,soil
How can I improve what government schemes support cotton farmers and how to apply?,"For Cotton: Follow certified seed, appropriate plant spacing, monitor for pests, and conduct soil tests. Apply balanced fertilizer based on soil test results and follow recommended irrigation schedules for the crop. Tip: Monitor fields weekly during critical growth stages for early pest detection.",cotton,general
What are effective organic practices for growing tea?,"Soil advice: Soil appears neutral (pH 6.5-7.5). Recommended N-P-K levels: N=low, P=medium, K=medium. Add organic matter and consider liming if acidic. Perform a soil test for exact fertilizer recommendations; use compost to improve organic matter. Tip: Use certified seed and treat seeds where appropriate to reduce seed-borne diseases.",tea,soil
How do I determine the optimal planting time for cotton in arid zones?,"For Cotton: Follow certified seed, appropriate plant spacing, monitor for pests, and conduct soil tests. Apply balanced fertilizer based on soil test results and follow recommended irrigation schedules for the crop. Tip: Monitor fields weekly during critical growth stages for early pest detection.",cotton,general
How can I improve what are recommended planting depths and sowing rates for lentil?,"For Lentil: Follow certified seed, appropriate plant spacing, monitor for pests, and conduct soil tests. Apply balanced fertilizer based on soil test results and follow recommended irrigation schedules for the crop. Tip: Rotate crops to reduce pest and disease pressure.",lentil,general
How can I improve what are the profitable value-added products from sorghum processing?,"For Sorghum: Follow certified seed, appropriate plant spacing, monitor for pests, and conduct soil tests. Apply balanced fertilizer based on soil test results and follow recommended irrigation schedules for the crop. Tip: Use certified seed and treat seeds where appropriate to reduce seed-borne diseases.",sorghum,general
How to manage post-harvest quality and grading for corn?,"Post-harvest: Harvest at physiological maturity, dry to safe moisture content, and store in a cool, dry place to avoid pests. Use proper packaging and consider value-added processing to increase shelf life. Tip: Monitor fields weekly during critical growth stages for early pest detection.",corn,post-harvest
What are the best seed varieties of sorghum for high yield and disease resistance in high-altitude areas?,"Pest/Disease guidance: Inspect plants for symptoms (spots, wilting, yellowing). Use integrated pest management (IPM): crop rotation, resistant varieties, targeted biocontrols, and correct pesticide application. If unsure, collect a sample and consult local extension services. Tip: Test soil every 2-3 years and follow recommended fertilizer programs.",sorghum,pest/disease
What are the best seed varieties of coffee for high yield and disease resistance in temperate regions?,"Pest/Disease guidance: Inspect plants for symptoms (spots, wilting, yellowing). Use integrated pest management (IPM): crop rotation, resistant varieties, targeted biocontrols, and correct pesticide application. If unsure, collect a sample and consult local extension services. Tip: Rotate crops to reduce pest and disease pressure.",coffee,pest/disease
What are water-saving irrigation techniques suitable for garlic?,"Irrigation guidance: Water based on crop stage—establishment, vegetative growth, and reproductive stages need careful scheduling. Avoid waterlogging; use mulch to conserve moisture and consider drip irrigation for efficiency. Tip: Test soil every 2-3 years and follow recommended fertilizer programs.",garlic,irrigation
What are the best seed varieties of potato for high yield and disease resistance in tropical areas?,"Pest/Disease guidance: Inspect plants for symptoms (spots, wilting, yellowing). Use integrated pest management (IPM): crop rotation, resistant varieties, targeted biocontrols, and correct pesticide application. If unsure, collect a sample and consult local extension services. Tip: Apply compost or well-rotted manure annually to improve soil structure.",potato,pest/disease
How can I improve what integrated pest management (IPM) strategies work well for cotton?,"Pest/Disease guidance: Inspect plants for symptoms (spots, wilting, yellowing). Use integrated pest management (IPM): crop rotation, resistant varieties, targeted biocontrols, and correct pesticide application. If unsure, collect a sample and consult local extension services. Tip: Monitor fields weekly during critical growth stages for early pest detection.",cotton,pest/disease
How do I identify nematode damage in apple and manage it?,"For Apple: Follow certified seed, appropriate plant spacing, monitor for pests, and conduct soil tests. Apply balanced fertilizer based on soil test results and follow recommended irrigation schedules for the crop. Tip: Test soil every 2-3 years and follow recommended fertilizer programs.",apple,general
How do I determine the optimal planting time for tea in coastal areas?,"For Tea: Follow certified seed, appropriate plant spacing, monitor for pests, and conduct soil tests. Apply balanced fertilizer based on soil test results and follow recommended irrigation schedules for the crop. Tip: Rotate crops to reduce pest and disease pressure.",tea,general
How can I test soil fertility before planting millet?,"Soil advice: Soil appears alkaline (pH 7.5+). Recommended N-P-K levels: N=low, P=high, K=high. Add organic matter and consider liming if acidic. Perform a soil test for exact fertilizer recommendations; use compost to improve organic matter. Tip: Use certified seed and treat seeds where appropriate to reduce seed-borne diseases.",millet,soil
How can I improve what fertilizer program should I follow for a healthy tomato crop?,"For Tomato: Follow certified seed, appropriate plant spacing, monitor for pests, and conduct soil tests. Apply balanced fertilizer based on soil test results and follow recommended irrigation schedules for the crop. Tip: Monitor fields weekly during critical growth stages for early pest detection.",tomato,general
How can I improve what fertilizer program should I follow for a healthy potato crop?,"For Potato: Follow certified seed, appropriate plant spacing, monitor for pests, and conduct soil tests. Apply balanced fertilizer based on soil test results and follow recommended irrigation schedules for the crop. Tip: Use certified seed and treat seeds where appropriate to reduce seed-borne diseases.",potato,general
How can I use compost and organic amendments for apple production?,"Soil advice: Soil appears acidic (pH 5.5-6.5). Recommended N-P-K levels: N=low, P=low, K=high. Add organic matter and consider liming if acidic. Perform a soil test for exact fertilizer recommendations; use compost to improve organic matter. Tip: Monitor fields weekly during critical growth stages for early pest detection.",apple,soil
What are the best seed varieties of banana for high yield and disease resistance in tropical areas?,"Pest/Disease guidance: Inspect plants for symptoms (spots, wilting, yellowing). Use integrated pest management (IPM): crop rotation, resistant varieties, targeted biocontrols, and correct pesticide application. If unsure, collect a sample and consult local extension services. Tip: Test soil every 2-3 years and follow recommended fertilizer programs.",banana,pest/disease
How do I select disease-resistant tea varieties for my area?,"Pest/Disease guidance: Inspect plants for symptoms (spots, wilting, yellowing). Use integrated pest management (IPM): crop rotation, resistant varieties, targeted biocontrols, and correct pesticide application. If unsure, collect a sample and consult local extension services. Tip: Use certified seed and treat seeds where appropriate to reduce seed-borne diseases.",tea,pest/disease
How can I improve how to perform a quick on-field soil test for millet planting?,"Soil advice: Soil appears alkaline (pH 7.5+). Recommended N-P-K levels: N=high, P=medium, K=low. Add organic matter and consider liming if acidic. Perform a soil test for exact fertilizer recommendations; use compost to improve organic matter. Tip: Test soil every 2-3 years and follow recommended fertilizer programs.",millet,soil
How can I improve what are harvesting indicators that show lentil is ready to harvest?,"Post-harvest: Harvest at physiological maturity, dry to safe moisture content, and store in a cool, dry place to avoid pests. Use proper packaging and consider value-added processing to increase shelf life. Tip: Rotate crops to reduce pest and disease pressure.",lentil,post-harvest
How can I improve what are harvesting indicators that show onion is ready to harvest?,"Post-harvest: Harvest at physiological maturity, dry to safe moisture content, and store in a cool, dry place to avoid pests. Use proper packaging and consider value-added processing to increase shelf life. Tip: Rotate crops to reduce pest and disease pressure.",onion,post-harvest
How can I improve how do I manage irrigation scheduling for sorghum during drought?,"Irrigation guidance: Water based on crop stage—establishment, vegetative growth, and reproductive stages need careful scheduling. Avoid waterlogging; use mulch to conserve moisture and consider drip irrigation for efficiency. Tip: Test soil every 2-3 years and follow recommended fertilizer programs.",sorghum,irrigation
How can I improve what mechanization options are suitable for apple on medium farms?,"For Apple: Follow certified seed, appropriate plant spacing, monitor for pests, and conduct soil tests. Apply balanced fertilizer based on soil test results and follow recommended irrigation schedules for the crop. Tip: Test soil every 2-3 years and follow recommended fertilizer programs.",apple,general
What are the best seed varieties of lentil for high yield and disease resistance in coastal areas?,"Pest/Disease guidance: Inspect plants for symptoms (spots, wilting, yellowing). Use integrated pest management (IPM): crop rotation, resistant varieties, targeted biocontrols, and correct pesticide application. If unsure, collect a sample and consult local extension services. Tip: Rotate crops to reduce pest and disease pressure.",lentil,pest/disease
What fertilizer program should I follow for a healthy corn crop?,"For Corn: Follow certified seed, appropriate plant spacing, monitor for pests, and conduct soil tests. Apply balanced fertilizer based on soil test results and follow recommended irrigation schedules for the crop. Tip: Test soil every 2-3 years and follow recommended fertilizer programs.",corn,general
How can I improve how can I use compost and organic amendments for onion production?,"Soil advice: Soil appears alkaline (pH 7.5+). Recommended N-P-K levels: N=medium, P=low, K=high. Add organic matter and consider liming if acidic. Perform a soil test for exact fertilizer recommendations; use compost to improve organic matter. Tip: Test soil every 2-3 years and follow recommended fertilizer programs.",onion,soil
How can I improve how to perform a quick on-field soil test for tea planting?,"Soil advice: Soil appears alkaline (pH 7.5+). Recommended N-P-K levels: N=high, P=high, K=low. Add organic matter and consider liming if acidic. Perform a soil test for exact fertilizer recommendations; use compost to improve organic matter. Tip: Apply compost or well-rotted manure annually to improve soil structure.",tea,soil
How can I improve how to build a simple storage facility to store tomato after harvest?,"Post-harvest: Harvest at physiological maturity, dry to safe moisture content, and store in a cool, dry place to avoid pests. Use proper packaging and consider value-added processing to increase shelf life. Tip: Monitor fields weekly during critical growth stages for early pest detection.",tomato,post-harvest
How can I improve how can I monitor apple health using drones or remote sensing?,"For Apple: Follow certified seed, appropriate plant spacing, monitor for pests, and conduct soil tests. Apply balanced fertilizer based on soil test results and follow recommended irrigation schedules for the crop. Tip: Apply compost or well-rotted manure annually to improve soil structure.",apple,general
How can I improve which soil types are most suitable for cultivating tomato?,"Soil advice: Soil appears alkaline (pH 7.5+). Recommended N-P-K levels: N=high, P=low, K=medium. Add organic matter and consider liming if acidic. Perform a soil test for exact fertilizer recommendations; use compost to improve organic matter. Tip: Apply compost or well-rotted manure annually to improve soil structure.",tomato,soil
How can I improve what government schemes support coffee farmers and how to apply?,"For Coffee: Follow certified seed, appropriate plant spacing, monitor for pests, and conduct soil tests. Apply balanced fertilizer based on soil test results and follow recommended irrigation schedules for the crop. Tip: Monitor fields weekly during critical growth stages for early pest detection.",coffee,general
How can I improve what are recommended planting depths and sowing rates for apple?,"For Apple: Follow certified seed, appropriate plant spacing, monitor for pests, and conduct soil tests. Apply balanced fertilizer based on soil test results and follow recommended irrigation schedules for the crop. Tip: Test soil every 2-3 years and follow recommended fertilizer programs.",apple,general
What are early warning signs of pest outbreaks in cotton fields?,"Pest/Disease guidance: Inspect plants for symptoms (spots, wilting, yellowing). Use integrated pest management (IPM): crop rotation, resistant varieties, targeted biocontrols, and correct pesticide application. If unsure, collect a sample and consult local extension services. Tip: Apply compost or well-rotted manure annually to improve soil structure.",cotton,pest/disease
How do I prepare a soil bed for transplanting coffee seedlings?,"Soil advice: Soil appears neutral (pH 6.5-7.5). Recommended N-P-K levels: N=high, P=low, K=low. Add organic matter and consider liming if acidic. Perform a soil test for exact fertilizer recommendations; use compost to improve organic matter. Tip: Rotate crops to reduce pest and disease pressure.",coffee,soil
What integrated pest management (IPM) strategies work well for sugarcane?,"Pest/Disease guidance: Inspect plants for symptoms (spots, wilting, yellowing). Use integrated pest management (IPM): crop rotation, resistant varieties, targeted biocontrols, and correct pesticide application. If unsure, collect a sample and consult local extension services. Tip: Apply compost or well-rotted manure annually to improve soil structure.",sugarcane,pest/disease
How can I improve how to reduce fertilizer runoff from corn fields and protect water quality?,"Irrigation guidance: Water based on crop stage—establishment, vegetative growth, and reproductive stages need careful scheduling. Avoid waterlogging; use mulch to conserve moisture and consider drip irrigation for efficiency. Tip: Apply compost or well-rotted manure annually to improve soil structure.",corn,irrigation
How can I improve what mechanization options are suitable for sorghum on medium farms?,"For Sorghum: Follow certified seed, appropriate plant spacing, monitor for pests, and conduct soil tests. Apply balanced fertilizer based on soil test results and follow recommended irrigation schedules for the crop. Tip: Use certified seed and treat seeds where appropriate to reduce seed-borne diseases.",sorghum,general
How can I improve what are the common pests of tea and how to control them?,"Pest/Disease guidance: Inspect plants for symptoms (spots, wilting, yellowing). Use integrated pest management (IPM): crop rotation, resistant varieties, targeted biocontrols, and correct pesticide application. If unsure, collect a sample and consult local extension services. Tip: Rotate crops to reduce pest and disease pressure.",tea,pest/disease
How can I improve how do I determine the optimal planting time for potato in my region?,"For Potato: Follow certified seed, appropriate plant spacing, monitor for pests, and conduct soil tests. Apply balanced fertilizer based on soil test results and follow recommended irrigation schedules for the crop. Tip: Use certified seed and treat seeds where appropriate to reduce seed-borne diseases.",potato,general
How can I improve what government schemes support tea farmers and how to apply?,"For Tea: Follow certified seed, appropriate plant spacing, monitor for pests, and conduct soil tests. Apply balanced fertilizer based on soil test results and follow recommended irrigation schedules for the crop. Tip: Apply compost or well-rotted manure annually to improve soil structure.",tea,general
How can I improve how to reduce fertilizer runoff from rice fields and protect water quality?,"Irrigation guidance: Water based on crop stage—establishment, vegetative growth, and reproductive stages need careful scheduling. Avoid waterlogging; use mulch to conserve moisture and consider drip irrigation for efficiency. Tip: Rotate crops to reduce pest and disease pressure.",rice,irrigation
How can I improve how to manage salinity or alkalinity issues when growing millet?,"For Millet: Follow certified seed, appropriate plant spacing, monitor for pests, and conduct soil tests. Apply balanced fertilizer based on soil test results and follow recommended irrigation schedules for the crop. Tip: Monitor fields weekly during critical growth stages for early pest detection.",millet,general
What are the best seed varieties of potato for high yield and disease resistance in high-altitude areas?,"Pest/Disease guidance: Inspect plants for symptoms (spots, wilting, yellowing). Use integrated pest management (IPM): crop rotation, resistant varieties, targeted biocontrols, and correct pesticide application. If unsure, collect a sample and consult local extension services. Tip: Use certified seed and treat seeds where appropriate to reduce seed-borne diseases.",potato,pest/disease
What are the best seed varieties of apple for high yield and disease resistance in arid zones?,"Pest/Disease guidance: Inspect plants for symptoms (spots, wilting, yellowing). Use integrated pest management (IPM): crop rotation, resistant varieties, targeted biocontrols, and correct pesticide application. If unsure, collect a sample and consult local extension services. Tip: Use certified seed and treat seeds where appropriate to reduce seed-borne diseases.",apple,pest/disease
How can I improve what are early warning signs of pest outbreaks in tea fields?,"Pest/Disease guidance: Inspect plants for symptoms (spots, wilting, yellowing). Use integrated pest management (IPM): crop rotation, resistant varieties, targeted biocontrols, and correct pesticide application. If unsure, collect a sample and consult local extension services. Tip: Use certified seed and treat seeds where appropriate to reduce seed-borne diseases.",tea,pest/disease
How can I improve how can I use compost and organic amendments for barley production?,"Soil advice: Soil appears alkaline (pH 7.5+). Recommended N-P-K levels: N=high, P=medium, K=low. Add organic matter and consider liming if acidic. Perform a soil test for exact fertilizer recommendations; use compost to improve organic matter. Tip: Rotate crops to reduce pest and disease pressure.",barley,soil
How can I improve what are the profitable value-added products from grape processing?,"For Grape: Follow certified seed, appropriate plant spacing, monitor for pests, and conduct soil tests. Apply balanced fertilizer based on soil test results and follow recommended irrigation schedules for the crop. Tip: Test soil every 2-3 years and follow recommended fertilizer programs.",grape,general
How can I improve what are recommended spacing and plant density for rice?,"For Rice: Follow certified seed, appropriate plant spacing, monitor for pests, and conduct soil tests. Apply balanced fertilizer based on soil test results and follow recommended irrigation schedules for the crop. Tip: Use certified seed and treat seeds where appropriate to reduce seed-borne diseases.",rice,general
How can I improve what cover crops complement maize in rotation to improve soil health?,"Soil advice: Soil appears neutral (pH 6.5-7.5). Recommended N-P-K levels: N=medium, P=high, K=low. Add organic matter and consider liming if acidic. Perform a soil test for exact fertilizer recommendations; use compost to improve organic matter. Tip: Test soil every 2-3 years and follow recommended fertilizer programs.",maize,soil
How can I improve how to select appropriate fertilizer blends for wheat?,"For Wheat: Follow certified seed, appropriate plant spacing, monitor for pests, and conduct soil tests. Apply balanced fertilizer based on soil test results and follow recommended irrigation schedules for the crop. Tip: Apply compost or well-rotted manure annually to improve soil structure.",wheat,general
How do I select disease-resistant barley varieties for my area?,"Pest/Disease guidance: Inspect plants for symptoms (spots, wilting, yellowing). Use integrated pest management (IPM): crop rotation, resistant varieties, targeted biocontrols, and correct pesticide application. If unsure, collect a sample and consult local extension services. Tip: Monitor fields weekly during critical growth stages for early pest detection.",barley,pest/disease
How can I improve what are effective organic practices for growing soybean?,"Soil advice: Soil appears acidic (pH 5.5-6.5). Recommended N-P-K levels: N=medium, P=medium, K=medium. Add organic matter and consider liming if acidic. Perform a soil test for exact fertilizer recommendations; use compost to improve organic matter. Tip: Test soil every 2-3 years and follow recommended fertilizer programs.",soybean,soil
How to perform a quick on-field soil test for garlic planting?,"Soil advice: Soil appears alkaline (pH 7.5+). Recommended N-P-K levels: N=medium, P=high, K=medium. Add organic matter and consider liming if acidic. Perform a soil test for exact fertilizer recommendations; use compost to improve organic matter. Tip: Test soil every 2-3 years and follow recommended fertilizer programs.",garlic,soil
What mechanization options are suitable for apple on medium farms?,"For Apple: Follow certified seed, appropriate plant spacing, monitor for pests, and conduct soil tests. Apply balanced fertilizer based on soil test results and follow recommended irrigation schedules for the crop. Tip: Use certified seed and treat seeds where appropriate to reduce seed-borne diseases.",apple,general
How do I select disease-resistant apple varieties for my area?,"Pest/Disease guidance: Inspect plants for symptoms (spots, wilting, yellowing). Use integrated pest management (IPM): crop rotation, resistant varieties, targeted biocontrols, and correct pesticide application. If unsure, collect a sample and consult local extension services. Tip: Test soil every 2-3 years and follow recommended fertilizer programs.",apple,pest/disease
How can I improve how can I test soil fertility before planting pulse?,"Soil advice: Soil appears alkaline (pH 7.5+). Recommended N-P-K levels: N=medium, P=low, K=high. Add organic matter and consider liming if acidic. Perform a soil test for exact fertilizer recommendations; use compost to improve organic matter. Tip: Test soil every 2-3 years and follow recommended fertilizer programs.",pulse,soil
How do I diagnose fungal diseases in pea and treat them?,"Pest/Disease guidance: Inspect plants for symptoms (spots, wilting, yellowing). Use integrated pest management (IPM): crop rotation, resistant varieties, targeted biocontrols, and correct pesticide application. If unsure, collect a sample and consult local extension services. Tip: Test soil every 2-3 years and follow recommended fertilizer programs.",pea,pest/disease
How can I improve what are water-saving irrigation techniques suitable for coffee?,"Irrigation guidance: Water based on crop stage—establishment, vegetative growth, and reproductive stages need careful scheduling. Avoid waterlogging; use mulch to conserve moisture and consider drip irrigation for efficiency. Tip: Apply compost or well-rotted manure annually to improve soil structure.",coffee,irrigation
How can I improve what are common post-harvest pests affecting banana and how to prevent them?,"Pest/Disease guidance: Inspect plants for symptoms (spots, wilting, yellowing). Use integrated pest management (IPM): crop rotation, resistant varieties, targeted biocontrols, and correct pesticide application. If unsure, collect a sample and consult local extension services. Tip: Rotate crops to reduce pest and disease pressure.",banana,pest/disease
How can I improve what are the best seed varieties of wheat for high yield and disease resistance in high-altitude areas?,"Pest/Disease guidance: Inspect plants for symptoms (spots, wilting, yellowing). Use integrated pest management (IPM): crop rotation, resistant varieties, targeted biocontrols, and correct pesticide application. If unsure, collect a sample and consult local extension services. Tip: Apply compost or well-rotted manure annually to improve soil structure.",wheat,pest/disease
How can I improve how to manage salinity or alkalinity issues when growing pulse?,"For Pulse: Follow certified seed, appropriate plant spacing, monitor for pests, and conduct soil tests. Apply balanced fertilizer based on soil test results and follow recommended irrigation schedules for the crop. Tip: Rotate crops to reduce pest and disease pressure.",pulse,general
How do I determine the optimal planting time for sugarcane in high-altitude areas?,"For Sugarcane: Follow certified seed, appropriate plant spacing, monitor for pests, and conduct soil tests. Apply balanced fertilizer based on soil test results and follow recommended irrigation schedules for the crop. Tip: Monitor fields weekly during critical growth stages for early pest detection.",sugarcane,general
How can I improve what are harvesting indicators that show barley is ready to harvest?,"Post-harvest: Harvest at physiological maturity, dry to safe moisture content, and store in a cool, dry place to avoid pests. Use proper packaging and consider value-added processing to increase shelf life. Tip: Test soil every 2-3 years and follow recommended fertilizer programs.",barley,post-harvest
How can I improve what are effective organic practices for growing corn?,"Soil advice: Soil appears neutral (pH 6.5-7.5). Recommended N-P-K levels: N=low, P=medium, K=medium. Add organic matter and consider liming if acidic. Perform a soil test for exact fertilizer recommendations; use compost to improve organic matter. Tip: Apply compost or well-rotted manure annually to improve soil structure.",corn,soil
How can I improve how do I prepare a soil bed for transplanting millet seedlings?,"Soil advice: Soil appears alkaline (pH 7.5+). Recommended N-P-K levels: N=medium, P=high, K=high. Add organic matter and consider liming if acidic. Perform a soil test for exact fertilizer recommendations; use compost to improve organic matter. Tip: Test soil every 2-3 years and follow recommended fertilizer programs.",millet,soil
What are the best seed varieties of garlic for high yield and disease resistance in my region?,"Pest/Disease guidance: Inspect plants for symptoms (spots, wilting, yellowing). Use integrated pest management (IPM): crop rotation, resistant varieties, targeted biocontrols, and correct pesticide application. If unsure, collect a sample and consult local extension services. Tip: Monitor fields weekly during critical growth stages for early pest detection.",garlic,pest/disease
How can I improve what are water-saving irrigation techniques suitable for pulse?,"Irrigation guidance: Water based on crop stage—establishment, vegetative growth, and reproductive stages need careful scheduling. Avoid waterlogging; use mulch to conserve moisture and consider drip irrigation for efficiency. Tip: Use certified seed and treat seeds where appropriate to reduce seed-borne diseases.",pulse,irrigation
How can I improve how do I manage irrigation scheduling for cotton during drought?,"Irrigation guidance: Water based on crop stage—establishment, vegetative growth, and reproductive stages need careful scheduling. Avoid waterlogging; use mulch to conserve moisture and consider drip irrigation for efficiency. Tip: Use certified seed and treat seeds where appropriate to reduce seed-borne diseases.",cotton,irrigation
How do I determine the optimal planting time for apple in my region?,"For Apple: Follow certified seed, appropriate plant spacing, monitor for pests, and conduct soil tests. Apply balanced fertilizer based on soil test results and follow recommended irrigation schedules for the crop. Tip: Test soil every 2-3 years and follow recommended fertilizer programs.",apple,general
How to build a simple storage facility to store coffee after harvest?,"Post-harvest: Harvest at physiological maturity, dry to safe moisture content, and store in a cool, dry place to avoid pests. Use proper packaging and consider value-added processing to increase shelf life. Tip: Use certified seed and treat seeds where appropriate to reduce seed-borne diseases.",coffee,post-harvest
How can I improve how can I improve seed germination rates for tea?,"For Tea: Follow certified seed, appropriate plant spacing, monitor for pests, and conduct soil tests. Apply balanced fertilizer based on soil test results and follow recommended irrigation schedules for the crop. Tip: Use certified seed and treat seeds where appropriate to reduce seed-borne diseases.",tea,general
How can I improve how do I diagnose fungal diseases in banana and treat them?,"Pest/Disease guidance: Inspect plants for symptoms (spots, wilting, yellowing). Use integrated pest management (IPM): crop rotation, resistant varieties, targeted biocontrols, and correct pesticide application. If unsure, collect a sample and consult local extension services. Tip: Use certified seed and treat seeds where appropriate to reduce seed-borne diseases.",banana,pest/disease
What are the best seed varieties of rice for high yield and disease resistance in temperate regions?,"Pest/Disease guidance: Inspect plants for symptoms (spots, wilting, yellowing). Use integrated pest management (IPM): crop rotation, resistant varieties, targeted biocontrols, and correct pesticide application. If unsure, collect a sample and consult local extension services. Tip: Apply compost or well-rotted manure annually to improve soil structure.",rice,pest/disease
How to build a simple storage facility to store grape after harvest?,"Post-harvest: Harvest at physiological maturity, dry to safe moisture content, and store in a cool, dry place to avoid pests. Use proper packaging and consider value-added processing to increase shelf life. Tip: Rotate crops to reduce pest and disease pressure.",grape,post-harvest
How can I improve how to build a simple storage facility to store grape after harvest?,"Post-harvest: Harvest at physiological maturity, dry to safe moisture content, and store in a cool, dry place to avoid pests. Use proper packaging and consider value-added processing to increase shelf life. Tip: Use certified seed and treat seeds where appropriate to reduce seed-borne diseases.",grape,post-harvest
What are the best seed varieties of pea for high yield and disease resistance in arid zones?,"Pest/Disease guidance: Inspect plants for symptoms (spots, wilting, yellowing). Use integrated pest management (IPM): crop rotation, resistant varieties, targeted biocontrols, and correct pesticide application. If unsure, collect a sample and consult local extension services. Tip: Monitor fields weekly during critical growth stages for early pest detection.",pea,pest/disease
What are harvesting indicators that show pulse is ready to harvest?,"Post-harvest: Harvest at physiological maturity, dry to safe moisture content, and store in a cool, dry place to avoid pests. Use proper packaging and consider value-added processing to increase shelf life. Tip: Use certified seed and treat seeds where appropriate to reduce seed-borne diseases.",pulse,post-harvest
How can I improve how can I increase soybean yield on smallholder farms?,"Post-harvest: Harvest at physiological maturity, dry to safe moisture content, and store in a cool, dry place to avoid pests. Use proper packaging and consider value-added processing to increase shelf life. Tip: Monitor fields weekly during critical growth stages for early pest detection.",soybean,post-harvest
How can I improve how can I monitor potato health using drones or remote sensing?,"For Potato: Follow certified seed, appropriate plant spacing, monitor for pests, and conduct soil tests. Apply balanced fertilizer based on soil test results and follow recommended irrigation schedules for the crop. Tip: Test soil every 2-3 years and follow recommended fertilizer programs.",potato,general
How can I improve what government schemes support sorghum farmers and how to apply?,"For Sorghum: Follow certified seed, appropriate plant spacing, monitor for pests, and conduct soil tests. Apply balanced fertilizer based on soil test results and follow recommended irrigation schedules for the crop. Tip: Monitor fields weekly during critical growth stages for early pest detection.",sorghum,general
How can I improve what are early warning signs of pest outbreaks in maize fields?,"Pest/Disease guidance: Inspect plants for symptoms (spots, wilting, yellowing). Use integrated pest management (IPM): crop rotation, resistant varieties, targeted biocontrols, and correct pesticide application. If unsure, collect a sample and consult local extension services. Tip: Monitor fields weekly during critical growth stages for early pest detection.",maize,pest/disease
What are the best seed varieties of pea for high yield and disease resistance in coastal areas?,"Pest/Disease guidance: Inspect plants for symptoms (spots, wilting, yellowing). Use integrated pest management (IPM): crop rotation, resistant varieties, targeted biocontrols, and correct pesticide application. If unsure, collect a sample and consult local extension services. Tip: Rotate crops to reduce pest and disease pressure.",pea,pest/disease
How can I test soil fertility before planting pulse?,"Soil advice: Soil appears acidic (pH 5.5-6.5). Recommended N-P-K levels: N=low, P=medium, K=high. Add organic matter and consider liming if acidic. Perform a soil test for exact fertilizer recommendations; use compost to improve organic matter. Tip: Use certified seed and treat seeds where appropriate to reduce seed-borne diseases.",pulse,soil
How to perform a quick on-field soil test for sorghum planting?,"Soil advice: Soil appears alkaline (pH 7.5+). Recommended N-P-K levels: N=low, P=high, K=medium. Add organic matter and consider liming if acidic. Perform a soil test for exact fertilizer recommendations; use compost to improve organic matter. Tip: Test soil every 2-3 years and follow recommended fertilizer programs.",sorghum,soil
How can I improve what are post-harvest storage best practices for apple?,"Post-harvest: Harvest at physiological maturity, dry to safe moisture content, and store in a cool, dry place to avoid pests. Use proper packaging and consider value-added processing to increase shelf life. Tip: Monitor fields weekly during critical growth stages for early pest detection.",apple,post-harvest
How can I improve how to perform a quick on-field soil test for coffee planting?,"Soil advice: Soil appears neutral (pH 6.5-7.5). Recommended N-P-K levels: N=high, P=low, K=high. Add organic matter and consider liming if acidic. Perform a soil test for exact fertilizer recommendations; use compost to improve organic matter. Tip: Apply compost or well-rotted manure annually to improve soil structure.",coffee,soil
How can I improve how do I select disease-resistant millet varieties for my area?,"Pest/Disease guidance: Inspect plants for symptoms (spots, wilting, yellowing). Use integrated pest management (IPM): crop rotation, resistant varieties, targeted biocontrols, and correct pesticide application. If unsure, collect a sample and consult local extension services. Tip: Apply compost or well-rotted manure annually to improve soil structure.",millet,pest/disease
How do I determine the optimal planting time for soybean in coastal areas?,"For Soybean: Follow certified seed, appropriate plant spacing, monitor for pests, and conduct soil tests. Apply balanced fertilizer based on soil test results and follow recommended irrigation schedules for the crop. Tip: Apply compost or well-rotted manure annually to improve soil structure.",soybean,general
How can I improve what are post-harvest storage best practices for wheat?,"Post-harvest: Harvest at physiological maturity, dry to safe moisture content, and store in a cool, dry place to avoid pests. Use proper packaging and consider value-added processing to increase shelf life. Tip: Use certified seed and treat seeds where appropriate to reduce seed-borne diseases.",wheat,post-harvest
How can I improve which soil types are most suitable for cultivating cotton?,"Soil advice: Soil appears acidic (pH 5.5-6.5). Recommended N-P-K levels: N=medium, P=high, K=medium. Add organic matter and consider liming if acidic. Perform a soil test for exact fertilizer recommendations; use compost to improve organic matter. Tip: Rotate crops to reduce pest and disease pressure.",cotton,soil
How can I improve seed germination rates for barley?,"For Barley: Follow certified seed, appropriate plant spacing, monitor for pests, and conduct soil tests. Apply balanced fertilizer based on soil test results and follow recommended irrigation schedules for the crop. Tip: Apply compost or well-rotted manure annually to improve soil structure.",barley,general
How can I improve what are post-harvest storage best practices for banana?,"Post-harvest: Harvest at physiological maturity, dry to safe moisture content, and store in a cool, dry place to avoid pests. Use proper packaging and consider value-added processing to increase shelf life. Tip: Rotate crops to reduce pest and disease pressure.",banana,post-harvest
How can I use compost and organic amendments for sorghum production?,"Soil advice: Soil appears acidic (pH 5.5-6.5). Recommended N-P-K levels: N=high, P=high, K=low. Add organic matter and consider liming if acidic. Perform a soil test for exact fertilizer recommendations; use compost to improve organic matter. Tip: Monitor fields weekly during critical growth stages for early pest detection.",sorghum,soil
How to establish a nursery for tea seedlings?,"For Tea: Follow certified seed, appropriate plant spacing, monitor for pests, and conduct soil tests. Apply balanced fertilizer based on soil test results and follow recommended irrigation schedules for the crop. Tip: Rotate crops to reduce pest and disease pressure.",tea,general
What are recommended planting depths and sowing rates for grape?,"For Grape: Follow certified seed, appropriate plant spacing, monitor for pests, and conduct soil tests. Apply balanced fertilizer based on soil test results and follow recommended irrigation schedules for the crop. Tip: Test soil every 2-3 years and follow recommended fertilizer programs.",grape,general
How do I determine the optimal planting time for apple in temperate regions?,"For Apple: Follow certified seed, appropriate plant spacing, monitor for pests, and conduct soil tests. Apply balanced fertilizer based on soil test results and follow recommended irrigation schedules for the crop. Tip: Use certified seed and treat seeds where appropriate to reduce seed-borne diseases.",apple,general
How to reduce fertilizer runoff from coffee fields and protect water quality?,"Irrigation guidance: Water based on crop stage—establishment, vegetative growth, and reproductive stages need careful scheduling. Avoid waterlogging; use mulch to conserve moisture and consider drip irrigation for efficiency. Tip: Use certified seed and treat seeds where appropriate to reduce seed-borne diseases.",coffee,irrigation
How can I improve how to manage salinity or alkalinity issues when growing garlic?,"For Garlic: Follow certified seed, appropriate plant spacing, monitor for pests, and conduct soil tests. Apply balanced fertilizer based on soil test results and follow recommended irrigation schedules for the crop. Tip: Test soil every 2-3 years and follow recommended fertilizer programs.",garlic,general
How do I determine the optimal planting time for banana in arid zones?,"For Banana: Follow certified seed, appropriate plant spacing, monitor for pests, and conduct soil tests. Apply balanced fertilizer based on soil test results and follow recommended irrigation schedules for the crop. Tip: Apply compost or well-rotted manure annually to improve soil structure.",banana,general
How can I improve how should I irrigate barley to maximize water efficiency?,"Irrigation guidance: Water based on crop stage—establishment, vegetative growth, and reproductive stages need careful scheduling. Avoid waterlogging; use mulch to conserve moisture and consider drip irrigation for efficiency. Tip: Apply compost or well-rotted manure annually to improve soil structure.",barley,irrigation
How can I improve what mechanization options are suitable for onion on medium farms?,"For Onion: Follow certified seed, appropriate plant spacing, monitor for pests, and conduct soil tests. Apply balanced fertilizer based on soil test results and follow recommended irrigation schedules for the crop. Tip: Monitor fields weekly during critical growth stages for early pest detection.",onion,general
What cover crops complement barley in rotation to improve soil health?,"Soil advice: Soil appears acidic (pH 5.5-6.5). Recommended N-P-K levels: N=high, P=medium, K=low. Add organic matter and consider liming if acidic. Perform a soil test for exact fertilizer recommendations; use compost to improve organic matter. Tip: Use certified seed and treat seeds where appropriate to reduce seed-borne diseases.",barley,soil
How can I improve what fertilizer program should I follow for a healthy banana crop?,"For Banana: Follow certified seed, appropriate plant spacing, monitor for pests, and conduct soil tests. Apply balanced fertilizer based on soil test results and follow recommended irrigation schedules for the crop. Tip: Test soil every 2-3 years and follow recommended fertilizer programs.",banana,general
How do I determine the optimal planting time for sorghum in arid zones?,"For Sorghum: Follow certified seed, appropriate plant spacing, monitor for pests, and conduct soil tests. Apply balanced fertilizer based on soil test results and follow recommended irrigation schedules for the crop. Tip: Rotate crops to reduce pest and disease pressure.",sorghum,general
How can I test soil fertility before planting tea?,"Soil advice: Soil appears alkaline (pH 7.5+). Recommended N-P-K levels: N=high, P=medium, K=low. Add organic matter and consider liming if acidic. Perform a soil test for exact fertilizer recommendations; use compost to improve organic matter. Tip: Monitor fields weekly during critical growth stages for early pest detection.",tea,soil
How do I determine the optimal planting time for pulse in coastal areas?,"For Pulse: Follow certified seed, appropriate plant spacing, monitor for pests, and conduct soil tests. Apply balanced fertilizer based on soil test results and follow recommended irrigation schedules for the crop. Tip: Rotate crops to reduce pest and disease pressure.",pulse,general
How can I improve what are early warning signs of pest outbreaks in garlic fields?,"Pest/Disease guidance: Inspect plants for symptoms (spots, wilting, yellowing). Use integrated pest management (IPM): crop rotation, resistant varieties, targeted biocontrols, and correct pesticide application. If unsure, collect a sample and consult local extension services. Tip: Apply compost or well-rotted manure annually to improve soil structure.",garlic,pest/disease
What are effective organic practices for growing corn?,"Soil advice: Soil appears alkaline (pH 7.5+). Recommended N-P-K levels: N=low, P=low, K=medium. Add organic matter and consider liming if acidic. Perform a soil test for exact fertilizer recommendations; use compost to improve organic matter. Tip: Monitor fields weekly during critical growth stages for early pest detection.",corn,soil
How can I improve what fertilizer program should I follow for a healthy sugarcane crop?,"For Sugarcane: Follow certified seed, appropriate plant spacing, monitor for pests, and conduct soil tests. Apply balanced fertilizer based on soil test results and follow recommended irrigation schedules for the crop. Tip: Rotate crops to reduce pest and disease pressure.",sugarcane,general
How can I improve how do I determine the optimal planting time for pulse in tropical areas?,"For Pulse: Follow certified seed, appropriate plant spacing, monitor for pests, and conduct soil tests. Apply balanced fertilizer based on soil test results and follow recommended irrigation schedules for the crop. Tip: Use certified seed and treat seeds where appropriate to reduce seed-borne diseases.",pulse,general
How to build a simple storage facility to store sugarcane after harvest?,"Post-harvest: Harvest at physiological maturity, dry to safe moisture content, and store in a cool, dry place to avoid pests. Use proper packaging and consider value-added processing to increase shelf life. Tip: Use certified seed and treat seeds where appropriate to reduce seed-borne diseases.",sugarcane,post-harvest
How can I improve how to control bacterial diseases in tomato crops?,"Pest/Disease guidance: Inspect plants for symptoms (spots, wilting, yellowing). Use integrated pest management (IPM): crop rotation, resistant varieties, targeted biocontrols, and correct pesticide application. If unsure, collect a sample and consult local extension services. Tip: Monitor fields weekly during critical growth stages for early pest detection.",tomato,pest/disease
How can I improve how do I manage irrigation scheduling for corn during drought?,"Irrigation guidance: Water based on crop stage—establishment, vegetative growth, and reproductive stages need careful scheduling. Avoid waterlogging; use mulch to conserve moisture and consider drip irrigation for efficiency. Tip: Rotate crops to reduce pest and disease pressure.",corn,irrigation
How can I improve how can I test soil fertility before planting tomato?,"Soil advice: Soil appears alkaline (pH 7.5+). Recommended N-P-K levels: N=medium, P=medium, K=low. Add organic matter and consider liming if acidic. Perform a soil test for exact fertilizer recommendations; use compost to improve organic matter. Tip: Use certified seed and treat seeds where appropriate to reduce seed-borne diseases.",tomato,soil
What mechanization options are suitable for pea on medium farms?,"For Pea: Follow certified seed, appropriate plant spacing, monitor for pests, and conduct soil tests. Apply balanced fertilizer based on soil test results and follow recommended irrigation schedules for the crop. Tip: Test soil every 2-3 years and follow recommended fertilizer programs.",pea,general
Which soil types are most suitable for cultivating coffee?,"Soil advice: Soil appears alkaline (pH 7.5+). Recommended N-P-K levels: N=high, P=low, K=medium. Add organic matter and consider liming if acidic. Perform a soil test for exact fertilizer recommendations; use compost to improve organic matter. Tip: Apply compost or well-rotted manure annually to improve soil structure.",coffee,soil
What are the best seed varieties of tomato for high yield and disease resistance in arid zones?,"Pest/Disease guidance: Inspect plants for symptoms (spots, wilting, yellowing). Use integrated pest management (IPM): crop rotation, resistant varieties, targeted biocontrols, and correct pesticide application. If unsure, collect a sample and consult local extension services. Tip: Test soil every 2-3 years and follow recommended fertilizer programs.",tomato,pest/disease
What are harvesting indicators that show maize is ready to harvest?,"Post-harvest: Harvest at physiological maturity, dry to safe moisture content, and store in a cool, dry place to avoid pests. Use proper packaging and consider value-added processing to increase shelf life. Tip: Apply compost or well-rotted manure annually to improve soil structure.",maize,post-harvest
What are the best seed varieties of grape for high yield and disease resistance in my region?,"Pest/Disease guidance: Inspect plants for symptoms (spots, wilting, yellowing). Use integrated pest management (IPM): crop rotation, resistant varieties, targeted biocontrols, and correct pesticide application. If unsure, collect a sample and consult local extension services. Tip: Monitor fields weekly during critical growth stages for early pest detection.",grape,pest/disease
How do I identify nematode damage in pea and manage it?,"For Pea: Follow certified seed, appropriate plant spacing, monitor for pests, and conduct soil tests. Apply balanced fertilizer based on soil test results and follow recommended irrigation schedules for the crop. Tip: Monitor fields weekly during critical growth stages for early pest detection.",pea,general
How can I improve what are early warning signs of pest outbreaks in millet fields?,"Pest/Disease guidance: Inspect plants for symptoms (spots, wilting, yellowing). Use integrated pest management (IPM): crop rotation, resistant varieties, targeted biocontrols, and correct pesticide application. If unsure, collect a sample and consult local extension services. Tip: Apply compost or well-rotted manure annually to improve soil structure.",millet,pest/disease
What are the best seed varieties of millet for high yield and disease resistance in tropical areas?,"Pest/Disease guidance: Inspect plants for symptoms (spots, wilting, yellowing). Use integrated pest management (IPM): crop rotation, resistant varieties, targeted biocontrols, and correct pesticide application. If unsure, collect a sample and consult local extension services. Tip: Use certified seed and treat seeds where appropriate to reduce seed-borne diseases.",millet,pest/disease
How can I improve how to control bacterial diseases in onion crops?,"Pest/Disease guidance: Inspect plants for symptoms (spots, wilting, yellowing). Use integrated pest management (IPM): crop rotation, resistant varieties, targeted biocontrols, and correct pesticide application. If unsure, collect a sample and consult local extension services. Tip: Test soil every 2-3 years and follow recommended fertilizer programs.",onion,pest/disease
How can I improve how do I manage irrigation scheduling for tea during drought?,"Irrigation guidance: Water based on crop stage—establishment, vegetative growth, and reproductive stages need careful scheduling. Avoid waterlogging; use mulch to conserve moisture and consider drip irrigation for efficiency. Tip: Test soil every 2-3 years and follow recommended fertilizer programs.",tea,irrigation
How can I improve how do I identify nematode damage in lentil and manage it?,"For Lentil: Follow certified seed, appropriate plant spacing, monitor for pests, and conduct soil tests. Apply balanced fertilizer based on soil test results and follow recommended irrigation schedules for the crop. Tip: Use certified seed and treat seeds where appropriate to reduce seed-borne diseases.",lentil,general
What are the best seed varieties of banana for high yield and disease resistance in arid zones?,"Pest/Disease guidance: Inspect plants for symptoms (spots, wilting, yellowing). Use integrated pest management (IPM): crop rotation, resistant varieties, targeted biocontrols, and correct pesticide application. If unsure, collect a sample and consult local extension services. Tip: Rotate crops to reduce pest and disease pressure.",banana,pest/disease
How can I improve what are water-saving irrigation techniques suitable for tomato?,"Irrigation guidance: Water based on crop stage—establishment, vegetative growth, and reproductive stages need careful scheduling. Avoid waterlogging; use mulch to conserve moisture and consider drip irrigation for efficiency. Tip: Apply compost or well-rotted manure annually to improve soil structure.",tomato,irrigation
What are the best seed varieties of coffee for high yield and disease resistance in coastal areas?,"Pest/Disease guidance: Inspect plants for symptoms (spots, wilting, yellowing). Use integrated pest management (IPM): crop rotation, resistant varieties, targeted biocontrols, and correct pesticide application. If unsure, collect a sample and consult local extension services. Tip: Test soil every 2-3 years and follow recommended fertilizer programs.",coffee,pest/disease
How can I improve how to establish a nursery for coffee seedlings?,"For Coffee: Follow certified seed, appropriate plant spacing, monitor for pests, and conduct soil tests. Apply balanced fertilizer based on soil test results and follow recommended irrigation schedules for the crop. Tip: Use certified seed and treat seeds where appropriate to reduce seed-borne diseases.",coffee,general
How can I improve what are water-saving irrigation techniques suitable for barley?,"Irrigation guidance: Water based on crop stage—establishment, vegetative growth, and reproductive stages need careful scheduling. Avoid waterlogging; use mulch to conserve moisture and consider drip irrigation for efficiency. Tip: Monitor fields weekly during critical growth stages for early pest detection.",barley,irrigation
How can I improve what cover crops complement tomato in rotation to improve soil health?,"Soil advice: Soil appears neutral (pH 6.5-7.5). Recommended N-P-K levels: N=medium, P=medium, K=high. Add organic matter and consider liming if acidic. Perform a soil test for exact fertilizer recommendations; use compost to improve organic matter. Tip: Use certified seed and treat seeds where appropriate to reduce seed-borne diseases.",tomato,soil
How can I improve what are the best seed varieties of barley for high yield and disease resistance in coastal areas?,"Pest/Disease guidance: Inspect plants for symptoms (spots, wilting, yellowing). Use integrated pest management (IPM): crop rotation, resistant varieties, targeted biocontrols, and correct pesticide application. If unsure, collect a sample and consult local extension services. Tip: Rotate crops to reduce pest and disease pressure.",barley,pest/disease
How can I improve how do I diagnose fungal diseases in potato and treat them?,"Pest/Disease guidance: Inspect plants for symptoms (spots, wilting, yellowing). Use integrated pest management (IPM): crop rotation, resistant varieties, targeted biocontrols, and correct pesticide application. If unsure, collect a sample and consult local extension services. Tip: Monitor fields weekly during critical growth stages for early pest detection.",potato,pest/disease
How can I improve what are common post-harvest pests affecting garlic and how to prevent them?,"Pest/Disease guidance: Inspect plants for symptoms (spots, wilting, yellowing). Use integrated pest management (IPM): crop rotation, resistant varieties, targeted biocontrols, and correct pesticide application. If unsure, collect a sample and consult local extension services. Tip: Monitor fields weekly during critical growth stages for early pest detection.",garlic,pest/disease
How can I improve what are effective organic practices for growing maize?,"Soil advice: Soil appears neutral (pH 6.5-7.5). Recommended N-P-K levels: N=high, P=low, K=low. Add organic matter and consider liming if acidic. Perform a soil test for exact fertilizer recommendations; use compost to improve organic matter. Tip: Use certified seed and treat seeds where appropriate to reduce seed-borne diseases.",maize,soil
How to manage post-harvest quality and grading for grape?,"Post-harvest: Harvest at physiological maturity, dry to safe moisture content, and store in a cool, dry place to avoid pests. Use proper packaging and consider value-added processing to increase shelf life. Tip: Use certified seed and treat seeds where appropriate to reduce seed-borne diseases.",grape,post-harvest
How do I determine the optimal planting time for sugarcane in my region?,"For Sugarcane: Follow certified seed, appropriate plant spacing, monitor for pests, and conduct soil tests. Apply balanced fertilizer based on soil test results and follow recommended irrigation schedules for the crop. Tip: Use certified seed and treat seeds where appropriate to reduce seed-borne diseases.",sugarcane,general
What are the symptoms of nutrient deficiency in barley and how to address them?,"For Barley: Follow certified seed, appropriate plant spacing, monitor for pests, and conduct soil tests. Apply balanced fertilizer based on soil test results and follow recommended irrigation schedules for the crop. Tip: Test soil every 2-3 years and follow recommended fertilizer programs.",barley,general
What are the best seed varieties of cotton for high yield and disease resistance in tropical areas?,"Pest/Disease guidance: Inspect plants for symptoms (spots, wilting, yellowing). Use integrated pest management (IPM): crop rotation, resistant varieties, targeted biocontrols, and correct pesticide application. If unsure, collect a sample and consult local extension services. Tip: Monitor fields weekly during critical growth stages for early pest detection.",cotton,pest/disease
How can I improve what are common post-harvest pests affecting apple and how to prevent them?,"Pest/Disease guidance: Inspect plants for symptoms (spots, wilting, yellowing). Use integrated pest management (IPM): crop rotation, resistant varieties, targeted biocontrols, and correct pesticide application. If unsure, collect a sample and consult local extension services. Tip: Monitor fields weekly during critical growth stages for early pest detection.",apple,pest/disease
How can I improve what are recommended spacing and plant density for grape?,"For Grape: Follow certified seed, appropriate plant spacing, monitor for pests, and conduct soil tests. Apply balanced fertilizer based on soil test results and follow recommended irrigation schedules for the crop. Tip: Monitor fields weekly during critical growth stages for early pest detection.",grape,general
How can I improve what mechanization options are suitable for rice on medium farms?,"For Rice: Follow certified seed, appropriate plant spacing, monitor for pests, and conduct soil tests. Apply balanced fertilizer based on soil test results and follow recommended irrigation schedules for the crop. Tip: Apply compost or well-rotted manure annually to improve soil structure.",rice,general
How can I improve what are recommended spacing and plant density for banana?,"For Banana: Follow certified seed, appropriate plant spacing, monitor for pests, and conduct soil tests. Apply balanced fertilizer based on soil test results and follow recommended irrigation schedules for the crop. Tip: Monitor fields weekly during critical growth stages for early pest detection.",banana,general
How can I improve how should I irrigate tea to maximize water efficiency?,"Irrigation guidance: Water based on crop stage—establishment, vegetative growth, and reproductive stages need careful scheduling. Avoid waterlogging; use mulch to conserve moisture and consider drip irrigation for efficiency. Tip: Apply compost or well-rotted manure annually to improve soil structure.",tea,irrigation
How do I manage irrigation scheduling for onion during drought?,"Irrigation guidance: Water based on crop stage—establishment, vegetative growth, and reproductive stages need careful scheduling. Avoid waterlogging; use mulch to conserve moisture and consider drip irrigation for efficiency. Tip: Apply compost or well-rotted manure annually to improve soil structure.",onion,irrigation
How can I improve how to establish a nursery for tomato seedlings?,"For Tomato: Follow certified seed, appropriate plant spacing, monitor for pests, and conduct soil tests. Apply balanced fertilizer based on soil test results and follow recommended irrigation schedules for the crop. Tip: Test soil every 2-3 years and follow recommended fertilizer programs.",tomato,general
How to establish a nursery for lentil seedlings?,"For Lentil: Follow certified seed, appropriate plant spacing, monitor for pests, and conduct soil tests. Apply balanced fertilizer based on soil test results and follow recommended irrigation schedules for the crop. Tip: Monitor fields weekly during critical growth stages for early pest detection.",lentil,general
How can I improve what are water-saving irrigation techniques suitable for cotton?,"Irrigation guidance: Water based on crop stage—establishment, vegetative growth, and reproductive stages need careful scheduling. Avoid waterlogging; use mulch to conserve moisture and consider drip irrigation for efficiency. Tip: Use certified seed and treat seeds where appropriate to reduce seed-borne diseases.",cotton,irrigation
How can I improve what are the symptoms of nutrient deficiency in corn and how to address them?,"For Corn: Follow certified seed, appropriate plant spacing, monitor for pests, and conduct soil tests. Apply balanced fertilizer based on soil test results and follow recommended irrigation schedules for the crop. Tip: Rotate crops to reduce pest and disease pressure.",corn,general
How can I improve what are post-harvest storage best practices for coffee?,"Post-harvest: Harvest at physiological maturity, dry to safe moisture content, and store in a cool, dry place to avoid pests. Use proper packaging and consider value-added processing to increase shelf life. Tip: Monitor fields weekly during critical growth stages for early pest detection.",coffee,post-harvest
What are the best seed varieties of lentil for high yield and disease resistance in high-altitude areas?,"Pest/Disease guidance: Inspect plants for symptoms (spots, wilting, yellowing). Use integrated pest management (IPM): crop rotation, resistant varieties, targeted biocontrols, and correct pesticide application. If unsure, collect a sample and consult local extension services. Tip: Apply compost or well-rotted manure annually to improve soil structure.",lentil,pest/disease
How to manage salinity or alkalinity issues when growing barley?,"For Barley: Follow certified seed, appropriate plant spacing, monitor for pests, and conduct soil tests. Apply balanced fertilizer based on soil test results and follow recommended irrigation schedules for the crop. Tip: Rotate crops to reduce pest and disease pressure.",barley,general
How can I improve what government schemes support rice farmers and how to apply?,"For Rice: Follow certified seed, appropriate plant spacing, monitor for pests, and conduct soil tests. Apply balanced fertilizer based on soil test results and follow recommended irrigation schedules for the crop. Tip: Monitor fields weekly during critical growth stages for early pest detection.",rice,general
How can I improve how can I use compost and organic amendments for tomato production?,"Soil advice: Soil appears alkaline (pH 7.5+). Recommended N-P-K levels: N=medium, P=medium, K=high. Add organic matter and consider liming if acidic. Perform a soil test for exact fertilizer recommendations; use compost to improve organic matter. Tip: Rotate crops to reduce pest and disease pressure.",tomato,soil
How can I improve how to manage salinity or alkalinity issues when growing wheat?,"For Wheat: Follow certified seed, appropriate plant spacing, monitor for pests, and conduct soil tests. Apply balanced fertilizer based on soil test results and follow recommended irrigation schedules for the crop. Tip: Use certified seed and treat seeds where appropriate to reduce seed-borne diseases.",wheat,general
How can I improve what are harvesting indicators that show millet is ready to harvest?,"Post-harvest: Harvest at physiological maturity, dry to safe moisture content, and store in a cool, dry place to avoid pests. Use proper packaging and consider value-added processing to increase shelf life. Tip: Rotate crops to reduce pest and disease pressure.",millet,post-harvest
How can I improve how can I test soil fertility before planting coffee?,"Soil advice: Soil appears neutral (pH 6.5-7.5). Recommended N-P-K levels: N=medium, P=medium, K=medium. Add organic matter and consider liming if acidic. Perform a soil test for exact fertilizer recommendations; use compost to improve organic matter. Tip: Test soil every 2-3 years and follow recommended fertilizer programs.",coffee,soil
How can I improve what are the best seed varieties of tea for high yield and disease resistance in arid zones?,"Pest/Disease guidance: Inspect plants for symptoms (spots, wilting, yellowing). Use integrated pest management (IPM): crop rotation, resistant varieties, targeted biocontrols, and correct pesticide application. If unsure, collect a sample and consult local extension services. Tip: Monitor fields weekly during critical growth stages for early pest detection.",tea,pest/disease
How can I improve what cover crops complement millet in rotation to improve soil health?,"Soil advice: Soil appears alkaline (pH 7.5+). Recommended N-P-K levels: N=high, P=high, K=low. Add organic matter and consider liming if acidic. Perform a soil test for exact fertilizer recommendations; use compost to improve organic matter. Tip: Rotate crops to reduce pest and disease pressure.",millet,soil
How can I improve how should I irrigate banana to maximize water efficiency?,"Irrigation guidance: Water based on crop stage—establishment, vegetative growth, and reproductive stages need careful scheduling. Avoid waterlogging; use mulch to conserve moisture and consider drip irrigation for efficiency. Tip: Test soil every 2-3 years and follow recommended fertilizer programs.",banana,irrigation
How can I improve what are common post-harvest pests affecting cotton and how to prevent them?,"Pest/Disease guidance: Inspect plants for symptoms (spots, wilting, yellowing). Use integrated pest management (IPM): crop rotation, resistant varieties, targeted biocontrols, and correct pesticide application. If unsure, collect a sample and consult local extension services. Tip: Monitor fields weekly during critical growth stages for early pest detection.",cotton,pest/disease
How can I improve how do I manage weeds in banana fields effectively?,"Pest/Disease guidance: Inspect plants for symptoms (spots, wilting, yellowing). Use integrated pest management (IPM): crop rotation, resistant varieties, targeted biocontrols, and correct pesticide application. If unsure, collect a sample and consult local extension services. Tip: Rotate crops to reduce pest and disease pressure.",banana,pest/disease
How can I improve what are early warning signs of pest outbreaks in pulse fields?,"Pest/Disease guidance: Inspect plants for symptoms (spots, wilting, yellowing). Use integrated pest management (IPM): crop rotation, resistant varieties, targeted biocontrols, and correct pesticide application. If unsure, collect a sample and consult local extension services. Tip: Test soil every 2-3 years and follow recommended fertilizer programs.",pulse,pest/disease
What are the best seed varieties of apple for high yield and disease resistance in high-altitude areas?,"Pest/Disease guidance: Inspect plants for symptoms (spots, wilting, yellowing). Use integrated pest management (IPM): crop rotation, resistant varieties, targeted biocontrols, and correct pesticide application. If unsure, collect a sample and consult local extension services. Tip: Apply compost or well-rotted manure annually to improve soil structure.",apple,pest/disease
How can I improve how do I determine the optimal planting time for lentil in tropical areas?,"For Lentil: Follow certified seed, appropriate plant spacing, monitor for pests, and conduct soil tests. Apply balanced fertilizer based on soil test results and follow recommended irrigation schedules for the crop. Tip: Monitor fields weekly during critical growth stages for early pest detection.",lentil,general
How can I improve what are the symptoms of nutrient deficiency in cotton and how to address them?,"For Cotton: Follow certified seed, appropriate plant spacing, monitor for pests, and conduct soil tests. Apply balanced fertilizer based on soil test results and follow recommended irrigation schedules for the crop. Tip: Use certified seed and treat seeds where appropriate to reduce seed-borne diseases.",cotton,general
How can I improve how can I increase millet yield on smallholder farms?,"Post-harvest: Harvest at physiological maturity, dry to safe moisture content, and store in a cool, dry place to avoid pests. Use proper packaging and consider value-added processing to increase shelf life. Tip: Test soil every 2-3 years and follow recommended fertilizer programs.",millet,post-harvest
How can I improve how do I determine the optimal planting time for barley in arid zones?,"For Barley: Follow certified seed, appropriate plant spacing, monitor for pests, and conduct soil tests. Apply balanced fertilizer based on soil test results and follow recommended irrigation schedules for the crop. Tip: Apply compost or well-rotted manure annually to improve soil structure.",barley,general
How can I improve how can I monitor banana health using drones or remote sensing?,"For Banana: Follow certified seed, appropriate plant spacing, monitor for pests, and conduct soil tests. Apply balanced fertilizer based on soil test results and follow recommended irrigation schedules for the crop. Tip: Apply compost or well-rotted manure annually to improve soil structure.",banana,general
How can I improve how to manage post-harvest quality and grading for pea?,"Post-harvest: Harvest at physiological maturity, dry to safe moisture content, and store in a cool, dry place to avoid pests. Use proper packaging and consider value-added processing to increase shelf life. Tip: Rotate crops to reduce pest and disease pressure.",pea,post-harvest
How do I determine the optimal planting time for onion in arid zones?,"For Onion: Follow certified seed, appropriate plant spacing, monitor for pests, and conduct soil tests. Apply balanced fertilizer based on soil test results and follow recommended irrigation schedules for the crop. Tip: Test soil every 2-3 years and follow recommended fertilizer programs.",onion,general
How can I improve what are the common pests of potato and how to control them?,"Pest/Disease guidance: Inspect plants for symptoms (spots, wilting, yellowing). Use integrated pest management (IPM): crop rotation, resistant varieties, targeted biocontrols, and correct pesticide application. If unsure, collect a sample and consult local extension services. Tip: Rotate crops to reduce pest and disease pressure.",potato,pest/disease
How can I improve how do I determine the optimal planting time for cotton in tropical areas?,"For Cotton: Follow certified seed, appropriate plant spacing, monitor for pests, and conduct soil tests. Apply balanced fertilizer based on soil test results and follow recommended irrigation schedules for the crop. Tip: Use certified seed and treat seeds where appropriate to reduce seed-borne diseases.",cotton,general
How can I improve what are early warning signs of pest outbreaks in barley fields?,"Pest/Disease guidance: Inspect plants for symptoms (spots, wilting, yellowing). Use integrated pest management (IPM): crop rotation, resistant varieties, targeted biocontrols, and correct pesticide application. If unsure, collect a sample and consult local extension services. Tip: Use certified seed and treat seeds where appropriate to reduce seed-borne diseases.",barley,pest/disease
What are the best seed varieties of pea for high yield and disease resistance in high-altitude areas?,"Pest/Disease guidance: Inspect plants for symptoms (spots, wilting, yellowing). Use integrated pest management (IPM): crop rotation, resistant varieties, targeted biocontrols, and correct pesticide application. If unsure, collect a sample and consult local extension services. Tip: Rotate crops to reduce pest and disease pressure.",pea,pest/disease
How can I improve how do I diagnose fungal diseases in sugarcane and treat them?,"Pest/Disease guidance: Inspect plants for symptoms (spots, wilting, yellowing). Use integrated pest management (IPM): crop rotation, resistant varieties, targeted biocontrols, and correct pesticide application. If unsure, collect a sample and consult local extension services. Tip: Rotate crops to reduce pest and disease pressure.",sugarcane,pest/disease
How can I improve how do I manage irrigation scheduling for millet during drought?,"Irrigation guidance: Water based on crop stage—establishment, vegetative growth, and reproductive stages need careful scheduling. Avoid waterlogging; use mulch to conserve moisture and consider drip irrigation for efficiency. Tip: Rotate crops to reduce pest and disease pressure.",millet,irrigation
What are the best seed varieties of millet for high yield and disease resistance in arid zones?,"Pest/Disease guidance: Inspect plants for symptoms (spots, wilting, yellowing). Use integrated pest management (IPM): crop rotation, resistant varieties, targeted biocontrols, and correct pesticide application. If unsure, collect a sample and consult local extension services. Tip: Apply compost or well-rotted manure annually to improve soil structure.",millet,pest/disease
How can I improve how can I monitor sorghum health using drones or remote sensing?,"For Sorghum: Follow certified seed, appropriate plant spacing, monitor for pests, and conduct soil tests. Apply balanced fertilizer based on soil test results and follow recommended irrigation schedules for the crop. Tip: Use certified seed and treat seeds where appropriate to reduce seed-borne diseases.",sorghum,general
How can I improve what are common post-harvest pests affecting sugarcane and how to prevent them?,"Pest/Disease guidance: Inspect plants for symptoms (spots, wilting, yellowing). Use integrated pest management (IPM): crop rotation, resistant varieties, targeted biocontrols, and correct pesticide application. If unsure, collect a sample and consult local extension services. Tip: Use certified seed and treat seeds where appropriate to reduce seed-borne diseases.",sugarcane,pest/disease
How do I determine the optimal planting time for coffee in coastal areas?,"For Coffee: Follow certified seed, appropriate plant spacing, monitor for pests, and conduct soil tests. Apply balanced fertilizer based on soil test results and follow recommended irrigation schedules for the crop. Tip: Apply compost or well-rotted manure annually to improve soil structure.",coffee,general
What are the common pests of corn and how to control them?,"Pest/Disease guidance: Inspect plants for symptoms (spots, wilting, yellowing). Use integrated pest management (IPM): crop rotation, resistant varieties, targeted biocontrols, and correct pesticide application. If unsure, collect a sample and consult local extension services. Tip: Rotate crops to reduce pest and disease pressure.",corn,pest/disease
How can I improve what cover crops complement pulse in rotation to improve soil health?,"Soil advice: Soil appears neutral (pH 6.5-7.5). Recommended N-P-K levels: N=medium, P=high, K=medium. Add organic matter and consider liming if acidic. Perform a soil test for exact fertilizer recommendations; use compost to improve organic matter. Tip: Use certified seed and treat seeds where appropriate to reduce seed-borne diseases.",pulse,soil
How can I improve how to manage post-harvest quality and grading for coffee?,"Post-harvest: Harvest at physiological maturity, dry to safe moisture content, and store in a cool, dry place to avoid pests. Use proper packaging and consider value-added processing to increase shelf life. Tip: Monitor fields weekly during critical growth stages for early pest detection.",coffee,post-harvest
How can I improve how to build a simple storage facility to store lentil after harvest?,"Post-harvest: Harvest at physiological maturity, dry to safe moisture content, and store in a cool, dry place to avoid pests. Use proper packaging and consider value-added processing to increase shelf life. Tip: Rotate crops to reduce pest and disease pressure.",lentil,post-harvest
How should I irrigate grape to maximize water efficiency?,"Irrigation guidance: Water based on crop stage—establishment, vegetative growth, and reproductive stages need careful scheduling. Avoid waterlogging; use mulch to conserve moisture and consider drip irrigation for efficiency. Tip: Monitor fields weekly during critical growth stages for early pest detection.",grape,irrigation
How can I improve what are the profitable value-added products from maize processing?,"For Maize: Follow certified seed, appropriate plant spacing, monitor for pests, and conduct soil tests. Apply balanced fertilizer based on soil test results and follow recommended irrigation schedules for the crop. Tip: Rotate crops to reduce pest and disease pressure.",maize,general
How can I improve what integrated pest management (IPM) strategies work well for banana?,"Pest/Disease guidance: Inspect plants for symptoms (spots, wilting, yellowing). Use integrated pest management (IPM): crop rotation, resistant varieties, targeted biocontrols, and correct pesticide application. If unsure, collect a sample and consult local extension services. Tip: Rotate crops to reduce pest and disease pressure.",banana,pest/disease
How can I improve which soil types are most suitable for cultivating pulse?,"Soil advice: Soil appears alkaline (pH 7.5+). Recommended N-P-K levels: N=high, P=low, K=medium. Add organic matter and consider liming if acidic. Perform a soil test for exact fertilizer recommendations; use compost to improve organic matter. Tip: Monitor fields weekly during critical growth stages for early pest detection.",pulse,soil
What are the best seed varieties of soybean for high yield and disease resistance in temperate regions?,"Pest/Disease guidance: Inspect plants for symptoms (spots, wilting, yellowing). Use integrated pest management (IPM): crop rotation, resistant varieties, targeted biocontrols, and correct pesticide application. If unsure, collect a sample and consult local extension services. Tip: Use certified seed and treat seeds where appropriate to reduce seed-borne diseases.",soybean,pest/disease
How can I improve what cover crops complement grape in rotation to improve soil health?,"Soil advice: Soil appears neutral (pH 6.5-7.5). Recommended N-P-K levels: N=medium, P=low, K=high. Add organic matter and consider liming if acidic. Perform a soil test for exact fertilizer recommendations; use compost to improve organic matter. Tip: Rotate crops to reduce pest and disease pressure.",grape,soil
How do I determine the optimal planting time for barley in arid zones?,"For Barley: Follow certified seed, appropriate plant spacing, monitor for pests, and conduct soil tests. Apply balanced fertilizer based on soil test results and follow recommended irrigation schedules for the crop. Tip: Rotate crops to reduce pest and disease pressure.",barley,general
How can I improve what are the profitable value-added products from lentil processing?,"For Lentil: Follow certified seed, appropriate plant spacing, monitor for pests, and conduct soil tests. Apply balanced fertilizer based on soil test results and follow recommended irrigation schedules for the crop. Tip: Monitor fields weekly during critical growth stages for early pest detection.",lentil,general
How do I determine the optimal planting time for millet in my region?,"For Millet: Follow certified seed, appropriate plant spacing, monitor for pests, and conduct soil tests. Apply balanced fertilizer based on soil test results and follow recommended irrigation schedules for the crop. Tip: Monitor fields weekly during critical growth stages for early pest detection.",millet,general
How can I improve how to manage post-harvest quality and grading for sugarcane?,"Post-harvest: Harvest at physiological maturity, dry to safe moisture content, and store in a cool, dry place to avoid pests. Use proper packaging and consider value-added processing to increase shelf life. Tip: Monitor fields weekly during critical growth stages for early pest detection.",sugarcane,post-harvest
How can I improve how can I increase banana yield on smallholder farms?,"Post-harvest: Harvest at physiological maturity, dry to safe moisture content, and store in a cool, dry place to avoid pests. Use proper packaging and consider value-added processing to increase shelf life. Tip: Rotate crops to reduce pest and disease pressure.",banana,post-harvest
How can I improve how do I identify nematode damage in soybean and manage it?,"For Soybean: Follow certified seed, appropriate plant spacing, monitor for pests, and conduct soil tests. Apply balanced fertilizer based on soil test results and follow recommended irrigation schedules for the crop. Tip: Apply compost or well-rotted manure annually to improve soil structure.",soybean,general
How can I improve how can I test soil fertility before planting sorghum?,"Soil advice: Soil appears neutral (pH 6.5-7.5). Recommended N-P-K levels: N=high, P=medium, K=high. Add organic matter and consider liming if acidic. Perform a soil test for exact fertilizer recommendations; use compost to improve organic matter. Tip: Test soil every 2-3 years and follow recommended fertilizer programs.",sorghum,soil
What are the best seed varieties of onion for high yield and disease resistance in tropical areas?,"Pest/Disease guidance: Inspect plants for symptoms (spots, wilting, yellowing). Use integrated pest management (IPM): crop rotation, resistant varieties, targeted biocontrols, and correct pesticide application. If unsure, collect a sample and consult local extension services. Tip: Rotate crops to reduce pest and disease pressure.",onion,pest/disease
How can I improve how can I monitor barley health using drones or remote sensing?,"For Barley: Follow certified seed, appropriate plant spacing, monitor for pests, and conduct soil tests. Apply balanced fertilizer based on soil test results and follow recommended irrigation schedules for the crop. Tip: Test soil every 2-3 years and follow recommended fertilizer programs.",barley,general
How can I improve how can I improve seed germination rates for barley?,"For Barley: Follow certified seed, appropriate plant spacing, monitor for pests, and conduct soil tests. Apply balanced fertilizer based on soil test results and follow recommended irrigation schedules for the crop. Tip: Rotate crops to reduce pest and disease pressure.",barley,general
How can I improve what are the common pests of sorghum and how to control them?,"Pest/Disease guidance: Inspect plants for symptoms (spots, wilting, yellowing). Use integrated pest management (IPM): crop rotation, resistant varieties, targeted biocontrols, and correct pesticide application. If unsure, collect a sample and consult local extension services. Tip: Use certified seed and treat seeds where appropriate to reduce seed-borne diseases.",sorghum,pest/disease
What are the best seed varieties of rice for high yield and disease resistance in coastal areas?,"Pest/Disease guidance: Inspect plants for symptoms (spots, wilting, yellowing). Use integrated pest management (IPM): crop rotation, resistant varieties, targeted biocontrols, and correct pesticide application. If unsure, collect a sample and consult local extension services. Tip: Monitor fields weekly during critical growth stages for early pest detection.",rice,pest/disease
How can I improve seed germination rates for apple?,"For Apple: Follow certified seed, appropriate plant spacing, monitor for pests, and conduct soil tests. Apply balanced fertilizer based on soil test results and follow recommended irrigation schedules for the crop. Tip: Test soil every 2-3 years and follow recommended fertilizer programs.",apple,general
How can I improve how to establish a nursery for grape seedlings?,"For Grape: Follow certified seed, appropriate plant spacing, monitor for pests, and conduct soil tests. Apply balanced fertilizer based on soil test results and follow recommended irrigation schedules for the crop. Tip: Rotate crops to reduce pest and disease pressure.",grape,general
How can I improve what are the common pests of cotton and how to control them?,"Pest/Disease guidance: Inspect plants for symptoms (spots, wilting, yellowing). Use integrated pest management (IPM): crop rotation, resistant varieties, targeted biocontrols, and correct pesticide application. If unsure, collect a sample and consult local extension services. Tip: Test soil every 2-3 years and follow recommended fertilizer programs.",cotton,pest/disease
What are the best seed varieties of millet for high yield and disease resistance in high-altitude areas?,"Pest/Disease guidance: Inspect plants for symptoms (spots, wilting, yellowing). Use integrated pest management (IPM): crop rotation, resistant varieties, targeted biocontrols, and correct pesticide application. If unsure, collect a sample and consult local extension services. Tip: Use certified seed and treat seeds where appropriate to reduce seed-borne diseases.",millet,pest/disease
How can I improve how to build a simple storage facility to store cotton after harvest?,"Post-harvest: Harvest at physiological maturity, dry to safe moisture content, and store in a cool, dry place to avoid pests. Use proper packaging and consider value-added processing to increase shelf life. Tip: Apply compost or well-rotted manure annually to improve soil structure.",cotton,post-harvest
How do I determine the optimal planting time for maize in coastal areas?,"For Maize: Follow certified seed, appropriate plant spacing, monitor for pests, and conduct soil tests. Apply balanced fertilizer based on soil test results and follow recommended irrigation schedules for the crop. Tip: Apply compost or well-rotted manure annually to improve soil structure.",maize,general
What are the best seed varieties of millet for high yield and disease resistance in temperate regions?,"Pest/Disease guidance: Inspect plants for symptoms (spots, wilting, yellowing). Use integrated pest management (IPM): crop rotation, resistant varieties, targeted biocontrols, and correct pesticide application. If unsure, collect a sample and consult local extension services. Tip: Rotate crops to reduce pest and disease pressure.",millet,pest/disease
How can I improve what fertilizer program should I follow for a healthy apple crop?,"For Apple: Follow certified seed, appropriate plant spacing, monitor for pests, and conduct soil tests. Apply balanced fertilizer based on soil test results and follow recommended irrigation schedules for the crop. Tip: Use certified seed and treat seeds where appropriate to reduce seed-borne diseases.",apple,general
How can I improve how can I use compost and organic amendments for rice production?,"Soil advice: Soil appears acidic (pH 5.5-6.5). Recommended N-P-K levels: N=low, P=low, K=high. Add organic matter and consider liming if acidic. Perform a soil test for exact fertilizer recommendations; use compost to improve organic matter. Tip: Use certified seed and treat seeds where appropriate to reduce seed-borne diseases.",rice,soil
How to establish a nursery for garlic seedlings?,"For Garlic: Follow certified seed, appropriate plant spacing, monitor for pests, and conduct soil tests. Apply balanced fertilizer based on soil test results and follow recommended irrigation schedules for the crop. Tip: Rotate crops to reduce pest and disease pressure.",garlic,general
What fertilizer program should I follow for a healthy apple crop?,"For Apple: Follow certified seed, appropriate plant spacing, monitor for pests, and conduct soil tests. Apply balanced fertilizer based on soil test results and follow recommended irrigation schedules for the crop. Tip: Rotate crops to reduce pest and disease pressure.",apple,general
How can I improve how can I improve seed germination rates for cotton?,"For Cotton: Follow certified seed, appropriate plant spacing, monitor for pests, and conduct soil tests. Apply balanced fertilizer based on soil test results and follow recommended irrigation schedules for the crop. Tip: Monitor fields weekly during critical growth stages for early pest detection.",cotton,general
How can I improve how can I test soil fertility before planting corn?,"Soil advice: Soil appears acidic (pH 5.5-6.5). Recommended N-P-K levels: N=low, P=medium, K=medium. Add organic matter and consider liming if acidic. Perform a soil test for exact fertilizer recommendations; use compost to improve organic matter. Tip: Rotate crops to reduce pest and disease pressure.",corn,soil
How can I improve how can I test soil fertility before planting grape?,"Soil advice: Soil appears alkaline (pH 7.5+). Recommended N-P-K levels: N=low, P=low, K=low. Add organic matter and consider liming if acidic. Perform a soil test for exact fertilizer recommendations; use compost to improve organic matter. Tip: Test soil every 2-3 years and follow recommended fertilizer programs.",grape,soil
What are the best seed varieties of garlic for high yield and disease resistance in coastal areas?,"Pest/Disease guidance: Inspect plants for symptoms (spots, wilting, yellowing). Use integrated pest management (IPM): crop rotation, resistant varieties, targeted biocontrols, and correct pesticide application. If unsure, collect a sample and consult local extension services. Tip: Apply compost or well-rotted manure annually to improve soil structure.",garlic,pest/disease
How can I improve how can I improve seed germination rates for soybean?,"For Soybean: Follow certified seed, appropriate plant spacing, monitor for pests, and conduct soil tests. Apply balanced fertilizer based on soil test results and follow recommended irrigation schedules for the crop. Tip: Use certified seed and treat seeds where appropriate to reduce seed-borne diseases.",soybean,general
How can I improve what are the best seed varieties of tea for high yield and disease resistance in high-altitude areas?,"Pest/Disease guidance: Inspect plants for symptoms (spots, wilting, yellowing). Use integrated pest management (IPM): crop rotation, resistant varieties, targeted biocontrols, and correct pesticide application. If unsure, collect a sample and consult local extension services. Tip: Test soil every 2-3 years and follow recommended fertilizer programs.",tea,pest/disease
How do I determine the optimal planting time for sugarcane in tropical areas?,"For Sugarcane: Follow certified seed, appropriate plant spacing, monitor for pests, and conduct soil tests. Apply balanced fertilizer based on soil test results and follow recommended irrigation schedules for the crop. Tip: Use certified seed and treat seeds where appropriate to reduce seed-borne diseases.",sugarcane,general
How can I improve what are the best seed varieties of barley for high yield and disease resistance in arid zones?,"Pest/Disease guidance: Inspect plants for symptoms (spots, wilting, yellowing). Use integrated pest management (IPM): crop rotation, resistant varieties, targeted biocontrols, and correct pesticide application. If unsure, collect a sample and consult local extension services. Tip: Apply compost or well-rotted manure annually to improve soil structure.",barley,pest/disease
How do I determine the optimal planting time for apple in coastal areas?,"For Apple: Follow certified seed, appropriate plant spacing, monitor for pests, and conduct soil tests. Apply balanced fertilizer based on soil test results and follow recommended irrigation schedules for the crop. Tip: Monitor fields weekly during critical growth stages for early pest detection.",apple,general
What are the best seed varieties of banana for high yield and disease resistance in high-altitude areas?,"Pest/Disease guidance: Inspect plants for symptoms (spots, wilting, yellowing). Use integrated pest management (IPM): crop rotation, resistant varieties, targeted biocontrols, and correct pesticide application. If unsure, collect a sample and consult local extension services. Tip: Use certified seed and treat seeds where appropriate to reduce seed-borne diseases.",banana,pest/disease
How can I improve what are post-harvest storage best practices for millet?,"Post-harvest: Harvest at physiological maturity, dry to safe moisture content, and store in a cool, dry place to avoid pests. Use proper packaging and consider value-added processing to increase shelf life. Tip: Monitor fields weekly during critical growth stages for early pest detection.",millet,post-harvest
What are the best seed varieties of apple for high yield and disease resistance in my region?,"Pest/Disease guidance: Inspect plants for symptoms (spots, wilting, yellowing). Use integrated pest management (IPM): crop rotation, resistant varieties, targeted biocontrols, and correct pesticide application. If unsure, collect a sample and consult local extension services. Tip: Test soil every 2-3 years and follow recommended fertilizer programs.",apple,pest/disease
How can I improve what cover crops complement potato in rotation to improve soil health?,"Soil advice: Soil appears neutral (pH 6.5-7.5). Recommended N-P-K levels: N=low, P=medium, K=low. Add organic matter and consider liming if acidic. Perform a soil test for exact fertilizer recommendations; use compost to improve organic matter. Tip: Test soil every 2-3 years and follow recommended fertilizer programs.",potato,soil
How can I improve what are effective organic practices for growing pulse?,"Soil advice: Soil appears acidic (pH 5.5-6.5). Recommended N-P-K levels: N=high, P=medium, K=high. Add organic matter and consider liming if acidic. Perform a soil test for exact fertilizer recommendations; use compost to improve organic matter. Tip: Apply compost or well-rotted manure annually to improve soil structure.",pulse,soil
How can I improve how to establish a nursery for sorghum seedlings?,"For Sorghum: Follow certified seed, appropriate plant spacing, monitor for pests, and conduct soil tests. Apply balanced fertilizer based on soil test results and follow recommended irrigation schedules for the crop. Tip: Use certified seed and treat seeds where appropriate to reduce seed-borne diseases.",sorghum,general
How can I improve how to manage post-harvest quality and grading for tomato?,"Post-harvest: Harvest at physiological maturity, dry to safe moisture content, and store in a cool, dry place to avoid pests. Use proper packaging and consider value-added processing to increase shelf life. Tip: Rotate crops to reduce pest and disease pressure.",tomato,post-harvest
How can I improve what are the best seed varieties of tea for high yield and disease resistance in coastal areas?,"Pest/Disease guidance: Inspect plants for symptoms (spots, wilting, yellowing). Use integrated pest management (IPM): crop rotation, resistant varieties, targeted biocontrols, and correct pesticide application. If unsure, collect a sample and consult local extension services. Tip: Monitor fields weekly during critical growth stages for early pest detection.",tea,pest/disease
How can I improve what are the best seed varieties of coffee for high yield and disease resistance in high-altitude areas?,"Pest/Disease guidance: Inspect plants for symptoms (spots, wilting, yellowing). Use integrated pest management (IPM): crop rotation, resistant varieties, targeted biocontrols, and correct pesticide application. If unsure, collect a sample and consult local extension services. Tip: Rotate crops to reduce pest and disease pressure.",coffee,pest/disease
How can I improve what fertilizer program should I follow for a healthy sorghum crop?,"For Sorghum: Follow certified seed, appropriate plant spacing, monitor for pests, and conduct soil tests. Apply balanced fertilizer based on soil test results and follow recommended irrigation schedules for the crop. Tip: Monitor fields weekly during critical growth stages for early pest detection.",sorghum,general
How can I improve which soil types are most suitable for cultivating apple?,"Soil advice: Soil appears alkaline (pH 7.5+). Recommended N-P-K levels: N=high, P=high, K=medium. Add organic matter and consider liming if acidic. Perform a soil test for exact fertilizer recommendations; use compost to improve organic matter. Tip: Monitor fields weekly during critical growth stages for early pest detection.",apple,soil
What are the best seed varieties of onion for high yield and disease resistance in temperate regions?,"Pest/Disease guidance: Inspect plants for symptoms (spots, wilting, yellowing). Use integrated pest management (IPM): crop rotation, resistant varieties, targeted biocontrols, and correct pesticide application. If unsure, collect a sample and consult local extension services. Tip: Monitor fields weekly during critical growth stages for early pest detection.",onion,pest/disease
How do I determine the optimal planting time for soybean in temperate regions?,"For Soybean: Follow certified seed, appropriate plant spacing, monitor for pests, and conduct soil tests. Apply balanced fertilizer based on soil test results and follow recommended irrigation schedules for the crop. Tip: Use certified seed and treat seeds where appropriate to reduce seed-borne diseases.",soybean,general
How can I improve how do I manage irrigation scheduling for apple during drought?,"Irrigation guidance: Water based on crop stage—establishment, vegetative growth, and reproductive stages need careful scheduling. Avoid waterlogging; use mulch to conserve moisture and consider drip irrigation for efficiency. Tip: Use certified seed and treat seeds where appropriate to reduce seed-borne diseases.",apple,irrigation
How can I improve how to build a simple storage facility to store banana after harvest?,"Post-harvest: Harvest at physiological maturity, dry to safe moisture content, and store in a cool, dry place to avoid pests. Use proper packaging and consider value-added processing to increase shelf life. Tip: Rotate crops to reduce pest and disease pressure.",banana,post-harvest
How do I determine the optimal planting time for rice in coastal areas?,"For Rice: Follow certified seed, appropriate plant spacing, monitor for pests, and conduct soil tests. Apply balanced fertilizer based on soil test results and follow recommended irrigation schedules for the crop. Tip: Rotate crops to reduce pest and disease pressure.",rice,general
How do I determine the optimal planting time for maize in temperate regions?,"For Maize: Follow certified seed, appropriate plant spacing, monitor for pests, and conduct soil tests. Apply balanced fertilizer based on soil test results and follow recommended irrigation schedules for the crop. Tip: Monitor fields weekly during critical growth stages for early pest detection.",maize,general
What are the best seed varieties of soybean for high yield and disease resistance in high-altitude areas?,"Pest/Disease guidance: Inspect plants for symptoms (spots, wilting, yellowing). Use integrated pest management (IPM): crop rotation, resistant varieties, targeted biocontrols, and correct pesticide application. If unsure, collect a sample and consult local extension services. Tip: Use certified seed and treat seeds where appropriate to reduce seed-borne diseases.",soybean,pest/disease
How can I improve how to manage salinity or alkalinity issues when growing rice?,"For Rice: Follow certified seed, appropriate plant spacing, monitor for pests, and conduct soil tests. Apply balanced fertilizer based on soil test results and follow recommended irrigation schedules for the crop. Tip: Rotate crops to reduce pest and disease pressure.",rice,general
How do I manage irrigation scheduling for garlic during drought?,"Irrigation guidance: Water based on crop stage—establishment, vegetative growth, and reproductive stages need careful scheduling. Avoid waterlogging; use mulch to conserve moisture and consider drip irrigation for efficiency. Tip: Use certified seed and treat seeds where appropriate to reduce seed-borne diseases.",garlic,irrigation
What are the best seed varieties of corn for high yield and disease resistance in coastal areas?,"Pest/Disease guidance: Inspect plants for symptoms (spots, wilting, yellowing). Use integrated pest management (IPM): crop rotation, resistant varieties, targeted biocontrols, and correct pesticide application. If unsure, collect a sample and consult local extension services. Tip: Test soil every 2-3 years and follow recommended fertilizer programs.",corn,pest/disease
How can I improve how can I test soil fertility before planting apple?,"Soil advice: Soil appears neutral (pH 6.5-7.5). Recommended N-P-K levels: N=high, P=medium, K=high. Add organic matter and consider liming if acidic. Perform a soil test for exact fertilizer recommendations; use compost to improve organic matter. Tip: Use certified seed and treat seeds where appropriate to reduce seed-borne diseases.",apple,soil
How can I improve how can I monitor lentil health using drones or remote sensing?,"For Lentil: Follow certified seed, appropriate plant spacing, monitor for pests, and conduct soil tests. Apply balanced fertilizer based on soil test results and follow recommended irrigation schedules for the crop. Tip: Monitor fields weekly during critical growth stages for early pest detection.",lentil,general
How can I improve what are early warning signs of pest outbreaks in onion fields?,"Pest/Disease guidance: Inspect plants for symptoms (spots, wilting, yellowing). Use integrated pest management (IPM): crop rotation, resistant varieties, targeted biocontrols, and correct pesticide application. If unsure, collect a sample and consult local extension services. Tip: Apply compost or well-rotted manure annually to improve soil structure.",onion,pest/disease
How can I improve how to reduce fertilizer runoff from potato fields and protect water quality?,"Irrigation guidance: Water based on crop stage—establishment, vegetative growth, and reproductive stages need careful scheduling. Avoid waterlogging; use mulch to conserve moisture and consider drip irrigation for efficiency. Tip: Use certified seed and treat seeds where appropriate to reduce seed-borne diseases.",potato,irrigation
How do I identify nematode damage in barley and manage it?,"For Barley: Follow certified seed, appropriate plant spacing, monitor for pests, and conduct soil tests. Apply balanced fertilizer based on soil test results and follow recommended irrigation schedules for the crop. Tip: Apply compost or well-rotted manure annually to improve soil structure.",barley,general
How can I improve how should I irrigate coffee to maximize water efficiency?,"Irrigation guidance: Water based on crop stage—establishment, vegetative growth, and reproductive stages need careful scheduling. Avoid waterlogging; use mulch to conserve moisture and consider drip irrigation for efficiency. Tip: Apply compost or well-rotted manure annually to improve soil structure.",coffee,irrigation
How can I improve what are the profitable value-added products from coffee processing?,"For Coffee: Follow certified seed, appropriate plant spacing, monitor for pests, and conduct soil tests. Apply balanced fertilizer based on soil test results and follow recommended irrigation schedules for the crop. Tip: Rotate crops to reduce pest and disease pressure.",coffee,general
How can I improve which soil types are most suitable for cultivating millet?,"Soil advice: Soil appears alkaline (pH 7.5+). Recommended N-P-K levels: N=high, P=high, K=medium. Add organic matter and consider liming if acidic. Perform a soil test for exact fertilizer recommendations; use compost to improve organic matter. Tip: Rotate crops to reduce pest and disease pressure.",millet,soil
How do I determine the optimal planting time for cotton in temperate regions?,"For Cotton: Follow certified seed, appropriate plant spacing, monitor for pests, and conduct soil tests. Apply balanced fertilizer based on soil test results and follow recommended irrigation schedules for the crop. Tip: Use certified seed and treat seeds where appropriate to reduce seed-borne diseases.",cotton,general
How can I improve what are post-harvest storage best practices for maize?,"Post-harvest: Harvest at physiological maturity, dry to safe moisture content, and store in a cool, dry place to avoid pests. Use proper packaging and consider value-added processing to increase shelf life. Tip: Use certified seed and treat seeds where appropriate to reduce seed-borne diseases.",maize,post-harvest
How can I improve how do I manage irrigation scheduling for garlic during drought?,"Irrigation guidance: Water based on crop stage—establishment, vegetative growth, and reproductive stages need careful scheduling. Avoid waterlogging; use mulch to conserve moisture and consider drip irrigation for efficiency. Tip: Use certified seed and treat seeds where appropriate to reduce seed-borne diseases.",garlic,irrigation
How can I improve how do I prepare a soil bed for transplanting pulse seedlings?,"Soil advice: Soil appears alkaline (pH 7.5+). Recommended N-P-K levels: N=medium, P=high, K=low. Add organic matter and consider liming if acidic. Perform a soil test for exact fertilizer recommendations; use compost to improve organic matter. Tip: Monitor fields weekly during critical growth stages for early pest detection.",pulse,soil
What are the best seed varieties of grape for high yield and disease resistance in coastal areas?,"Pest/Disease guidance: Inspect plants for symptoms (spots, wilting, yellowing). Use integrated pest management (IPM): crop rotation, resistant varieties, targeted biocontrols, and correct pesticide application. If unsure, collect a sample and consult local extension services. Tip: Monitor fields weekly during critical growth stages for early pest detection.",grape,pest/disease
How can I improve what are the best seed varieties of maize for high yield and disease resistance in arid zones?,"Pest/Disease guidance: Inspect plants for symptoms (spots, wilting, yellowing). Use integrated pest management (IPM): crop rotation, resistant varieties, targeted biocontrols, and correct pesticide application. If unsure, collect a sample and consult local extension services. Tip: Test soil every 2-3 years and follow recommended fertilizer programs.",maize,pest/disease
How can I improve which soil types are most suitable for cultivating tea?,"Soil advice: Soil appears alkaline (pH 7.5+). Recommended N-P-K levels: N=high, P=medium, K=medium. Add organic matter and consider liming if acidic. Perform a soil test for exact fertilizer recommendations; use compost to improve organic matter. Tip: Rotate crops to reduce pest and disease pressure.",tea,soil
How can I improve how to select appropriate fertilizer blends for sugarcane?,"For Sugarcane: Follow certified seed, appropriate plant spacing, monitor for pests, and conduct soil tests. Apply balanced fertilizer based on soil test results and follow recommended irrigation schedules for the crop. Tip: Test soil every 2-3 years and follow recommended fertilizer programs.",sugarcane,general
How can I improve what cover crops complement coffee in rotation to improve soil health?,"Soil advice: Soil appears neutral (pH 6.5-7.5). Recommended N-P-K levels: N=low, P=low, K=low. Add organic matter and consider liming if acidic. Perform a soil test for exact fertilizer recommendations; use compost to improve organic matter. Tip: Apply compost or well-rotted manure annually to improve soil structure.",coffee,soil
How do I determine the optimal planting time for grape in high-altitude areas?,"For Grape: Follow certified seed, appropriate plant spacing, monitor for pests, and conduct soil tests. Apply balanced fertilizer based on soil test results and follow recommended irrigation schedules for the crop. Tip: Rotate crops to reduce pest and disease pressure.",grape,general
How can I improve how can I monitor cotton health using drones or remote sensing?,"For Cotton: Follow certified seed, appropriate plant spacing, monitor for pests, and conduct soil tests. Apply balanced fertilizer based on soil test results and follow recommended irrigation schedules for the crop. Tip: Monitor fields weekly during critical growth stages for early pest detection.",cotton,general
How can I improve how do I diagnose fungal diseases in millet and treat them?,"Pest/Disease guidance: Inspect plants for symptoms (spots, wilting, yellowing). Use integrated pest management (IPM): crop rotation, resistant varieties, targeted biocontrols, and correct pesticide application. If unsure, collect a sample and consult local extension services. Tip: Test soil every 2-3 years and follow recommended fertilizer programs.",millet,pest/disease
How can I improve what are early warning signs of pest outbreaks in soybean fields?,"Pest/Disease guidance: Inspect plants for symptoms (spots, wilting, yellowing). Use integrated pest management (IPM): crop rotation, resistant varieties, targeted biocontrols, and correct pesticide application. If unsure, collect a sample and consult local extension services. Tip: Use certified seed and treat seeds where appropriate to reduce seed-borne diseases.",soybean,pest/disease
How can I improve what are recommended spacing and plant density for potato?,"For Potato: Follow certified seed, appropriate plant spacing, monitor for pests, and conduct soil tests. Apply balanced fertilizer based on soil test results and follow recommended irrigation schedules for the crop. Tip: Rotate crops to reduce pest and disease pressure.",potato,general
How can I improve how to select appropriate fertilizer blends for coffee?,"For Coffee: Follow certified seed, appropriate plant spacing, monitor for pests, and conduct soil tests. Apply balanced fertilizer based on soil test results and follow recommended irrigation schedules for the crop. Tip: Test soil every 2-3 years and follow recommended fertilizer programs.",coffee,general
How can I improve how can I use compost and organic amendments for millet production?,"Soil advice: Soil appears acidic (pH 5.5-6.5). Recommended N-P-K levels: N=medium, P=high, K=high. Add organic matter and consider liming if acidic. Perform a soil test for exact fertilizer recommendations; use compost to improve organic matter. Tip: Use certified seed and treat seeds where appropriate to reduce seed-borne diseases.",millet,soil
How can I improve how to control bacterial diseases in coffee crops?,"Pest/Disease guidance: Inspect plants for symptoms (spots, wilting, yellowing). Use integrated pest management (IPM): crop rotation, resistant varieties, targeted biocontrols, and correct pesticide application. If unsure, collect a sample and consult local extension services. Tip: Apply compost or well-rotted manure annually to improve soil structure.",coffee,pest/disease
How can I improve what are recommended spacing and plant density for tea?,"For Tea: Follow certified seed, appropriate plant spacing, monitor for pests, and conduct soil tests. Apply balanced fertilizer based on soil test results and follow recommended irrigation schedules for the crop. Tip: Monitor fields weekly during critical growth stages for early pest detection.",tea,general
How can I improve what are post-harvest storage best practices for tomato?,"Post-harvest: Harvest at physiological maturity, dry to safe moisture content, and store in a cool, dry place to avoid pests. Use proper packaging and consider value-added processing to increase shelf life. Tip: Use certified seed and treat seeds where appropriate to reduce seed-borne diseases.",tomato,post-harvest
How can I improve how to perform a quick on-field soil test for maize planting?,"Soil advice: Soil appears acidic (pH 5.5-6.5). Recommended N-P-K levels: N=low, P=high, K=high. Add organic matter and consider liming if acidic. Perform a soil test for exact fertilizer recommendations; use compost to improve organic matter. Tip: Apply compost or well-rotted manure annually to improve soil structure.",maize,soil
What are the best seed varieties of potato for high yield and disease resistance in coastal areas?,"Pest/Disease guidance: Inspect plants for symptoms (spots, wilting, yellowing). Use integrated pest management (IPM): crop rotation, resistant varieties, targeted biocontrols, and correct pesticide application. If unsure, collect a sample and consult local extension services. Tip: Monitor fields weekly during critical growth stages for early pest detection.",potato,pest/disease
How can I improve how can I increase sugarcane yield on smallholder farms?,"Post-harvest: Harvest at physiological maturity, dry to safe moisture content, and store in a cool, dry place to avoid pests. Use proper packaging and consider value-added processing to increase shelf life. Tip: Monitor fields weekly during critical growth stages for early pest detection.",sugarcane,post-harvest
How can I improve how do I determine the optimal planting time for banana in temperate regions?,"For Banana: Follow certified seed, appropriate plant spacing, monitor for pests, and conduct soil tests. Apply balanced fertilizer based on soil test results and follow recommended irrigation schedules for the crop. Tip: Apply compost or well-rotted manure annually to improve soil structure.",banana,general
How can I improve what are the best seed varieties of grape for high yield and disease resistance in arid zones?,"Pest/Disease guidance: Inspect plants for symptoms (spots, wilting, yellowing). Use integrated pest management (IPM): crop rotation, resistant varieties, targeted biocontrols, and correct pesticide application. If unsure, collect a sample and consult local extension services. Tip: Monitor fields weekly during critical growth stages for early pest detection.",grape,pest/disease
How do I determine the optimal planting time for soybean in high-altitude areas?,"For Soybean: Follow certified seed, appropriate plant spacing, monitor for pests, and conduct soil tests. Apply balanced fertilizer based on soil test results and follow recommended irrigation schedules for the crop. Tip: Apply compost or well-rotted manure annually to improve soil structure.",soybean,general
How can I improve what are the symptoms of nutrient deficiency in lentil and how to address them?,"For Lentil: Follow certified seed, appropriate plant spacing, monitor for pests, and conduct soil tests. Apply balanced fertilizer based on soil test results and follow recommended irrigation schedules for the crop. Tip: Rotate crops to reduce pest and disease pressure.",lentil,general
How can I improve how to select appropriate fertilizer blends for onion?,"For Onion: Follow certified seed, appropriate plant spacing, monitor for pests, and conduct soil tests. Apply balanced fertilizer based on soil test results and follow recommended irrigation schedules for the crop. Tip: Use certified seed and treat seeds where appropriate to reduce seed-borne diseases.",onion,general
How can I improve how do I prepare a soil bed for transplanting onion seedlings?,"Soil advice: Soil appears alkaline (pH 7.5+). Recommended N-P-K levels: N=medium, P=low, K=medium. Add organic matter and consider liming if acidic. Perform a soil test for exact fertilizer recommendations; use compost to improve organic matter. Tip: Test soil every 2-3 years and follow recommended fertilizer programs.",onion,soil
How can I improve how can I monitor pea health using drones or remote sensing?,"For Pea: Follow certified seed, appropriate plant spacing, monitor for pests, and conduct soil tests. Apply balanced fertilizer based on soil test results and follow recommended irrigation schedules for the crop. Tip: Test soil every 2-3 years and follow recommended fertilizer programs.",pea,general
How can I improve how do I manage irrigation scheduling for maize during drought?,"Irrigation guidance: Water based on crop stage—establishment, vegetative growth, and reproductive stages need careful scheduling. Avoid waterlogging; use mulch to conserve moisture and consider drip irrigation for efficiency. Tip: Apply compost or well-rotted manure annually to improve soil structure.",maize,irrigation
How can I improve what are harvesting indicators that show maize is ready to harvest?,"Post-harvest: Harvest at physiological maturity, dry to safe moisture content, and store in a cool, dry place to avoid pests. Use proper packaging and consider value-added processing to increase shelf life. Tip: Rotate crops to reduce pest and disease pressure.",maize,post-harvest
What are the best seed varieties of pea for high yield and disease resistance in tropical areas?,"Pest/Disease guidance: Inspect plants for symptoms (spots, wilting, yellowing). Use integrated pest management (IPM): crop rotation, resistant varieties, targeted biocontrols, and correct pesticide application. If unsure, collect a sample and consult local extension services. Tip: Rotate crops to reduce pest and disease pressure.",pea,pest/disease
How can I improve how do I prepare a soil bed for transplanting rice seedlings?,"Soil advice: Soil appears acidic (pH 5.5-6.5). Recommended N-P-K levels: N=medium, P=low, K=medium. Add organic matter and consider liming if acidic. Perform a soil test for exact fertilizer recommendations; use compost to improve organic matter. Tip: Test soil every 2-3 years and follow recommended fertilizer programs.",rice,soil
How can I improve what are the best seed varieties of millet for high yield and disease resistance in tropical areas?,"Pest/Disease guidance: Inspect plants for symptoms (spots, wilting, yellowing). Use integrated pest management (IPM): crop rotation, resistant varieties, targeted biocontrols, and correct pesticide application. If unsure, collect a sample and consult local extension services. Tip: Rotate crops to reduce pest and disease pressure.",millet,pest/disease
How can I improve how can I increase grape yield on smallholder farms?,"Post-harvest: Harvest at physiological maturity, dry to safe moisture content, and store in a cool, dry place to avoid pests. Use proper packaging and consider value-added processing to increase shelf life. Tip: Test soil every 2-3 years and follow recommended fertilizer programs.",grape,post-harvest
How can I improve how to select appropriate fertilizer blends for potato?,"For Potato: Follow certified seed, appropriate plant spacing, monitor for pests, and conduct soil tests. Apply balanced fertilizer based on soil test results and follow recommended irrigation schedules for the crop. Tip: Rotate crops to reduce pest and disease pressure.",potato,general
What are the best seed varieties of sorghum for high yield and disease resistance in tropical areas?,"Pest/Disease guidance: Inspect plants for symptoms (spots, wilting, yellowing). Use integrated pest management (IPM): crop rotation, resistant varieties, targeted biocontrols, and correct pesticide application. If unsure, collect a sample and consult local extension services. Tip: Monitor fields weekly during critical growth stages for early pest detection.",sorghum,pest/disease
What are the best seed varieties of grape for high yield and disease resistance in arid zones?,"Pest/Disease guidance: Inspect plants for symptoms (spots, wilting, yellowing). Use integrated pest management (IPM): crop rotation, resistant varieties, targeted biocontrols, and correct pesticide application. If unsure, collect a sample and consult local extension services. Tip: Rotate crops to reduce pest and disease pressure.",grape,pest/disease
How can I improve how to select appropriate fertilizer blends for barley?,"For Barley: Follow certified seed, appropriate plant spacing, monitor for pests, and conduct soil tests. Apply balanced fertilizer based on soil test results and follow recommended irrigation schedules for the crop. Tip: Rotate crops to reduce pest and disease pressure.",barley,general
How can I improve how to perform a quick on-field soil test for rice planting?,"Soil advice: Soil appears neutral (pH 6.5-7.5). Recommended N-P-K levels: N=high, P=high, K=medium. Add organic matter and consider liming if acidic. Perform a soil test for exact fertilizer recommendations; use compost to improve organic matter. Tip: Use certified seed and treat seeds where appropriate to reduce seed-borne diseases.",rice,soil
How can I improve how to manage post-harvest quality and grading for potato?,"Post-harvest: Harvest at physiological maturity, dry to safe moisture content, and store in a cool, dry place to avoid pests. Use proper packaging and consider value-added processing to increase shelf life. Tip: Rotate crops to reduce pest and disease pressure.",potato,post-harvest
How can I improve what are recommended planting depths and sowing rates for tea?,"For Tea: Follow certified seed, appropriate plant spacing, monitor for pests, and conduct soil tests. Apply balanced fertilizer based on soil test results and follow recommended irrigation schedules for the crop. Tip: Apply compost or well-rotted manure annually to improve soil structure.",tea,general
How can I improve what government schemes support pea farmers and how to apply?,"For Pea: Follow certified seed, appropriate plant spacing, monitor for pests, and conduct soil tests. Apply balanced fertilizer based on soil test results and follow recommended irrigation schedules for the crop. Tip: Apply compost or well-rotted manure annually to improve soil structure.",pea,general
How can I improve what are the best seed varieties of corn for high yield and disease resistance in arid zones?,"Pest/Disease guidance: Inspect plants for symptoms (spots, wilting, yellowing). Use integrated pest management (IPM): crop rotation, resistant varieties, targeted biocontrols, and correct pesticide application. If unsure, collect a sample and consult local extension services. Tip: Test soil every 2-3 years and follow recommended fertilizer programs.",corn,pest/disease
How can I improve how can I monitor onion health using drones or remote sensing?,"For Onion: Follow certified seed, appropriate plant spacing, monitor for pests, and conduct soil tests. Apply balanced fertilizer based on soil test results and follow recommended irrigation schedules for the crop. Tip: Rotate crops to reduce pest and disease pressure.",onion,general
How do I determine the optimal planting time for soybean in arid zones?,"For Soybean: Follow certified seed, appropriate plant spacing, monitor for pests, and conduct soil tests. Apply balanced fertilizer based on soil test results and follow recommended irrigation schedules for the crop. Tip: Rotate crops to reduce pest and disease pressure.",soybean,general
How can I improve what are the common pests of onion and how to control them?,"Pest/Disease guidance: Inspect plants for symptoms (spots, wilting, yellowing). Use integrated pest management (IPM): crop rotation, resistant varieties, targeted biocontrols, and correct pesticide application. If unsure, collect a sample and consult local extension services. Tip: Apply compost or well-rotted manure annually to improve soil structure.",onion,pest/disease
How can I improve what are post-harvest storage best practices for soybean?,"Post-harvest: Harvest at physiological maturity, dry to safe moisture content, and store in a cool, dry place to avoid pests. Use proper packaging and consider value-added processing to increase shelf life. Tip: Rotate crops to reduce pest and disease pressure.",soybean,post-harvest
How can I improve how can I test soil fertility before planting sugarcane?,"Soil advice: Soil appears acidic (pH 5.5-6.5). Recommended N-P-K levels: N=high, P=high, K=medium. Add organic matter and consider liming if acidic. Perform a soil test for exact fertilizer recommendations; use compost to improve organic matter. Tip: Rotate crops to reduce pest and disease pressure.",sugarcane,soil
How can I improve how can I test soil fertility before planting potato?,"Soil advice: Soil appears acidic (pH 5.5-6.5). Recommended N-P-K levels: N=high, P=high, K=medium. Add organic matter and consider liming if acidic. Perform a soil test for exact fertilizer recommendations; use compost to improve organic matter. Tip: Monitor fields weekly during critical growth stages for early pest detection.",potato,soil
How can I improve what are post-harvest storage best practices for garlic?,"Post-harvest: Harvest at physiological maturity, dry to safe moisture content, and store in a cool, dry place to avoid pests. Use proper packaging and consider value-added processing to increase shelf life. Tip: Monitor fields weekly during critical growth stages for early pest detection.",garlic,post-harvest
How can I improve what are water-saving irrigation techniques suitable for onion?,"Irrigation guidance: Water based on crop stage—establishment, vegetative growth, and reproductive stages need careful scheduling. Avoid waterlogging; use mulch to conserve moisture and consider drip irrigation for efficiency. Tip: Monitor fields weekly during critical growth stages for early pest detection.",onion,irrigation
How can I improve how to select appropriate fertilizer blends for grape?,"For Grape: Follow certified seed, appropriate plant spacing, monitor for pests, and conduct soil tests. Apply balanced fertilizer based on soil test results and follow recommended irrigation schedules for the crop. Tip: Monitor fields weekly during critical growth stages for early pest detection.",grape,general
How can I improve how to select appropriate fertilizer blends for corn?,"For Corn: Follow certified seed, appropriate plant spacing, monitor for pests, and conduct soil tests. Apply balanced fertilizer based on soil test results and follow recommended irrigation schedules for the crop. Tip: Use certified seed and treat seeds where appropriate to reduce seed-borne diseases.",corn,general
How can I improve how can I improve seed germination rates for pea?,"For Pea: Follow certified seed, appropriate plant spacing, monitor for pests, and conduct soil tests. Apply balanced fertilizer based on soil test results and follow recommended irrigation schedules for the crop. Tip: Use certified seed and treat seeds where appropriate to reduce seed-borne diseases.",pea,general
How can I improve how to perform a quick on-field soil test for tomato planting?,"Soil advice: Soil appears acidic (pH 5.5-6.5). Recommended N-P-K levels: N=low, P=high, K=high. Add organic matter and consider liming if acidic. Perform a soil test for exact fertilizer recommendations; use compost to improve organic matter. Tip: Use certified seed and treat seeds where appropriate to reduce seed-borne diseases.",tomato,soil
How do I determine the optimal planting time for lentil in temperate regions?,"For Lentil: Follow certified seed, appropriate plant spacing, monitor for pests, and conduct soil tests. Apply balanced fertilizer based on soil test results and follow recommended irrigation schedules for the crop. Tip: Rotate crops to reduce pest and disease pressure.",lentil,general
How can I improve how to manage post-harvest quality and grading for rice?,"Post-harvest: Harvest at physiological maturity, dry to safe moisture content, and store in a cool, dry place to avoid pests. Use proper packaging and consider value-added processing to increase shelf life. Tip: Rotate crops to reduce pest and disease pressure.",rice,post-harvest
How can I improve how to manage salinity or alkalinity issues when growing tea?,"For Tea: Follow certified seed, appropriate plant spacing, monitor for pests, and conduct soil tests. Apply balanced fertilizer based on soil test results and follow recommended irrigation schedules for the crop. Tip: Use certified seed and treat seeds where appropriate to reduce seed-borne diseases.",tea,general
What are the best seed varieties of grape for high yield and disease resistance in tropical areas?,"Pest/Disease guidance: Inspect plants for symptoms (spots, wilting, yellowing). Use integrated pest management (IPM): crop rotation, resistant varieties, targeted biocontrols, and correct pesticide application. If unsure, collect a sample and consult local extension services. Tip: Use certified seed and treat seeds where appropriate to reduce seed-borne diseases.",grape,pest/disease
How do I determine the optimal planting time for sorghum in coastal areas?,"For Sorghum: Follow certified seed, appropriate plant spacing, monitor for pests, and conduct soil tests. Apply balanced fertilizer based on soil test results and follow recommended irrigation schedules for the crop. Tip: Test soil every 2-3 years and follow recommended fertilizer programs.",sorghum,general
How can I improve what are recommended planting depths and sowing rates for rice?,"For Rice: Follow certified seed, appropriate plant spacing, monitor for pests, and conduct soil tests. Apply balanced fertilizer based on soil test results and follow recommended irrigation schedules for the crop. Tip: Monitor fields weekly during critical growth stages for early pest detection.",rice,general
How can I improve how to reduce fertilizer runoff from pea fields and protect water quality?,"Irrigation guidance: Water based on crop stage—establishment, vegetative growth, and reproductive stages need careful scheduling. Avoid waterlogging; use mulch to conserve moisture and consider drip irrigation for efficiency. Tip: Use certified seed and treat seeds where appropriate to reduce seed-borne diseases.",pea,irrigation
How can I improve how can I use compost and organic amendments for apple production?,"Soil advice: Soil appears acidic (pH 5.5-6.5). Recommended N-P-K levels: N=low, P=low, K=high. Add organic matter and consider liming if acidic. Perform a soil test for exact fertilizer recommendations; use compost to improve organic matter. Tip: Rotate crops to reduce pest and disease pressure.",apple,soil
What are the best seed varieties of barley for high yield and disease resistance in high-altitude areas?,"Pest/Disease guidance: Inspect plants for symptoms (spots, wilting, yellowing). Use integrated pest management (IPM): crop rotation, resistant varieties, targeted biocontrols, and correct pesticide application. If unsure, collect a sample and consult local extension services. Tip: Use certified seed and treat seeds where appropriate to reduce seed-borne diseases.",barley,pest/disease
How can I improve what mechanization options are suitable for potato on medium farms?,"For Potato: Follow certified seed, appropriate plant spacing, monitor for pests, and conduct soil tests. Apply balanced fertilizer based on soil test results and follow recommended irrigation schedules for the crop. Tip: Monitor fields weekly during critical growth stages for early pest detection.",potato,general
How can I improve how to reduce fertilizer runoff from sorghum fields and protect water quality?,"Irrigation guidance: Water based on crop stage—establishment, vegetative growth, and reproductive stages need careful scheduling. Avoid waterlogging; use mulch to conserve moisture and consider drip irrigation for efficiency. Tip: Apply compost or well-rotted manure annually to improve soil structure.",sorghum,irrigation
How can I improve what are early warning signs of pest outbreaks in sorghum fields?,"Pest/Disease guidance: Inspect plants for symptoms (spots, wilting, yellowing). Use integrated pest management (IPM): crop rotation, resistant varieties, targeted biocontrols, and correct pesticide application. If unsure, collect a sample and consult local extension services. Tip: Use certified seed and treat seeds where appropriate to reduce seed-borne diseases.",sorghum,pest/disease
How can I improve what fertilizer program should I follow for a healthy pulse crop?,"For Pulse: Follow certified seed, appropriate plant spacing, monitor for pests, and conduct soil tests. Apply balanced fertilizer based on soil test results and follow recommended irrigation schedules for the crop. Tip: Rotate crops to reduce pest and disease pressure.",pulse,general
How can I improve what are post-harvest storage best practices for sorghum?,"Post-harvest: Harvest at physiological maturity, dry to safe moisture content, and store in a cool, dry place to avoid pests. Use proper packaging and consider value-added processing to increase shelf life. Tip: Apply compost or well-rotted manure annually to improve soil structure.",sorghum,post-harvest
How can I improve what are post-harvest storage best practices for rice?,"Post-harvest: Harvest at physiological maturity, dry to safe moisture content, and store in a cool, dry place to avoid pests. Use proper packaging and consider value-added processing to increase shelf life. Tip: Monitor fields weekly during critical growth stages for early pest detection.",rice,post-harvest
How can I improve how to reduce fertilizer runoff from grape fields and protect water quality?,"Irrigation guidance: Water based on crop stage—establishment, vegetative growth, and reproductive stages need careful scheduling. Avoid waterlogging; use mulch to conserve moisture and consider drip irrigation for efficiency. Tip: Rotate crops to reduce pest and disease pressure.",grape,irrigation
What are the best seed varieties of pea for high yield and disease resistance in my region?,"Pest/Disease guidance: Inspect plants for symptoms (spots, wilting, yellowing). Use integrated pest management (IPM): crop rotation, resistant varieties, targeted biocontrols, and correct pesticide application. If unsure, collect a sample and consult local extension services. Tip: Use certified seed and treat seeds where appropriate to reduce seed-borne diseases.",pea,pest/disease
How to build a simple storage facility to store apple after harvest?,"Post-harvest: Harvest at physiological maturity, dry to safe moisture content, and store in a cool, dry place to avoid pests. Use proper packaging and consider value-added processing to increase shelf life. Tip: Apply compost or well-rotted manure annually to improve soil structure.",apple,post-harvest
How can I improve what are the profitable value-added products from pulse processing?,"For Pulse: Follow certified seed, appropriate plant spacing, monitor for pests, and conduct soil tests. Apply balanced fertilizer based on soil test results and follow recommended irrigation schedules for the crop. Tip: Apply compost or well-rotted manure annually to improve soil structure.",pulse,general
How can I improve how to reduce fertilizer runoff from banana fields and protect water quality?,"Irrigation guidance: Water based on crop stage—establishment, vegetative growth, and reproductive stages need careful scheduling. Avoid waterlogging; use mulch to conserve moisture and consider drip irrigation for efficiency. Tip: Test soil every 2-3 years and follow recommended fertilizer programs.",banana,irrigation
How do I determine the optimal planting time for wheat in arid zones?,"For Wheat: Follow certified seed, appropriate plant spacing, monitor for pests, and conduct soil tests. Apply balanced fertilizer based on soil test results and follow recommended irrigation schedules for the crop. Tip: Rotate crops to reduce pest and disease pressure.",wheat,general
How can I improve what mechanization options are suitable for lentil on medium farms?,"For Lentil: Follow certified seed, appropriate plant spacing, monitor for pests, and conduct soil tests. Apply balanced fertilizer based on soil test results and follow recommended irrigation schedules for the crop. Tip: Rotate crops to reduce pest and disease pressure.",lentil,general
How can I improve what are recommended planting depths and sowing rates for potato?,"For Potato: Follow certified seed, appropriate plant spacing, monitor for pests, and conduct soil tests. Apply balanced fertilizer based on soil test results and follow recommended irrigation schedules for the crop. Tip: Use certified seed and treat seeds where appropriate to reduce seed-borne diseases.",potato,general
How can I improve how to perform a quick on-field soil test for soybean planting?,"Soil advice: Soil appears alkaline (pH 7.5+). Recommended N-P-K levels: N=medium, P=high, K=low. Add organic matter and consider liming if acidic. Perform a soil test for exact fertilizer recommendations; use compost to improve organic matter. Tip: Apply compost or well-rotted manure annually to improve soil structure.",soybean,soil
How can I improve what are post-harvest storage best practices for grape?,"Post-harvest: Harvest at physiological maturity, dry to safe moisture content, and store in a cool, dry place to avoid pests. Use proper packaging and consider value-added processing to increase shelf life. Tip: Apply compost or well-rotted manure annually to improve soil structure.",grape,post-harvest
How can I improve how do I identify nematode damage in pulse and manage it?,"For Pulse: Follow certified seed, appropriate plant spacing, monitor for pests, and conduct soil tests. Apply balanced fertilizer based on soil test results and follow recommended irrigation schedules for the crop. Tip: Apply compost or well-rotted manure annually to improve soil structure.",pulse,general
What are the best seed varieties of sugarcane for high yield and disease resistance in tropical areas?,"Pest/Disease guidance: Inspect plants for symptoms (spots, wilting, yellowing). Use integrated pest management (IPM): crop rotation, resistant varieties, targeted biocontrols, and correct pesticide application. If unsure, collect a sample and consult local extension services. Tip: Test soil every 2-3 years and follow recommended fertilizer programs.",sugarcane,pest/disease
How do I determine the optimal planting time for millet in high-altitude areas?,"For Millet: Follow certified seed, appropriate plant spacing, monitor for pests, and conduct soil tests. Apply balanced fertilizer based on soil test results and follow recommended irrigation schedules for the crop. Tip: Use certified seed and treat seeds where appropriate to reduce seed-borne diseases.",millet,general
How can I improve what are common post-harvest pests affecting wheat and how to prevent them?,"Pest/Disease guidance: Inspect plants for symptoms (spots, wilting, yellowing). Use integrated pest management (IPM): crop rotation, resistant varieties, targeted biocontrols, and correct pesticide application. If unsure, collect a sample and consult local extension services. Tip: Test soil every 2-3 years and follow recommended fertilizer programs.",wheat,pest/disease
How can I improve how should I irrigate lentil to maximize water efficiency?,"Irrigation guidance: Water based on crop stage—establishment, vegetative growth, and reproductive stages need careful scheduling. Avoid waterlogging; use mulch to conserve moisture and consider drip irrigation for efficiency. Tip: Apply compost or well-rotted manure annually to improve soil structure.",lentil,irrigation
How can I improve how do I determine the optimal planting time for pea in temperate regions?,"For Pea: Follow certified seed, appropriate plant spacing, monitor for pests, and conduct soil tests. Apply balanced fertilizer based on soil test results and follow recommended irrigation schedules for the crop. Tip: Test soil every 2-3 years and follow recommended fertilizer programs.",pea,general
How should I irrigate sugarcane to maximize water efficiency?,"Irrigation guidance: Water based on crop stage—establishment, vegetative growth, and reproductive stages need careful scheduling. Avoid waterlogging; use mulch to conserve moisture and consider drip irrigation for efficiency. Tip: Test soil every 2-3 years and follow recommended fertilizer programs.",sugarcane,irrigation
How can I improve what are harvesting indicators that show wheat is ready to harvest?,"Post-harvest: Harvest at physiological maturity, dry to safe moisture content, and store in a cool, dry place to avoid pests. Use proper packaging and consider value-added processing to increase shelf life. Tip: Use certified seed and treat seeds where appropriate to reduce seed-borne diseases.",wheat,post-harvest
How can I improve what are recommended spacing and plant density for millet?,"For Millet: Follow certified seed, appropriate plant spacing, monitor for pests, and conduct soil tests. Apply balanced fertilizer based on soil test results and follow recommended irrigation schedules for the crop. Tip: Use certified seed and treat seeds where appropriate to reduce seed-borne diseases.",millet,general
How do I determine the optimal planting time for pulse in my region?,"For Pulse: Follow certified seed, appropriate plant spacing, monitor for pests, and conduct soil tests. Apply balanced fertilizer based on soil test results and follow recommended irrigation schedules for the crop. Tip: Test soil every 2-3 years and follow recommended fertilizer programs.",pulse,general
How can I improve which soil types are most suitable for cultivating lentil?,"Soil advice: Soil appears alkaline (pH 7.5+). Recommended N-P-K levels: N=medium, P=low, K=high. Add organic matter and consider liming if acidic. Perform a soil test for exact fertilizer recommendations; use compost to improve organic matter. Tip: Use certified seed and treat seeds where appropriate to reduce seed-borne diseases.",lentil,soil
How can I improve how can I test soil fertility before planting pea?,"Soil advice: Soil appears acidic (pH 5.5-6.5). Recommended N-P-K levels: N=medium, P=high, K=high. Add organic matter and consider liming if acidic. Perform a soil test for exact fertilizer recommendations; use compost to improve organic matter. Tip: Use certified seed and treat seeds where appropriate to reduce seed-borne diseases.",pea,soil
How can I improve how do I manage weeds in onion fields effectively?,"Pest/Disease guidance: Inspect plants for symptoms (spots, wilting, yellowing). Use integrated pest management (IPM): crop rotation, resistant varieties, targeted biocontrols, and correct pesticide application. If unsure, collect a sample and consult local extension services. Tip: Rotate crops to reduce pest and disease pressure.",onion,pest/disease
How can I improve how to select appropriate fertilizer blends for lentil?,"For Lentil: Follow certified seed, appropriate plant spacing, monitor for pests, and conduct soil tests. Apply balanced fertilizer based on soil test results and follow recommended irrigation schedules for the crop. Tip: Test soil every 2-3 years and follow recommended fertilizer programs.",lentil,general
How can I improve how to perform a quick on-field soil test for barley planting?,"Soil advice: Soil appears neutral (pH 6.5-7.5). Recommended N-P-K levels: N=low, P=high, K=low. Add organic matter and consider liming if acidic. Perform a soil test for exact fertilizer recommendations; use compost to improve organic matter. Tip: Rotate crops to reduce pest and disease pressure.",barley,soil
How can I improve what are common post-harvest pests affecting millet and how to prevent them?,"Pest/Disease guidance: Inspect plants for symptoms (spots, wilting, yellowing). Use integrated pest management (IPM): crop rotation, resistant varieties, targeted biocontrols, and correct pesticide application. If unsure, collect a sample and consult local extension services. Tip: Apply compost or well-rotted manure annually to improve soil structure.",millet,pest/disease
How can I improve what are the best seed varieties of pulse for high yield and disease resistance in arid zones?,"Pest/Disease guidance: Inspect plants for symptoms (spots, wilting, yellowing). Use integrated pest management (IPM): crop rotation, resistant varieties, targeted biocontrols, and correct pesticide application. If unsure, collect a sample and consult local extension services. Tip: Test soil every 2-3 years and follow recommended fertilizer programs.",pulse,pest/disease
What are the best seed varieties of tea for high yield and disease resistance in temperate regions?,"Pest/Disease guidance: Inspect plants for symptoms (spots, wilting, yellowing). Use integrated pest management (IPM): crop rotation, resistant varieties, targeted biocontrols, and correct pesticide application. If unsure, collect a sample and consult local extension services. Tip: Monitor fields weekly during critical growth stages for early pest detection.",tea,pest/disease
How can I improve what government schemes support pulse farmers and how to apply?,"For Pulse: Follow certified seed, appropriate plant spacing, monitor for pests, and conduct soil tests. Apply balanced fertilizer based on soil test results and follow recommended irrigation schedules for the crop. Tip: Rotate crops to reduce pest and disease pressure.",pulse,general
How can I improve how do I manage irrigation scheduling for coffee during drought?,"Irrigation guidance: Water based on crop stage—establishment, vegetative growth, and reproductive stages need careful scheduling. Avoid waterlogging; use mulch to conserve moisture and consider drip irrigation for efficiency. Tip: Test soil every 2-3 years and follow recommended fertilizer programs.",coffee,irrigation
How can I improve what are the common pests of banana and how to control them?,"Pest/Disease guidance: Inspect plants for symptoms (spots, wilting, yellowing). Use integrated pest management (IPM): crop rotation, resistant varieties, targeted biocontrols, and correct pesticide application. If unsure, collect a sample and consult local extension services. Tip: Test soil every 2-3 years and follow recommended fertilizer programs.",banana,pest/disease
How can I improve how can I increase pulse yield on smallholder farms?,"Post-harvest: Harvest at physiological maturity, dry to safe moisture content, and store in a cool, dry place to avoid pests. Use proper packaging and consider value-added processing to increase shelf life. Tip: Use certified seed and treat seeds where appropriate to reduce seed-borne diseases.",pulse,post-harvest
What are the best seed varieties of maize for high yield and disease resistance in my region?,"Pest/Disease guidance: Inspect plants for symptoms (spots, wilting, yellowing). Use integrated pest management (IPM): crop rotation, resistant varieties, targeted biocontrols, and correct pesticide application. If unsure, collect a sample and consult local extension services. Tip: Test soil every 2-3 years and follow recommended fertilizer programs.",maize,pest/disease
How can I improve what are the profitable value-added products from millet processing?,"For Millet: Follow certified seed, appropriate plant spacing, monitor for pests, and conduct soil tests. Apply balanced fertilizer based on soil test results and follow recommended irrigation schedules for the crop. Tip: Use certified seed and treat seeds where appropriate to reduce seed-borne diseases.",millet,general
How can I improve how do I identify nematode damage in corn and manage it?,"For Corn: Follow certified seed, appropriate plant spacing, monitor for pests, and conduct soil tests. Apply balanced fertilizer based on soil test results and follow recommended irrigation schedules for the crop. Tip: Rotate crops to reduce pest and disease pressure.",corn,general
How can I improve how can I improve seed germination rates for tomato?,"For Tomato: Follow certified seed, appropriate plant spacing, monitor for pests, and conduct soil tests. Apply balanced fertilizer based on soil test results and follow recommended irrigation schedules for the crop. Tip: Apply compost or well-rotted manure annually to improve soil structure.",tomato,general
How can I improve what are the best seed varieties of potato for high yield and disease resistance in coastal areas?,"Pest/Disease guidance: Inspect plants for symptoms (spots, wilting, yellowing). Use integrated pest management (IPM): crop rotation, resistant varieties, targeted biocontrols, and correct pesticide application. If unsure, collect a sample and consult local extension services. Tip: Rotate crops to reduce pest and disease pressure.",potato,pest/disease
How can I improve what are the symptoms of nutrient deficiency in potato and how to address them?,"For Potato: Follow certified seed, appropriate plant spacing, monitor for pests, and conduct soil tests. Apply balanced fertilizer based on soil test results and follow recommended irrigation schedules for the crop. Tip: Monitor fields weekly during critical growth stages for early pest detection.",potato,general
How can I improve what are the best seed varieties of potato for high yield and disease resistance in high-altitude areas?,"Pest/Disease guidance: Inspect plants for symptoms (spots, wilting, yellowing). Use integrated pest management (IPM): crop rotation, resistant varieties, targeted biocontrols, and correct pesticide application. If unsure, collect a sample and consult local extension services. Tip: Apply compost or well-rotted manure annually to improve soil structure.",potato,pest/disease
How can I improve how do I determine the optimal planting time for sorghum in high-altitude areas?,"For Sorghum: Follow certified seed, appropriate plant spacing, monitor for pests, and conduct soil tests. Apply balanced fertilizer based on soil test results and follow recommended irrigation schedules for the crop. Tip: Apply compost or well-rotted manure annually to improve soil structure.",sorghum,general
How can I improve how to build a simple storage facility to store corn after harvest?,"Post-harvest: Harvest at physiological maturity, dry to safe moisture content, and store in a cool, dry place to avoid pests. Use proper packaging and consider value-added processing to increase shelf life. Tip: Rotate crops to reduce pest and disease pressure.",corn,post-harvest
How can I improve what integrated pest management (IPM) strategies work well for millet?,"Pest/Disease guidance: Inspect plants for symptoms (spots, wilting, yellowing). Use integrated pest management (IPM): crop rotation, resistant varieties, targeted biocontrols, and correct pesticide application. If unsure, collect a sample and consult local extension services. Tip: Test soil every 2-3 years and follow recommended fertilizer programs.",millet,pest/disease
How do I determine the optimal planting time for garlic in coastal areas?,"For Garlic: Follow certified seed, appropriate plant spacing, monitor for pests, and conduct soil tests. Apply balanced fertilizer based on soil test results and follow recommended irrigation schedules for the crop. Tip: Use certified seed and treat seeds where appropriate to reduce seed-borne diseases.",garlic,general
How can I improve how to build a simple storage facility to store garlic after harvest?,"Post-harvest: Harvest at physiological maturity, dry to safe moisture content, and store in a cool, dry place to avoid pests. Use proper packaging and consider value-added processing to increase shelf life. Tip: Rotate crops to reduce pest and disease pressure.",garlic,post-harvest
How do I determine the optimal planting time for maize in high-altitude areas?,"For Maize: Follow certified seed, appropriate plant spacing, monitor for pests, and conduct soil tests. Apply balanced fertilizer based on soil test results and follow recommended irrigation schedules for the crop. Tip: Monitor fields weekly during critical growth stages for early pest detection.",maize,general
How do I determine the optimal planting time for sorghum in my region?,"For Sorghum: Follow certified seed, appropriate plant spacing, monitor for pests, and conduct soil tests. Apply balanced fertilizer based on soil test results and follow recommended irrigation schedules for the crop. Tip: Test soil every 2-3 years and follow recommended fertilizer programs.",sorghum,general
How can I improve how do I prepare a soil bed for transplanting grape seedlings?,"Soil advice: Soil appears acidic (pH 5.5-6.5). Recommended N-P-K levels: N=high, P=high, K=low. Add organic matter and consider liming if acidic. Perform a soil test for exact fertilizer recommendations; use compost to improve organic matter. Tip: Use certified seed and treat seeds where appropriate to reduce seed-borne diseases.",grape,soil
How can I improve how do I determine the optimal planting time for millet in arid zones?,"For Millet: Follow certified seed, appropriate plant spacing, monitor for pests, and conduct soil tests. Apply balanced fertilizer based on soil test results and follow recommended irrigation schedules for the crop. Tip: Monitor fields weekly during critical growth stages for early pest detection.",millet,general
How can I improve what are the best seed varieties of pea for high yield and disease resistance in my region?,"Pest/Disease guidance: Inspect plants for symptoms (spots, wilting, yellowing). Use integrated pest management (IPM): crop rotation, resistant varieties, targeted biocontrols, and correct pesticide application. If unsure, collect a sample and consult local extension services. Tip: Monitor fields weekly during critical growth stages for early pest detection.",pea,pest/disease
How can I improve how to manage salinity or alkalinity issues when growing coffee?,"For Coffee: Follow certified seed, appropriate plant spacing, monitor for pests, and conduct soil tests. Apply balanced fertilizer based on soil test results and follow recommended irrigation schedules for the crop. Tip: Apply compost or well-rotted manure annually to improve soil structure.",coffee,general
How do I determine the optimal planting time for potato in temperate regions?,"For Potato: Follow certified seed, appropriate plant spacing, monitor for pests, and conduct soil tests. Apply balanced fertilizer based on soil test results and follow recommended irrigation schedules for the crop. Tip: Test soil every 2-3 years and follow recommended fertilizer programs.",potato,general
What are the best seed varieties of onion for high yield and disease resistance in arid zones?,"Pest/Disease guidance: Inspect plants for symptoms (spots, wilting, yellowing). Use integrated pest management (IPM): crop rotation, resistant varieties, targeted biocontrols, and correct pesticide application. If unsure, collect a sample and consult local extension services. Tip: Apply compost or well-rotted manure annually to improve soil structure.",onion,pest/disease
How can I improve how do I manage irrigation scheduling for lentil during drought?,"Irrigation guidance: Water based on crop stage—establishment, vegetative growth, and reproductive stages need careful scheduling. Avoid waterlogging; use mulch to conserve moisture and consider drip irrigation for efficiency. Tip: Test soil every 2-3 years and follow recommended fertilizer programs.",lentil,irrigation
How can I improve how to manage salinity or alkalinity issues when growing maize?,"For Maize: Follow certified seed, appropriate plant spacing, monitor for pests, and conduct soil tests. Apply balanced fertilizer based on soil test results and follow recommended irrigation schedules for the crop. Tip: Use certified seed and treat seeds where appropriate to reduce seed-borne diseases.",maize,general
How can I improve what are recommended planting depths and sowing rates for wheat?,"For Wheat: Follow certified seed, appropriate plant spacing, monitor for pests, and conduct soil tests. Apply balanced fertilizer based on soil test results and follow recommended irrigation schedules for the crop. Tip: Apply compost or well-rotted manure annually to improve soil structure.",wheat,general
How do I determine the optimal planting time for wheat in high-altitude areas?,"For Wheat: Follow certified seed, appropriate plant spacing, monitor for pests, and conduct soil tests. Apply balanced fertilizer based on soil test results and follow recommended irrigation schedules for the crop. Tip: Apply compost or well-rotted manure annually to improve soil structure.",wheat,general
How can I improve how do I manage weeds in potato fields effectively?,"Pest/Disease guidance: Inspect plants for symptoms (spots, wilting, yellowing). Use integrated pest management (IPM): crop rotation, resistant varieties, targeted biocontrols, and correct pesticide application. If unsure, collect a sample and consult local extension services. Tip: Apply compost or well-rotted manure annually to improve soil structure.",potato,pest/disease
How can I improve what are recommended spacing and plant density for maize?,"For Maize: Follow certified seed, appropriate plant spacing, monitor for pests, and conduct soil tests. Apply balanced fertilizer based on soil test results and follow recommended irrigation schedules for the crop. Tip: Use certified seed and treat seeds where appropriate to reduce seed-borne diseases.",maize,general
How can I improve how can I increase barley yield on smallholder farms?,"Post-harvest: Harvest at physiological maturity, dry to safe moisture content, and store in a cool, dry place to avoid pests. Use proper packaging and consider value-added processing to increase shelf life. Tip: Rotate crops to reduce pest and disease pressure.",barley,post-harvest
What are the best seed varieties of lentil for high yield and disease resistance in temperate regions?,"Pest/Disease guidance: Inspect plants for symptoms (spots, wilting, yellowing). Use integrated pest management (IPM): crop rotation, resistant varieties, targeted biocontrols, and correct pesticide application. If unsure, collect a sample and consult local extension services. Tip: Apply compost or well-rotted manure annually to improve soil structure.",lentil,pest/disease
How can I improve what are recommended planting depths and sowing rates for coffee?,"For Coffee: Follow certified seed, appropriate plant spacing, monitor for pests, and conduct soil tests. Apply balanced fertilizer based on soil test results and follow recommended irrigation schedules for the crop. Tip: Rotate crops to reduce pest and disease pressure.",coffee,general
How can I improve what are the best seed varieties of sugarcane for high yield and disease resistance in my region?,"Pest/Disease guidance: Inspect plants for symptoms (spots, wilting, yellowing). Use integrated pest management (IPM): crop rotation, resistant varieties, targeted biocontrols, and correct pesticide application. If unsure, collect a sample and consult local extension services. Tip: Rotate crops to reduce pest and disease pressure.",sugarcane,pest/disease
How can I improve what are post-harvest storage best practices for tea?,"Post-harvest: Harvest at physiological maturity, dry to safe moisture content, and store in a cool, dry place to avoid pests. Use proper packaging and consider value-added processing to increase shelf life. Tip: Monitor fields weekly during critical growth stages for early pest detection.",tea,post-harvest
How can I improve what are recommended planting depths and sowing rates for barley?,"For Barley: Follow certified seed, appropriate plant spacing, monitor for pests, and conduct soil tests. Apply balanced fertilizer based on soil test results and follow recommended irrigation schedules for the crop. Tip: Rotate crops to reduce pest and disease pressure.",barley,general
What are the best seed varieties of apple for high yield and disease resistance in coastal areas?,"Pest/Disease guidance: Inspect plants for symptoms (spots, wilting, yellowing). Use integrated pest management (IPM): crop rotation, resistant varieties, targeted biocontrols, and correct pesticide application. If unsure, collect a sample and consult local extension services. Tip: Use certified seed and treat seeds where appropriate to reduce seed-borne diseases.",apple,pest/disease
How can I improve how to manage post-harvest quality and grading for cotton?,"Post-harvest: Harvest at physiological maturity, dry to safe moisture content, and store in a cool, dry place to avoid pests. Use proper packaging and consider value-added processing to increase shelf life. Tip: Rotate crops to reduce pest and disease pressure.",cotton,post-harvest
How do I determine the optimal planting time for lentil in coastal areas?,"For Lentil: Follow certified seed, appropriate plant spacing, monitor for pests, and conduct soil tests. Apply balanced fertilizer based on soil test results and follow recommended irrigation schedules for the crop. Tip: Rotate crops to reduce pest and disease pressure.",lentil,general
How can I improve how do I manage weeds in tomato fields effectively?,"Pest/Disease guidance: Inspect plants for symptoms (spots, wilting, yellowing). Use integrated pest management (IPM): crop rotation, resistant varieties, targeted biocontrols, and correct pesticide application. If unsure, collect a sample and consult local extension services. Tip: Test soil every 2-3 years and follow recommended fertilizer programs.",tomato,pest/disease
How can I improve which soil types are most suitable for cultivating soybean?,"Soil advice: Soil appears neutral (pH 6.5-7.5). Recommended N-P-K levels: N=medium, P=medium, K=high. Add organic matter and consider liming if acidic. Perform a soil test for exact fertilizer recommendations; use compost to improve organic matter. Tip: Rotate crops to reduce pest and disease pressure.",soybean,soil
What are the best seed varieties of sugarcane for high yield and disease resistance in arid zones?,"Pest/Disease guidance: Inspect plants for symptoms (spots, wilting, yellowing). Use integrated pest management (IPM): crop rotation, resistant varieties, targeted biocontrols, and correct pesticide application. If unsure, collect a sample and consult local extension services. Tip: Apply compost or well-rotted manure annually to improve soil structure.",sugarcane,pest/disease
How can I improve how do I manage irrigation scheduling for potato during drought?,"Irrigation guidance: Water based on crop stage—establishment, vegetative growth, and reproductive stages need careful scheduling. Avoid waterlogging; use mulch to conserve moisture and consider drip irrigation for efficiency. Tip: Rotate crops to reduce pest and disease pressure.",potato,irrigation
How can I improve how can I test soil fertility before planting onion?,"Soil advice: Soil appears acidic (pH 5.5-6.5). Recommended N-P-K levels: N=low, P=low, K=high. Add organic matter and consider liming if acidic. Perform a soil test for exact fertilizer recommendations; use compost to improve organic matter. Tip: Test soil every 2-3 years and follow recommended fertilizer programs.",onion,soil
What are the best seed varieties of barley for high yield and disease resistance in my region?,"Pest/Disease guidance: Inspect plants for symptoms (spots, wilting, yellowing). Use integrated pest management (IPM): crop rotation, resistant varieties, targeted biocontrols, and correct pesticide application. If unsure, collect a sample and consult local extension services. Tip: Rotate crops to reduce pest and disease pressure.",barley,pest/disease
How can I improve how do I diagnose fungal diseases in pulse and treat them?,"Pest/Disease guidance: Inspect plants for symptoms (spots, wilting, yellowing). Use integrated pest management (IPM): crop rotation, resistant varieties, targeted biocontrols, and correct pesticide application. If unsure, collect a sample and consult local extension services. Tip: Monitor fields weekly during critical growth stages for early pest detection.",pulse,pest/disease
How can I improve how to control bacterial diseases in rice crops?,"Pest/Disease guidance: Inspect plants for symptoms (spots, wilting, yellowing). Use integrated pest management (IPM): crop rotation, resistant varieties, targeted biocontrols, and correct pesticide application. If unsure, collect a sample and consult local extension services. Tip: Use certified seed and treat seeds where appropriate to reduce seed-borne diseases.",rice,pest/disease
How can I improve how can I increase onion yield on smallholder farms?,"Post-harvest: Harvest at physiological maturity, dry to safe moisture content, and store in a cool, dry place to avoid pests. Use proper packaging and consider value-added processing to increase shelf life. Tip: Rotate crops to reduce pest and disease pressure.",onion,post-harvest
How can I improve what are the profitable value-added products from apple processing?,"For Apple: Follow certified seed, appropriate plant spacing, monitor for pests, and conduct soil tests. Apply balanced fertilizer based on soil test results and follow recommended irrigation schedules for the crop. Tip: Test soil every 2-3 years and follow recommended fertilizer programs.",apple,general
How can I improve what integrated pest management (IPM) strategies work well for sugarcane?,"Pest/Disease guidance: Inspect plants for symptoms (spots, wilting, yellowing). Use integrated pest management (IPM): crop rotation, resistant varieties, targeted biocontrols, and correct pesticide application. If unsure, collect a sample and consult local extension services. Tip: Monitor fields weekly during critical growth stages for early pest detection.",sugarcane,pest/disease
How can I improve how do I manage weeds in millet fields effectively?,"Pest/Disease guidance: Inspect plants for symptoms (spots, wilting, yellowing). Use integrated pest management (IPM): crop rotation, resistant varieties, targeted biocontrols, and correct pesticide application. If unsure, collect a sample and consult local extension services. Tip: Monitor fields weekly during critical growth stages for early pest detection.",millet,pest/disease
How can I improve what integrated pest management (IPM) strategies work well for soybean?,"Pest/Disease guidance: Inspect plants for symptoms (spots, wilting, yellowing). Use integrated pest management (IPM): crop rotation, resistant varieties, targeted biocontrols, and correct pesticide application. If unsure, collect a sample and consult local extension services. Tip: Use certified seed and treat seeds where appropriate to reduce seed-borne diseases.",soybean,pest/disease
How can I improve what integrated pest management (IPM) strategies work well for garlic?,"Pest/Disease guidance: Inspect plants for symptoms (spots, wilting, yellowing). Use integrated pest management (IPM): crop rotation, resistant varieties, targeted biocontrols, and correct pesticide application. If unsure, collect a sample and consult local extension services. Tip: Use certified seed and treat seeds where appropriate to reduce seed-borne diseases.",garlic,pest/disease
How can I improve what integrated pest management (IPM) strategies work well for onion?,"Pest/Disease guidance: Inspect plants for symptoms (spots, wilting, yellowing). Use integrated pest management (IPM): crop rotation, resistant varieties, targeted biocontrols, and correct pesticide application. If unsure, collect a sample and consult local extension services. Tip: Use certified seed and treat seeds where appropriate to reduce seed-borne diseases.",onion,pest/disease
How can I improve how do I diagnose fungal diseases in soybean and treat them?,"Pest/Disease guidance: Inspect plants for symptoms (spots, wilting, yellowing). Use integrated pest management (IPM): crop rotation, resistant varieties, targeted biocontrols, and correct pesticide application. If unsure, collect a sample and consult local extension services. Tip: Test soil every 2-3 years and follow recommended fertilizer programs.",soybean,pest/disease
How can I improve what are recommended spacing and plant density for onion?,"For Onion: Follow certified seed, appropriate plant spacing, monitor for pests, and conduct soil tests. Apply balanced fertilizer based on soil test results and follow recommended irrigation schedules for the crop. Tip: Rotate crops to reduce pest and disease pressure.",onion,general
How can I improve how can I use compost and organic amendments for garlic production?,"Soil advice: Soil appears neutral (pH 6.5-7.5). Recommended N-P-K levels: N=medium, P=high, K=medium. Add organic matter and consider liming if acidic. Perform a soil test for exact fertilizer recommendations; use compost to improve organic matter. Tip: Rotate crops to reduce pest and disease pressure.",garlic,soil
How do I determine the optimal planting time for wheat in tropical areas?,"For Wheat: Follow certified seed, appropriate plant spacing, monitor for pests, and conduct soil tests. Apply balanced fertilizer based on soil test results and follow recommended irrigation schedules for the crop. Tip: Monitor fields weekly during critical growth stages for early pest detection.",wheat,general
How do I determine the optimal planting time for potato in high-altitude areas?,"For Potato: Follow certified seed, appropriate plant spacing, monitor for pests, and conduct soil tests. Apply balanced fertilizer based on soil test results and follow recommended irrigation schedules for the crop. Tip: Use certified seed and treat seeds where appropriate to reduce seed-borne diseases.",potato,general
How can I improve how do I determine the optimal planting time for onion in arid zones?,"For Onion: Follow certified seed, appropriate plant spacing, monitor for pests, and conduct soil tests. Apply balanced fertilizer based on soil test results and follow recommended irrigation schedules for the crop. Tip: Test soil every 2-3 years and follow recommended fertilizer programs.",onion,general
How can I improve what are recommended spacing and plant density for pulse?,"For Pulse: Follow certified seed, appropriate plant spacing, monitor for pests, and conduct soil tests. Apply balanced fertilizer based on soil test results and follow recommended irrigation schedules for the crop. Tip: Monitor fields weekly during critical growth stages for early pest detection.",pulse,general
How can I improve how to establish a nursery for millet seedlings?,"For Millet: Follow certified seed, appropriate plant spacing, monitor for pests, and conduct soil tests. Apply balanced fertilizer based on soil test results and follow recommended irrigation schedules for the crop. Tip: Rotate crops to reduce pest and disease pressure.",millet,general
How can I improve what government schemes support grape farmers and how to apply?,"For Grape: Follow certified seed, appropriate plant spacing, monitor for pests, and conduct soil tests. Apply balanced fertilizer based on soil test results and follow recommended irrigation schedules for the crop. Tip: Use certified seed and treat seeds where appropriate to reduce seed-borne diseases.",grape,general
How can I improve how do I manage weeds in wheat fields effectively?,"Pest/Disease guidance: Inspect plants for symptoms (spots, wilting, yellowing). Use integrated pest management (IPM): crop rotation, resistant varieties, targeted biocontrols, and correct pesticide application. If unsure, collect a sample and consult local extension services. Tip: Use certified seed and treat seeds where appropriate to reduce seed-borne diseases.",wheat,pest/disease
How can I improve how do I identify nematode damage in banana and manage it?,"For Banana: Follow certified seed, appropriate plant spacing, monitor for pests, and conduct soil tests. Apply balanced fertilizer based on soil test results and follow recommended irrigation schedules for the crop. Tip: Rotate crops to reduce pest and disease pressure.",banana,general
How can I improve what mechanization options are suitable for soybean on medium farms?,"For Soybean: Follow certified seed, appropriate plant spacing, monitor for pests, and conduct soil tests. Apply balanced fertilizer based on soil test results and follow recommended irrigation schedules for the crop. Tip: Use certified seed and treat seeds where appropriate to reduce seed-borne diseases.",soybean,general
What are the best seed varieties of banana for high yield and disease resistance in my region?,"Pest/Disease guidance: Inspect plants for symptoms (spots, wilting, yellowing). Use integrated pest management (IPM): crop rotation, resistant varieties, targeted biocontrols, and correct pesticide application. If unsure, collect a sample and consult local extension services. Tip: Test soil every 2-3 years and follow recommended fertilizer programs.",banana,pest/disease
How can I improve what are the profitable value-added products from rice processing?,"For Rice: Follow certified seed, appropriate plant spacing, monitor for pests, and conduct soil tests. Apply balanced fertilizer based on soil test results and follow recommended irrigation schedules for the crop. Tip: Apply compost or well-rotted manure annually to improve soil structure.",rice,general
How can I improve how do I identify nematode damage in maize and manage it?,"For Maize: Follow certified seed, appropriate plant spacing, monitor for pests, and conduct soil tests. Apply balanced fertilizer based on soil test results and follow recommended irrigation schedules for the crop. Tip: Rotate crops to reduce pest and disease pressure.",maize,general
How can I improve how do I prepare a soil bed for transplanting barley seedlings?,"Soil advice: Soil appears neutral (pH 6.5-7.5). Recommended N-P-K levels: N=medium, P=high, K=high. Add organic matter and consider liming if acidic. Perform a soil test for exact fertilizer recommendations; use compost to improve organic matter. Tip: Use certified seed and treat seeds where appropriate to reduce seed-borne diseases.",barley,soil
How can I improve what are water-saving irrigation techniques suitable for potato?,"Irrigation guidance: Water based on crop stage—establishment, vegetative growth, and reproductive stages need careful scheduling. Avoid waterlogging; use mulch to conserve moisture and consider drip irrigation for efficiency. Tip: Test soil every 2-3 years and follow recommended fertilizer programs.",potato,irrigation
How can I improve what are common post-harvest pests affecting corn and how to prevent them?,"Pest/Disease guidance: Inspect plants for symptoms (spots, wilting, yellowing). Use integrated pest management (IPM): crop rotation, resistant varieties, targeted biocontrols, and correct pesticide application. If unsure, collect a sample and consult local extension services. Tip: Rotate crops to reduce pest and disease pressure.",corn,pest/disease
How do I determine the optimal planting time for garlic in temperate regions?,"For Garlic: Follow certified seed, appropriate plant spacing, monitor for pests, and conduct soil tests. Apply balanced fertilizer based on soil test results and follow recommended irrigation schedules for the crop. Tip: Rotate crops to reduce pest and disease pressure.",garlic,general
How can I improve what are harvesting indicators that show pulse is ready to harvest?,"Post-harvest: Harvest at physiological maturity, dry to safe moisture content, and store in a cool, dry place to avoid pests. Use proper packaging and consider value-added processing to increase shelf life. Tip: Apply compost or well-rotted manure annually to improve soil structure.",pulse,post-harvest
How do I determine the optimal planting time for lentil in high-altitude areas?,"For Lentil: Follow certified seed, appropriate plant spacing, monitor for pests, and conduct soil tests. Apply balanced fertilizer based on soil test results and follow recommended irrigation schedules for the crop. Tip: Rotate crops to reduce pest and disease pressure.",lentil,general
How can I improve what fertilizer program should I follow for a healthy cotton crop?,"For Cotton: Follow certified seed, appropriate plant spacing, monitor for pests, and conduct soil tests. Apply balanced fertilizer based on soil test results and follow recommended irrigation schedules for the crop. Tip: Monitor fields weekly during critical growth stages for early pest detection.",cotton,general
How can I improve how do I manage weeds in pulse fields effectively?,"Pest/Disease guidance: Inspect plants for symptoms (spots, wilting, yellowing). Use integrated pest management (IPM): crop rotation, resistant varieties, targeted biocontrols, and correct pesticide application. If unsure, collect a sample and consult local extension services. Tip: Monitor fields weekly during critical growth stages for early pest detection.",pulse,pest/disease
How can I improve what are the best seed varieties of corn for high yield and disease resistance in tropical areas?,"Pest/Disease guidance: Inspect plants for symptoms (spots, wilting, yellowing). Use integrated pest management (IPM): crop rotation, resistant varieties, targeted biocontrols, and correct pesticide application. If unsure, collect a sample and consult local extension services. Tip: Monitor fields weekly during critical growth stages for early pest detection.",corn,pest/disease
How can I improve how to select appropriate fertilizer blends for tomato?,"For Tomato: Follow certified seed, appropriate plant spacing, monitor for pests, and conduct soil tests. Apply balanced fertilizer based on soil test results and follow recommended irrigation schedules for the crop. Tip: Apply compost or well-rotted manure annually to improve soil structure.",tomato,general
What are the best seed varieties of barley for high yield and disease resistance in temperate regions?,"Pest/Disease guidance: Inspect plants for symptoms (spots, wilting, yellowing). Use integrated pest management (IPM): crop rotation, resistant varieties, targeted biocontrols, and correct pesticide application. If unsure, collect a sample and consult local extension services. Tip: Use certified seed and treat seeds where appropriate to reduce seed-borne diseases.",barley,pest/disease
How can I improve what cover crops complement soybean in rotation to improve soil health?,"Soil advice: Soil appears alkaline (pH 7.5+). Recommended N-P-K levels: N=high, P=medium, K=high. Add organic matter and consider liming if acidic. Perform a soil test for exact fertilizer recommendations; use compost to improve organic matter. Tip: Test soil every 2-3 years and follow recommended fertilizer programs.",soybean,soil
How can I improve what are the best seed varieties of banana for high yield and disease resistance in arid zones?,"Pest/Disease guidance: Inspect plants for symptoms (spots, wilting, yellowing). Use integrated pest management (IPM): crop rotation, resistant varieties, targeted biocontrols, and correct pesticide application. If unsure, collect a sample and consult local extension services. Tip: Test soil every 2-3 years and follow recommended fertilizer programs.",banana,pest/disease
How can I improve what are the profitable value-added products from tea processing?,"For Tea: Follow certified seed, appropriate plant spacing, monitor for pests, and conduct soil tests. Apply balanced fertilizer based on soil test results and follow recommended irrigation schedules for the crop. Tip: Use certified seed and treat seeds where appropriate to reduce seed-borne diseases.",tea,general
How can I improve what are post-harvest storage best practices for corn?,"Post-harvest: Harvest at physiological maturity, dry to safe moisture content, and store in a cool, dry place to avoid pests. Use proper packaging and consider value-added processing to increase shelf life. Tip: Apply compost or well-rotted manure annually to improve soil structure.",corn,post-harvest
How can I improve what are the best seed varieties of soybean for high yield and disease resistance in high-altitude areas?,"Pest/Disease guidance: Inspect plants for symptoms (spots, wilting, yellowing). Use integrated pest management (IPM): crop rotation, resistant varieties, targeted biocontrols, and correct pesticide application. If unsure, collect a sample and consult local extension services. Tip: Rotate crops to reduce pest and disease pressure.",soybean,pest/disease
How can I improve what are effective organic practices for growing millet?,"Soil advice: Soil appears neutral (pH 6.5-7.5). Recommended N-P-K levels: N=medium, P=high, K=high. Add organic matter and consider liming if acidic. Perform a soil test for exact fertilizer recommendations; use compost to improve organic matter. Tip: Rotate crops to reduce pest and disease pressure.",millet,soil
How can I improve what are water-saving irrigation techniques suitable for grape?,"Irrigation guidance: Water based on crop stage—establishment, vegetative growth, and reproductive stages need careful scheduling. Avoid waterlogging; use mulch to conserve moisture and consider drip irrigation for efficiency. Tip: Monitor fields weekly during critical growth stages for early pest detection.",grape,irrigation
How can I improve what are early warning signs of pest outbreaks in grape fields?,"Pest/Disease guidance: Inspect plants for symptoms (spots, wilting, yellowing). Use integrated pest management (IPM): crop rotation, resistant varieties, targeted biocontrols, and correct pesticide application. If unsure, collect a sample and consult local extension services. Tip: Test soil every 2-3 years and follow recommended fertilizer programs.",grape,pest/disease
How can I improve what are water-saving irrigation techniques suitable for maize?,"Irrigation guidance: Water based on crop stage—establishment, vegetative growth, and reproductive stages need careful scheduling. Avoid waterlogging; use mulch to conserve moisture and consider drip irrigation for efficiency. Tip: Apply compost or well-rotted manure annually to improve soil structure.",maize,irrigation
How can I improve how do I determine the optimal planting time for pea in coastal areas?,"For Pea: Follow certified seed, appropriate plant spacing, monitor for pests, and conduct soil tests. Apply balanced fertilizer based on soil test results and follow recommended irrigation schedules for the crop. Tip: Apply compost or well-rotted manure annually to improve soil structure.",pea,general
What are the best seed varieties of garlic for high yield and disease resistance in tropical areas?,"Pest/Disease guidance: Inspect plants for symptoms (spots, wilting, yellowing). Use integrated pest management (IPM): crop rotation, resistant varieties, targeted biocontrols, and correct pesticide application. If unsure, collect a sample and consult local extension services. Tip: Apply compost or well-rotted manure annually to improve soil structure.",garlic,pest/disease
How can I improve how do I diagnose fungal diseases in garlic and treat them?,"Pest/Disease guidance: Inspect plants for symptoms (spots, wilting, yellowing). Use integrated pest management (IPM): crop rotation, resistant varieties, targeted biocontrols, and correct pesticide application. If unsure, collect a sample and consult local extension services. Tip: Use certified seed and treat seeds where appropriate to reduce seed-borne diseases.",garlic,pest/disease
How can I improve how can I use compost and organic amendments for grape production?,"Soil advice: Soil appears neutral (pH 6.5-7.5). Recommended N-P-K levels: N=high, P=low, K=medium. Add organic matter and consider liming if acidic. Perform a soil test for exact fertilizer recommendations; use compost to improve organic matter. Tip: Apply compost or well-rotted manure annually to improve soil structure.",grape,soil
How do I determine the optimal planting time for corn in tropical areas?,"For Corn: Follow certified seed, appropriate plant spacing, monitor for pests, and conduct soil tests. Apply balanced fertilizer based on soil test results and follow recommended irrigation schedules for the crop. Tip: Monitor fields weekly during critical growth stages for early pest detection.",corn,general
How can I improve what are common post-harvest pests affecting barley and how to prevent them?,"Pest/Disease guidance: Inspect plants for symptoms (spots, wilting, yellowing). Use integrated pest management (IPM): crop rotation, resistant varieties, targeted biocontrols, and correct pesticide application. If unsure, collect a sample and consult local extension services. Tip: Test soil every 2-3 years and follow recommended fertilizer programs.",barley,pest/disease
How can I improve what are recommended planting depths and sowing rates for banana?,"For Banana: Follow certified seed, appropriate plant spacing, monitor for pests, and conduct soil tests. Apply balanced fertilizer based on soil test results and follow recommended irrigation schedules for the crop. Tip: Use certified seed and treat seeds where appropriate to reduce seed-borne diseases.",banana,general
How can I improve how can I test soil fertility before planting rice?,"Soil advice: Soil appears neutral (pH 6.5-7.5). Recommended N-P-K levels: N=medium, P=high, K=low. Add organic matter and consider liming if acidic. Perform a soil test for exact fertilizer recommendations; use compost to improve organic matter. Tip: Monitor fields weekly during critical growth stages for early pest detection.",rice,soil
What are the best seed varieties of pulse for high yield and disease resistance in high-altitude areas?,"Pest/Disease guidance: Inspect plants for symptoms (spots, wilting, yellowing). Use integrated pest management (IPM): crop rotation, resistant varieties, targeted biocontrols, and correct pesticide application. If unsure, collect a sample and consult local extension services. Tip: Test soil every 2-3 years and follow recommended fertilizer programs.",pulse,pest/disease
How can I improve what are recommended planting depths and sowing rates for grape?,"For Grape: Follow certified seed, appropriate plant spacing, monitor for pests, and conduct soil tests. Apply balanced fertilizer based on soil test results and follow recommended irrigation schedules for the crop. Tip: Apply compost or well-rotted manure annually to improve soil structure.",grape,general
How can I improve how can I improve seed germination rates for sugarcane?,"For Sugarcane: Follow certified seed, appropriate plant spacing, monitor for pests, and conduct soil tests. Apply balanced fertilizer based on soil test results and follow recommended irrigation schedules for the crop. Tip: Apply compost or well-rotted manure annually to improve soil structure.",sugarcane,general
How can I improve how to reduce fertilizer runoff from lentil fields and protect water quality?,"Irrigation guidance: Water based on crop stage—establishment, vegetative growth, and reproductive stages need careful scheduling. Avoid waterlogging; use mulch to conserve moisture and consider drip irrigation for efficiency. Tip: Test soil every 2-3 years and follow recommended fertilizer programs.",lentil,irrigation
How can I improve what are harvesting indicators that show rice is ready to harvest?,"Post-harvest: Harvest at physiological maturity, dry to safe moisture content, and store in a cool, dry place to avoid pests. Use proper packaging and consider value-added processing to increase shelf life. Tip: Use certified seed and treat seeds where appropriate to reduce seed-borne diseases.",rice,post-harvest
How can I improve how do I diagnose fungal diseases in coffee and treat them?,"Pest/Disease guidance: Inspect plants for symptoms (spots, wilting, yellowing). Use integrated pest management (IPM): crop rotation, resistant varieties, targeted biocontrols, and correct pesticide application. If unsure, collect a sample and consult local extension services. Tip: Apply compost or well-rotted manure annually to improve soil structure.",coffee,pest/disease
How can I improve what are the common pests of corn and how to control them?,"Pest/Disease guidance: Inspect plants for symptoms (spots, wilting, yellowing). Use integrated pest management (IPM): crop rotation, resistant varieties, targeted biocontrols, and correct pesticide application. If unsure, collect a sample and consult local extension services. Tip: Test soil every 2-3 years and follow recommended fertilizer programs.",corn,pest/disease
How can I improve what are early warning signs of pest outbreaks in corn fields?,"Pest/Disease guidance: Inspect plants for symptoms (spots, wilting, yellowing). Use integrated pest management (IPM): crop rotation, resistant varieties, targeted biocontrols, and correct pesticide application. If unsure, collect a sample and consult local extension services. Tip: Test soil every 2-3 years and follow recommended fertilizer programs.",corn,pest/disease
How can I improve what are the best seed varieties of apple for high yield and disease resistance in tropical areas?,"Pest/Disease guidance: Inspect plants for symptoms (spots, wilting, yellowing). Use integrated pest management (IPM): crop rotation, resistant varieties, targeted biocontrols, and correct pesticide application. If unsure, collect a sample and consult local extension services. Tip: Apply compost or well-rotted manure annually to improve soil structure.",apple,pest/disease
How can I improve how can I test soil fertility before planting wheat?,"Soil advice: Soil appears alkaline (pH 7.5+). Recommended N-P-K levels: N=medium, P=medium, K=medium. Add organic matter and consider liming if acidic. Perform a soil test for exact fertilizer recommendations; use compost to improve organic matter. Tip: Monitor fields weekly during critical growth stages for early pest detection.",wheat,soil
How can I improve which soil types are most suitable for cultivating garlic?,"Soil advice: Soil appears alkaline (pH 7.5+). Recommended N-P-K levels: N=high, P=medium, K=high. Add organic matter and consider liming if acidic. Perform a soil test for exact fertilizer recommendations; use compost to improve organic matter. Tip: Monitor fields weekly during critical growth stages for early pest detection.",garlic,soil
How can I improve what are the best seed varieties of millet for high yield and disease resistance in my region?,"Pest/Disease guidance: Inspect plants for symptoms (spots, wilting, yellowing). Use integrated pest management (IPM): crop rotation, resistant varieties, targeted biocontrols, and correct pesticide application. If unsure, collect a sample and consult local extension services. Tip: Test soil every 2-3 years and follow recommended fertilizer programs.",millet,pest/disease
How can I improve how to build a simple storage facility to store tea after harvest?,"Post-harvest: Harvest at physiological maturity, dry to safe moisture content, and store in a cool, dry place to avoid pests. Use proper packaging and consider value-added processing to increase shelf life. Tip: Test soil every 2-3 years and follow recommended fertilizer programs.",tea,post-harvest
How can I improve how do I diagnose fungal diseases in corn and treat them?,"Pest/Disease guidance: Inspect plants for symptoms (spots, wilting, yellowing). Use integrated pest management (IPM): crop rotation, resistant varieties, targeted biocontrols, and correct pesticide application. If unsure, collect a sample and consult local extension services. Tip: Test soil every 2-3 years and follow recommended fertilizer programs.",corn,pest/disease
How can I improve how do I diagnose fungal diseases in maize and treat them?,"Pest/Disease guidance: Inspect plants for symptoms (spots, wilting, yellowing). Use integrated pest management (IPM): crop rotation, resistant varieties, targeted biocontrols, and correct pesticide application. If unsure, collect a sample and consult local extension services. Tip: Apply compost or well-rotted manure annually to improve soil structure.",maize,pest/disease
How can I improve how to manage post-harvest quality and grading for banana?,"Post-harvest: Harvest at physiological maturity, dry to safe moisture content, and store in a cool, dry place to avoid pests. Use proper packaging and consider value-added processing to increase shelf life. Tip: Use certified seed and treat seeds where appropriate to reduce seed-borne diseases.",banana,post-harvest
How can I improve how to control bacterial diseases in lentil crops?,"Pest/Disease guidance: Inspect plants for symptoms (spots, wilting, yellowing). Use integrated pest management (IPM): crop rotation, resistant varieties, targeted biocontrols, and correct pesticide application. If unsure, collect a sample and consult local extension services. Tip: Use certified seed and treat seeds where appropriate to reduce seed-borne diseases.",lentil,pest/disease
How can I improve how to reduce fertilizer runoff from cotton fields and protect water quality?,"Irrigation guidance: Water based on crop stage—establishment, vegetative growth, and reproductive stages need careful scheduling. Avoid waterlogging; use mulch to conserve moisture and consider drip irrigation for efficiency. Tip: Monitor fields weekly during critical growth stages for early pest detection.",cotton,irrigation
How can I improve which soil types are most suitable for cultivating rice?,"Soil advice: Soil appears alkaline (pH 7.5+). Recommended N-P-K levels: N=high, P=high, K=high. Add organic matter and consider liming if acidic. Perform a soil test for exact fertilizer recommendations; use compost to improve organic matter. Tip: Apply compost or well-rotted manure annually to improve soil structure.",rice,soil
What are the symptoms of nutrient deficiency in grape and how to address them?,"For Grape: Follow certified seed, appropriate plant spacing, monitor for pests, and conduct soil tests. Apply balanced fertilizer based on soil test results and follow recommended irrigation schedules for the crop. Tip: Apply compost or well-rotted manure annually to improve soil structure.",grape,general
What are the best seed varieties of rice for high yield and disease resistance in arid zones?,"Pest/Disease guidance: Inspect plants for symptoms (spots, wilting, yellowing). Use integrated pest management (IPM): crop rotation, resistant varieties, targeted biocontrols, and correct pesticide application. If unsure, collect a sample and consult local extension services. Tip: Test soil every 2-3 years and follow recommended fertilizer programs.",rice,pest/disease
How do I determine the optimal planting time for pea in high-altitude areas?,"For Pea: Follow certified seed, appropriate plant spacing, monitor for pests, and conduct soil tests. Apply balanced fertilizer based on soil test results and follow recommended irrigation schedules for the crop. Tip: Monitor fields weekly during critical growth stages for early pest detection.",pea,general
How can I improve what are the symptoms of nutrient deficiency in onion and how to address them?,"For Onion: Follow certified seed, appropriate plant spacing, monitor for pests, and conduct soil tests. Apply balanced fertilizer based on soil test results and follow recommended irrigation schedules for the crop. Tip: Monitor fields weekly during critical growth stages for early pest detection.",onion,general
How can I improve how do I determine the optimal planting time for soybean in high-altitude areas?,"For Soybean: Follow certified seed, appropriate plant spacing, monitor for pests, and conduct soil tests. Apply balanced fertilizer based on soil test results and follow recommended irrigation schedules for the crop. Tip: Monitor fields weekly during critical growth stages for early pest detection.",soybean,general
How can I improve how should I irrigate soybean to maximize water efficiency?,"Irrigation guidance: Water based on crop stage—establishment, vegetative growth, and reproductive stages need careful scheduling. Avoid waterlogging; use mulch to conserve moisture and consider drip irrigation for efficiency. Tip: Test soil every 2-3 years and follow recommended fertilizer programs.",soybean,irrigation
How can I improve how can I increase rice yield on smallholder farms?,"Post-harvest: Harvest at physiological maturity, dry to safe moisture content, and store in a cool, dry place to avoid pests. Use proper packaging and consider value-added processing to increase shelf life. Tip: Use certified seed and treat seeds where appropriate to reduce seed-borne diseases.",rice,post-harvest
How can I improve what are post-harvest storage best practices for cotton?,"Post-harvest: Harvest at physiological maturity, dry to safe moisture content, and store in a cool, dry place to avoid pests. Use proper packaging and consider value-added processing to increase shelf life. Tip: Use certified seed and treat seeds where appropriate to reduce seed-borne diseases.",cotton,post-harvest
How can I improve what fertilizer program should I follow for a healthy wheat crop?,"For Wheat: Follow certified seed, appropriate plant spacing, monitor for pests, and conduct soil tests. Apply balanced fertilizer based on soil test results and follow recommended irrigation schedules for the crop. Tip: Rotate crops to reduce pest and disease pressure.",wheat,general
How can I improve how do I select disease-resistant coffee varieties for my area?,"Pest/Disease guidance: Inspect plants for symptoms (spots, wilting, yellowing). Use integrated pest management (IPM): crop rotation, resistant varieties, targeted biocontrols, and correct pesticide application. If unsure, collect a sample and consult local extension services. Tip: Rotate crops to reduce pest and disease pressure.",coffee,pest/disease
How can I improve how do I identify nematode damage in cotton and manage it?,"For Cotton: Follow certified seed, appropriate plant spacing, monitor for pests, and conduct soil tests. Apply balanced fertilizer based on soil test results and follow recommended irrigation schedules for the crop. Tip: Rotate crops to reduce pest and disease pressure.",cotton,general
How can I improve how do I diagnose fungal diseases in onion and treat them?,"Pest/Disease guidance: Inspect plants for symptoms (spots, wilting, yellowing). Use integrated pest management (IPM): crop rotation, resistant varieties, targeted biocontrols, and correct pesticide application. If unsure, collect a sample and consult local extension services. Tip: Apply compost or well-rotted manure annually to improve soil structure.",onion,pest/disease
How can I improve what integrated pest management (IPM) strategies work well for apple?,"Pest/Disease guidance: Inspect plants for symptoms (spots, wilting, yellowing). Use integrated pest management (IPM): crop rotation, resistant varieties, targeted biocontrols, and correct pesticide application. If unsure, collect a sample and consult local extension services. Tip: Monitor fields weekly during critical growth stages for early pest detection.",apple,pest/disease
How can I improve how do I identify nematode damage in coffee and manage it?,"For Coffee: Follow certified seed, appropriate plant spacing, monitor for pests, and conduct soil tests. Apply balanced fertilizer based on soil test results and follow recommended irrigation schedules for the crop. Tip: Rotate crops to reduce pest and disease pressure.",coffee,general
How can I improve what fertilizer program should I follow for a healthy grape crop?,"For Grape: Follow certified seed, appropriate plant spacing, monitor for pests, and conduct soil tests. Apply balanced fertilizer based on soil test results and follow recommended irrigation schedules for the crop. Tip: Use certified seed and treat seeds where appropriate to reduce seed-borne diseases.",grape,general
How can I improve how to establish a nursery for cotton seedlings?,"For Cotton: Follow certified seed, appropriate plant spacing, monitor for pests, and conduct soil tests. Apply balanced fertilizer based on soil test results and follow recommended irrigation schedules for the crop. Tip: Monitor fields weekly during critical growth stages for early pest detection.",cotton,general
What are water-saving irrigation techniques suitable for apple?,"Irrigation guidance: Water based on crop stage—establishment, vegetative growth, and reproductive stages need careful scheduling. Avoid waterlogging; use mulch to conserve moisture and consider drip irrigation for efficiency. Tip: Monitor fields weekly during critical growth stages for early pest detection.",apple,irrigation
How can I improve what are the symptoms of nutrient deficiency in barley and how to address them?,"For Barley: Follow certified seed, appropriate plant spacing, monitor for pests, and conduct soil tests. Apply balanced fertilizer based on soil test results and follow recommended irrigation schedules for the crop. Tip: Monitor fields weekly during critical growth stages for early pest detection.",barley,general
What are the best seed varieties of garlic for high yield and disease resistance in high-altitude areas?,"Pest/Disease guidance: Inspect plants for symptoms (spots, wilting, yellowing). Use integrated pest management (IPM): crop rotation, resistant varieties, targeted biocontrols, and correct pesticide application. If unsure, collect a sample and consult local extension services. Tip: Apply compost or well-rotted manure annually to improve soil structure.",garlic,pest/disease
How can I improve what are common post-harvest pests affecting onion and how to prevent them?,"Pest/Disease guidance: Inspect plants for symptoms (spots, wilting, yellowing). Use integrated pest management (IPM): crop rotation, resistant varieties, targeted biocontrols, and correct pesticide application. If unsure, collect a sample and consult local extension services. Tip: Apply compost or well-rotted manure annually to improve soil structure.",onion,pest/disease
What are the best seed varieties of corn for high yield and disease resistance in high-altitude areas?,"Pest/Disease guidance: Inspect plants for symptoms (spots, wilting, yellowing). Use integrated pest management (IPM): crop rotation, resistant varieties, targeted biocontrols, and correct pesticide application. If unsure, collect a sample and consult local extension services. Tip: Apply compost or well-rotted manure annually to improve soil structure.",corn,pest/disease
How can I improve what are the best seed varieties of maize for high yield and disease resistance in coastal areas?,"Pest/Disease guidance: Inspect plants for symptoms (spots, wilting, yellowing). Use integrated pest management (IPM): crop rotation, resistant varieties, targeted biocontrols, and correct pesticide application. If unsure, collect a sample and consult local extension services. Tip: Apply compost or well-rotted manure annually to improve soil structure.",maize,pest/disease
How can I improve how to reduce fertilizer runoff from wheat fields and protect water quality?,"Irrigation guidance: Water based on crop stage—establishment, vegetative growth, and reproductive stages need careful scheduling. Avoid waterlogging; use mulch to conserve moisture and consider drip irrigation for efficiency. Tip: Rotate crops to reduce pest and disease pressure.",wheat,irrigation
How can I improve how can I use compost and organic amendments for wheat production?,"Soil advice: Soil appears neutral (pH 6.5-7.5). Recommended N-P-K levels: N=medium, P=high, K=high. Add organic matter and consider liming if acidic. Perform a soil test for exact fertilizer recommendations; use compost to improve organic matter. Tip: Use certified seed and treat seeds where appropriate to reduce seed-borne diseases.",wheat,soil
What are the best seed varieties of cotton for high yield and disease resistance in high-altitude areas?,"Pest/Disease guidance: Inspect plants for symptoms (spots, wilting, yellowing). Use integrated pest management (IPM): crop rotation, resistant varieties, targeted biocontrols, and correct pesticide application. If unsure, collect a sample and consult local extension services. Tip: Use certified seed and treat seeds where appropriate to reduce seed-borne diseases.",cotton,pest/disease
How can I improve how do I determine the optimal planting time for wheat in arid zones?,"For Wheat: Follow certified seed, appropriate plant spacing, monitor for pests, and conduct soil tests. Apply balanced fertilizer based on soil test results and follow recommended irrigation schedules for the crop. Tip: Test soil every 2-3 years and follow recommended fertilizer programs.",wheat,general
How can I improve how do I determine the optimal planting time for corn in my region?,"For Corn: Follow certified seed, appropriate plant spacing, monitor for pests, and conduct soil tests. Apply balanced fertilizer based on soil test results and follow recommended irrigation schedules for the crop. Tip: Use certified seed and treat seeds where appropriate to reduce seed-borne diseases.",corn,general
How can I improve what are common post-harvest pests affecting rice and how to prevent them?,"Pest/Disease guidance: Inspect plants for symptoms (spots, wilting, yellowing). Use integrated pest management (IPM): crop rotation, resistant varieties, targeted biocontrols, and correct pesticide application. If unsure, collect a sample and consult local extension services. Tip: Monitor fields weekly during critical growth stages for early pest detection.",rice,pest/disease
How can I improve how do I determine the optimal planting time for wheat in coastal areas?,"For Wheat: Follow certified seed, appropriate plant spacing, monitor for pests, and conduct soil tests. Apply balanced fertilizer based on soil test results and follow recommended irrigation schedules for the crop. Tip: Monitor fields weekly during critical growth stages for early pest detection.",wheat,general
How can I improve how to manage salinity or alkalinity issues when growing corn?,"For Corn: Follow certified seed, appropriate plant spacing, monitor for pests, and conduct soil tests. Apply balanced fertilizer based on soil test results and follow recommended irrigation schedules for the crop. Tip: Monitor fields weekly during critical growth stages for early pest detection.",corn,general
What are the best seed varieties of sorghum for high yield and disease resistance in arid zones?,"Pest/Disease guidance: Inspect plants for symptoms (spots, wilting, yellowing). Use integrated pest management (IPM): crop rotation, resistant varieties, targeted biocontrols, and correct pesticide application. If unsure, collect a sample and consult local extension services. Tip: Test soil every 2-3 years and follow recommended fertilizer programs.",sorghum,pest/disease
How do I determine the optimal planting time for sugarcane in arid zones?,"For Sugarcane: Follow certified seed, appropriate plant spacing, monitor for pests, and conduct soil tests. Apply balanced fertilizer based on soil test results and follow recommended irrigation schedules for the crop. Tip: Rotate crops to reduce pest and disease pressure.",sugarcane,general
How can I improve what are water-saving irrigation techniques suitable for pea?,"Irrigation guidance: Water based on crop stage—establishment, vegetative growth, and reproductive stages need careful scheduling. Avoid waterlogging; use mulch to conserve moisture and consider drip irrigation for efficiency. Tip: Monitor fields weekly during critical growth stages for early pest detection.",pea,irrigation
How can I improve what are effective organic practices for growing sugarcane?,"Soil advice: Soil appears acidic (pH 5.5-6.5). Recommended N-P-K levels: N=high, P=medium, K=low. Add organic matter and consider liming if acidic. Perform a soil test for exact fertilizer recommendations; use compost to improve organic matter. Tip: Apply compost or well-rotted manure annually to improve soil structure.",sugarcane,soil
How can I improve how can I monitor millet health using drones or remote sensing?,"For Millet: Follow certified seed, appropriate plant spacing, monitor for pests, and conduct soil tests. Apply balanced fertilizer based on soil test results and follow recommended irrigation schedules for the crop. Tip: Use certified seed and treat seeds where appropriate to reduce seed-borne diseases.",millet,general
How can I improve how do I manage weeds in barley fields effectively?,"Pest/Disease guidance: Inspect plants for symptoms (spots, wilting, yellowing). Use integrated pest management (IPM): crop rotation, resistant varieties, targeted biocontrols, and correct pesticide application. If unsure, collect a sample and consult local extension services. Tip: Rotate crops to reduce pest and disease pressure.",barley,pest/disease
How can I improve how do I diagnose fungal diseases in cotton and treat them?,"Pest/Disease guidance: Inspect plants for symptoms (spots, wilting, yellowing). Use integrated pest management (IPM): crop rotation, resistant varieties, targeted biocontrols, and correct pesticide application. If unsure, collect a sample and consult local extension services. Tip: Monitor fields weekly during critical growth stages for early pest detection.",cotton,pest/disease
How can I improve how to manage salinity or alkalinity issues when growing grape?,"For Grape: Follow certified seed, appropriate plant spacing, monitor for pests, and conduct soil tests. Apply balanced fertilizer based on soil test results and follow recommended irrigation schedules for the crop. Tip: Monitor fields weekly during critical growth stages for early pest detection.",grape,general
How can I improve what are water-saving irrigation techniques suitable for sugarcane?,"Irrigation guidance: Water based on crop stage—establishment, vegetative growth, and reproductive stages need careful scheduling. Avoid waterlogging; use mulch to conserve moisture and consider drip irrigation for efficiency. Tip: Apply compost or well-rotted manure annually to improve soil structure.",sugarcane,irrigation
How can I improve how do I determine the optimal planting time for garlic in arid zones?,"For Garlic: Follow certified seed, appropriate plant spacing, monitor for pests, and conduct soil tests. Apply balanced fertilizer based on soil test results and follow recommended irrigation schedules for the crop. Tip: Apply compost or well-rotted manure annually to improve soil structure.",garlic,general
How can I improve what are effective organic practices for growing wheat?,"Soil advice: Soil appears neutral (pH 6.5-7.5). Recommended N-P-K levels: N=low, P=high, K=high. Add organic matter and consider liming if acidic. Perform a soil test for exact fertilizer recommendations; use compost to improve organic matter. Tip: Apply compost or well-rotted manure annually to improve soil structure.",wheat,soil
How can I improve what are the best seed varieties of pea for high yield and disease resistance in arid zones?,"Pest/Disease guidance: Inspect plants for symptoms (spots, wilting, yellowing). Use integrated pest management (IPM): crop rotation, resistant varieties, targeted biocontrols, and correct pesticide application. If unsure, collect a sample and consult local extension services. Tip: Rotate crops to reduce pest and disease pressure.",pea,pest/disease
How do I determine the optimal planting time for lentil in my region?,"For Lentil: Follow certified seed, appropriate plant spacing, monitor for pests, and conduct soil tests. Apply balanced fertilizer based on soil test results and follow recommended irrigation schedules for the crop. Tip: Rotate crops to reduce pest and disease pressure.",lentil,general
How can I improve what are the profitable value-added products from tomato processing?,"For Tomato: Follow certified seed, appropriate plant spacing, monitor for pests, and conduct soil tests. Apply balanced fertilizer based on soil test results and follow recommended irrigation schedules for the crop. Tip: Test soil every 2-3 years and follow recommended fertilizer programs.",tomato,general
How can I improve how to build a simple storage facility to store soybean after harvest?,"Post-harvest: Harvest at physiological maturity, dry to safe moisture content, and store in a cool, dry place to avoid pests. Use proper packaging and consider value-added processing to increase shelf life. Tip: Test soil every 2-3 years and follow recommended fertilizer programs.",soybean,post-harvest
How can I improve what integrated pest management (IPM) strategies work well for maize?,"Pest/Disease guidance: Inspect plants for symptoms (spots, wilting, yellowing). Use integrated pest management (IPM): crop rotation, resistant varieties, targeted biocontrols, and correct pesticide application. If unsure, collect a sample and consult local extension services. Tip: Use certified seed and treat seeds where appropriate to reduce seed-borne diseases.",maize,pest/disease
How do I determine the optimal planting time for sugarcane in coastal areas?,"For Sugarcane: Follow certified seed, appropriate plant spacing, monitor for pests, and conduct soil tests. Apply balanced fertilizer based on soil test results and follow recommended irrigation schedules for the crop. Tip: Use certified seed and treat seeds where appropriate to reduce seed-borne diseases.",sugarcane,general
How can I improve how do I manage weeds in sorghum fields effectively?,"Pest/Disease guidance: Inspect plants for symptoms (spots, wilting, yellowing). Use integrated pest management (IPM): crop rotation, resistant varieties, targeted biocontrols, and correct pesticide application. If unsure, collect a sample and consult local extension services. Tip: Use certified seed and treat seeds where appropriate to reduce seed-borne diseases.",sorghum,pest/disease
How can I improve how do I determine the optimal planting time for tea in temperate regions?,"For Tea: Follow certified seed, appropriate plant spacing, monitor for pests, and conduct soil tests. Apply balanced fertilizer based on soil test results and follow recommended irrigation schedules for the crop. Tip: Rotate crops to reduce pest and disease pressure.",tea,general
How can I improve what are common post-harvest pests affecting tomato and how to prevent them?,"Pest/Disease guidance: Inspect plants for symptoms (spots, wilting, yellowing). Use integrated pest management (IPM): crop rotation, resistant varieties, targeted biocontrols, and correct pesticide application. If unsure, collect a sample and consult local extension services. Tip: Use certified seed and treat seeds where appropriate to reduce seed-borne diseases.",tomato,pest/disease
How can I improve how do I identify nematode damage in wheat and manage it?,"For Wheat: Follow certified seed, appropriate plant spacing, monitor for pests, and conduct soil tests. Apply balanced fertilizer based on soil test results and follow recommended irrigation schedules for the crop. Tip: Rotate crops to reduce pest and disease pressure.",wheat,general
How can I improve how to build a simple storage facility to store pulse after harvest?,"Post-harvest: Harvest at physiological maturity, dry to safe moisture content, and store in a cool, dry place to avoid pests. Use proper packaging and consider value-added processing to increase shelf life. Tip: Rotate crops to reduce pest and disease pressure.",pulse,post-harvest
How can I improve how should I irrigate maize to maximize water efficiency?,"Irrigation guidance: Water based on crop stage—establishment, vegetative growth, and reproductive stages need careful scheduling. Avoid waterlogging; use mulch to conserve moisture and consider drip irrigation for efficiency. Tip: Use certified seed and treat seeds where appropriate to reduce seed-borne diseases.",maize,irrigation
What are the best seed varieties of rice for high yield and disease resistance in my region?,"Pest/Disease guidance: Inspect plants for symptoms (spots, wilting, yellowing). Use integrated pest management (IPM): crop rotation, resistant varieties, targeted biocontrols, and correct pesticide application. If unsure, collect a sample and consult local extension services. Tip: Apply compost or well-rotted manure annually to improve soil structure.",rice,pest/disease
How can I improve how can I monitor pulse health using drones or remote sensing?,"For Pulse: Follow certified seed, appropriate plant spacing, monitor for pests, and conduct soil tests. Apply balanced fertilizer based on soil test results and follow recommended irrigation schedules for the crop. Tip: Test soil every 2-3 years and follow recommended fertilizer programs.",pulse,general
How can I improve what mechanization options are suitable for barley on medium farms?,"For Barley: Follow certified seed, appropriate plant spacing, monitor for pests, and conduct soil tests. Apply balanced fertilizer based on soil test results and follow recommended irrigation schedules for the crop. Tip: Use certified seed and treat seeds where appropriate to reduce seed-borne diseases.",barley,general
How can I improve what cover crops complement garlic in rotation to improve soil health?,"Soil advice: Soil appears alkaline (pH 7.5+). Recommended N-P-K levels: N=high, P=low, K=medium. Add organic matter and consider liming if acidic. Perform a soil test for exact fertilizer recommendations; use compost to improve organic matter. Tip: Rotate crops to reduce pest and disease pressure.",garlic,soil
How can I improve how can I increase sorghum yield on smallholder farms?,"Post-harvest: Harvest at physiological maturity, dry to safe moisture content, and store in a cool, dry place to avoid pests. Use proper packaging and consider value-added processing to increase shelf life. Tip: Apply compost or well-rotted manure annually to improve soil structure.",sorghum,post-harvest
How can I improve what are post-harvest storage best practices for pea?,"Post-harvest: Harvest at physiological maturity, dry to safe moisture content, and store in a cool, dry place to avoid pests. Use proper packaging and consider value-added processing to increase shelf life. Tip: Monitor fields weekly during critical growth stages for early pest detection.",pea,post-harvest
How can I improve what are water-saving irrigation techniques suitable for lentil?,"Irrigation guidance: Water based on crop stage—establishment, vegetative growth, and reproductive stages need careful scheduling. Avoid waterlogging; use mulch to conserve moisture and consider drip irrigation for efficiency. Tip: Test soil every 2-3 years and follow recommended fertilizer programs.",lentil,irrigation
What are the best seed varieties of wheat for high yield and disease resistance in temperate regions?,"Pest/Disease guidance: Inspect plants for symptoms (spots, wilting, yellowing). Use integrated pest management (IPM): crop rotation, resistant varieties, targeted biocontrols, and correct pesticide application. If unsure, collect a sample and consult local extension services. Tip: Use certified seed and treat seeds where appropriate to reduce seed-borne diseases.",wheat,pest/disease
How do I determine the optimal planting time for pea in arid zones?,"For Pea: Follow certified seed, appropriate plant spacing, monitor for pests, and conduct soil tests. Apply balanced fertilizer based on soil test results and follow recommended irrigation schedules for the crop. Tip: Apply compost or well-rotted manure annually to improve soil structure.",pea,general
How can I improve what cover crops complement wheat in rotation to improve soil health?,"Soil advice: Soil appears neutral (pH 6.5-7.5). Recommended N-P-K levels: N=medium, P=medium, K=low. Add organic matter and consider liming if acidic. Perform a soil test for exact fertilizer recommendations; use compost to improve organic matter. Tip: Rotate crops to reduce pest and disease pressure.",wheat,soil
How can I improve how to manage post-harvest quality and grading for apple?,"Post-harvest: Harvest at physiological maturity, dry to safe moisture content, and store in a cool, dry place to avoid pests. Use proper packaging and consider value-added processing to increase shelf life. Tip: Monitor fields weekly during critical growth stages for early pest detection.",apple,post-harvest
How can I improve how to control bacterial diseases in grape crops?,"Pest/Disease guidance: Inspect plants for symptoms (spots, wilting, yellowing). Use integrated pest management (IPM): crop rotation, resistant varieties, targeted biocontrols, and correct pesticide application. If unsure, collect a sample and consult local extension services. Tip: Use certified seed and treat seeds where appropriate to reduce seed-borne diseases.",grape,pest/disease
How can I improve what mechanization options are suitable for wheat on medium farms?,"For Wheat: Follow certified seed, appropriate plant spacing, monitor for pests, and conduct soil tests. Apply balanced fertilizer based on soil test results and follow recommended irrigation schedules for the crop. Tip: Use certified seed and treat seeds where appropriate to reduce seed-borne diseases.",wheat,general
How do I determine the optimal planting time for grape in temperate regions?,"For Grape: Follow certified seed, appropriate plant spacing, monitor for pests, and conduct soil tests. Apply balanced fertilizer based on soil test results and follow recommended irrigation schedules for the crop. Tip: Apply compost or well-rotted manure annually to improve soil structure.",grape,general
How can I improve what fertilizer program should I follow for a healthy corn crop?,"For Corn: Follow certified seed, appropriate plant spacing, monitor for pests, and conduct soil tests. Apply balanced fertilizer based on soil test results and follow recommended irrigation schedules for the crop. Tip: Apply compost or well-rotted manure annually to improve soil structure.",corn,general
How can I improve what are effective organic practices for growing tomato?,"Soil advice: Soil appears neutral (pH 6.5-7.5). Recommended N-P-K levels: N=medium, P=high, K=high. Add organic matter and consider liming if acidic. Perform a soil test for exact fertilizer recommendations; use compost to improve organic matter. Tip: Monitor fields weekly during critical growth stages for early pest detection.",tomato,soil
How do I determine the optimal planting time for sorghum in tropical areas?,"For Sorghum: Follow certified seed, appropriate plant spacing, monitor for pests, and conduct soil tests. Apply balanced fertilizer based on soil test results and follow recommended irrigation schedules for the crop. Tip: Rotate crops to reduce pest and disease pressure.",sorghum,general
How can I improve how to establish a nursery for soybean seedlings?,"For Soybean: Follow certified seed, appropriate plant spacing, monitor for pests, and conduct soil tests. Apply balanced fertilizer based on soil test results and follow recommended irrigation schedules for the crop. Tip: Rotate crops to reduce pest and disease pressure.",soybean,general
How can I improve what are the symptoms of nutrient deficiency in pulse and how to address them?,"For Pulse: Follow certified seed, appropriate plant spacing, monitor for pests, and conduct soil tests. Apply balanced fertilizer based on soil test results and follow recommended irrigation schedules for the crop. Tip: Use certified seed and treat seeds where appropriate to reduce seed-borne diseases.",pulse,general
How can I improve how do I determine the optimal planting time for potato in coastal areas?,"For Potato: Follow certified seed, appropriate plant spacing, monitor for pests, and conduct soil tests. Apply balanced fertilizer based on soil test results and follow recommended irrigation schedules for the crop. Tip: Use certified seed and treat seeds where appropriate to reduce seed-borne diseases.",potato,general
How can I improve how to control bacterial diseases in tea crops?,"Pest/Disease guidance: Inspect plants for symptoms (spots, wilting, yellowing). Use integrated pest management (IPM): crop rotation, resistant varieties, targeted biocontrols, and correct pesticide application. If unsure, collect a sample and consult local extension services. Tip: Use certified seed and treat seeds where appropriate to reduce seed-borne diseases.",tea,pest/disease
How can I improve how can I improve seed germination rates for garlic?,"For Garlic: Follow certified seed, appropriate plant spacing, monitor for pests, and conduct soil tests. Apply balanced fertilizer based on soil test results and follow recommended irrigation schedules for the crop. Tip: Test soil every 2-3 years and follow recommended fertilizer programs.",garlic,general
How can I improve how to control bacterial diseases in potato crops?,"Pest/Disease guidance: Inspect plants for symptoms (spots, wilting, yellowing). Use integrated pest management (IPM): crop rotation, resistant varieties, targeted biocontrols, and correct pesticide application. If unsure, collect a sample and consult local extension services. Tip: Monitor fields weekly during critical growth stages for early pest detection.",potato,pest/disease
How can I improve how do I determine the optimal planting time for wheat in my region?,"For Wheat: Follow certified seed, appropriate plant spacing, monitor for pests, and conduct soil tests. Apply balanced fertilizer based on soil test results and follow recommended irrigation schedules for the crop. Tip: Rotate crops to reduce pest and disease pressure.",wheat,general
How can I improve what are recommended planting depths and sowing rates for soybean?,"For Soybean: Follow certified seed, appropriate plant spacing, monitor for pests, and conduct soil tests. Apply balanced fertilizer based on soil test results and follow recommended irrigation schedules for the crop. Tip: Use certified seed and treat seeds where appropriate to reduce seed-borne diseases.",soybean,general
How can I improve what are the profitable value-added products from wheat processing?,"For Wheat: Follow certified seed, appropriate plant spacing, monitor for pests, and conduct soil tests. Apply balanced fertilizer based on soil test results and follow recommended irrigation schedules for the crop. Tip: Rotate crops to reduce pest and disease pressure.",wheat,general
How can I improve how to perform a quick on-field soil test for garlic planting?,"Soil advice: Soil appears neutral (pH 6.5-7.5). Recommended N-P-K levels: N=high, P=medium, K=high. Add organic matter and consider liming if acidic. Perform a soil test for exact fertilizer recommendations; use compost to improve organic matter. Tip: Use certified seed and treat seeds where appropriate to reduce seed-borne diseases.",garlic,soil
How can I improve what are the symptoms of nutrient deficiency in tomato and how to address them?,"For Tomato: Follow certified seed, appropriate plant spacing, monitor for pests, and conduct soil tests. Apply balanced fertilizer based on soil test results and follow recommended irrigation schedules for the crop. Tip: Monitor fields weekly during critical growth stages for early pest detection.",tomato,general
How can I improve what are the best seed varieties of wheat for high yield and disease resistance in temperate regions?,"Pest/Disease guidance: Inspect plants for symptoms (spots, wilting, yellowing). Use integrated pest management (IPM): crop rotation, resistant varieties, targeted biocontrols, and correct pesticide application. If unsure, collect a sample and consult local extension services. Tip: Rotate crops to reduce pest and disease pressure.",wheat,pest/disease
How can I improve how do I select disease-resistant tea varieties for my area?,"Pest/Disease guidance: Inspect plants for symptoms (spots, wilting, yellowing). Use integrated pest management (IPM): crop rotation, resistant varieties, targeted biocontrols, and correct pesticide application. If unsure, collect a sample and consult local extension services. Tip: Test soil every 2-3 years and follow recommended fertilizer programs.",tea,pest/disease
How can I improve what are recommended spacing and plant density for barley?,"For Barley: Follow certified seed, appropriate plant spacing, monitor for pests, and conduct soil tests. Apply balanced fertilizer based on soil test results and follow recommended irrigation schedules for the crop. Tip: Rotate crops to reduce pest and disease pressure.",barley,general
How can I improve how do I determine the optimal planting time for soybean in arid zones?,"For Soybean: Follow certified seed, appropriate plant spacing, monitor for pests, and conduct soil tests. Apply balanced fertilizer based on soil test results and follow recommended irrigation schedules for the crop. Tip: Monitor fields weekly during critical growth stages for early pest detection.",soybean,general
How do I determine the optimal planting time for pulse in temperate regions?,"For Pulse: Follow certified seed, appropriate plant spacing, monitor for pests, and conduct soil tests. Apply balanced fertilizer based on soil test results and follow recommended irrigation schedules for the crop. Tip: Use certified seed and treat seeds where appropriate to reduce seed-borne diseases.",pulse,general
How do I determine the optimal planting time for rice in temperate regions?,"For Rice: Follow certified seed, appropriate plant spacing, monitor for pests, and conduct soil tests. Apply balanced fertilizer based on soil test results and follow recommended irrigation schedules for the crop. Tip: Test soil every 2-3 years and follow recommended fertilizer programs.",rice,general
How do I determine the optimal planting time for potato in coastal areas?,"For Potato: Follow certified seed, appropriate plant spacing, monitor for pests, and conduct soil tests. Apply balanced fertilizer based on soil test results and follow recommended irrigation schedules for the crop. Tip: Apply compost or well-rotted manure annually to improve soil structure.",potato,general
How can I improve how can I monitor wheat health using drones or remote sensing?,"For Wheat: Follow certified seed, appropriate plant spacing, monitor for pests, and conduct soil tests. Apply balanced fertilizer based on soil test results and follow recommended irrigation schedules for the crop. Tip: Rotate crops to reduce pest and disease pressure.",wheat,general
What are the best seed varieties of corn for high yield and disease resistance in temperate regions?,"Pest/Disease guidance: Inspect plants for symptoms (spots, wilting, yellowing). Use integrated pest management (IPM): crop rotation, resistant varieties, targeted biocontrols, and correct pesticide application. If unsure, collect a sample and consult local extension services. Tip: Test soil every 2-3 years and follow recommended fertilizer programs.",corn,pest/disease
How do I determine the optimal planting time for apple in tropical areas?,"For Apple: Follow certified seed, appropriate plant spacing, monitor for pests, and conduct soil tests. Apply balanced fertilizer based on soil test results and follow recommended irrigation schedules for the crop. Tip: Test soil every 2-3 years and follow recommended fertilizer programs.",apple,general
How can I improve how do I determine the optimal planting time for sorghum in arid zones?,"For Sorghum: Follow certified seed, appropriate plant spacing, monitor for pests, and conduct soil tests. Apply balanced fertilizer based on soil test results and follow recommended irrigation schedules for the crop. Tip: Apply compost or well-rotted manure annually to improve soil structure.",sorghum,general
How can I improve how to build a simple storage facility to store pea after harvest?,"Post-harvest: Harvest at physiological maturity, dry to safe moisture content, and store in a cool, dry place to avoid pests. Use proper packaging and consider value-added processing to increase shelf life. Tip: Test soil every 2-3 years and follow recommended fertilizer programs.",pea,post-harvest
How can I improve what mechanization options are suitable for tea on medium farms?,"For Tea: Follow certified seed, appropriate plant spacing, monitor for pests, and conduct soil tests. Apply balanced fertilizer based on soil test results and follow recommended irrigation schedules for the crop. Tip: Rotate crops to reduce pest and disease pressure.",tea,general
How can I improve how to select appropriate fertilizer blends for apple?,"For Apple: Follow certified seed, appropriate plant spacing, monitor for pests, and conduct soil tests. Apply balanced fertilizer based on soil test results and follow recommended irrigation schedules for the crop. Tip: Use certified seed and treat seeds where appropriate to reduce seed-borne diseases.",apple,general
How can I improve how can I monitor corn health using drones or remote sensing?,"For Corn: Follow certified seed, appropriate plant spacing, monitor for pests, and conduct soil tests. Apply balanced fertilizer based on soil test results and follow recommended irrigation schedules for the crop. Tip: Apply compost or well-rotted manure annually to improve soil structure.",corn,general
How do I determine the optimal planting time for onion in coastal areas?,"For Onion: Follow certified seed, appropriate plant spacing, monitor for pests, and conduct soil tests. Apply balanced fertilizer based on soil test results and follow recommended irrigation schedules for the crop. Tip: Monitor fields weekly during critical growth stages for early pest detection.",onion,general
How can I improve how do I determine the optimal planting time for wheat in tropical areas?,"For Wheat: Follow certified seed, appropriate plant spacing, monitor for pests, and conduct soil tests. Apply balanced fertilizer based on soil test results and follow recommended irrigation schedules for the crop. Tip: Rotate crops to reduce pest and disease pressure.",wheat,general
How do I determine the optimal planting time for corn in my region?,"For Corn: Follow certified seed, appropriate plant spacing, monitor for pests, and conduct soil tests. Apply balanced fertilizer based on soil test results and follow recommended irrigation schedules for the crop. Tip: Rotate crops to reduce pest and disease pressure.",corn,general
How can I improve how to control bacterial diseases in millet crops?,"Pest/Disease guidance: Inspect plants for symptoms (spots, wilting, yellowing). Use integrated pest management (IPM): crop rotation, resistant varieties, targeted biocontrols, and correct pesticide application. If unsure, collect a sample and consult local extension services. Tip: Use certified seed and treat seeds where appropriate to reduce seed-borne diseases.",millet,pest/disease
What are the best seed varieties of banana for high yield and disease resistance in temperate regions?,"Pest/Disease guidance: Inspect plants for symptoms (spots, wilting, yellowing). Use integrated pest management (IPM): crop rotation, resistant varieties, targeted biocontrols, and correct pesticide application. If unsure, collect a sample and consult local extension services. Tip: Apply compost or well-rotted manure annually to improve soil structure.",banana,pest/disease
How can I improve how to establish a nursery for pea seedlings?,"For Pea: Follow certified seed, appropriate plant spacing, monitor for pests, and conduct soil tests. Apply balanced fertilizer based on soil test results and follow recommended irrigation schedules for the crop. Tip: Monitor fields weekly during critical growth stages for early pest detection.",pea,general
How can I improve how can I increase potato yield on smallholder farms?,"Post-harvest: Harvest at physiological maturity, dry to safe moisture content, and store in a cool, dry place to avoid pests. Use proper packaging and consider value-added processing to increase shelf life. Tip: Test soil every 2-3 years and follow recommended fertilizer programs.",potato,post-harvest
What are the best seed varieties of onion for high yield and disease resistance in my region?,"Pest/Disease guidance: Inspect plants for symptoms (spots, wilting, yellowing). Use integrated pest management (IPM): crop rotation, resistant varieties, targeted biocontrols, and correct pesticide application. If unsure, collect a sample and consult local extension services. Tip: Rotate crops to reduce pest and disease pressure.",onion,pest/disease
How do I determine the optimal planting time for rice in tropical areas?,"For Rice: Follow certified seed, appropriate plant spacing, monitor for pests, and conduct soil tests. Apply balanced fertilizer based on soil test results and follow recommended irrigation schedules for the crop. Tip: Rotate crops to reduce pest and disease pressure.",rice,general
How can I improve what are the common pests of garlic and how to control them?,"Pest/Disease guidance: Inspect plants for symptoms (spots, wilting, yellowing). Use integrated pest management (IPM): crop rotation, resistant varieties, targeted biocontrols, and correct pesticide application. If unsure, collect a sample and consult local extension services. Tip: Test soil every 2-3 years and follow recommended fertilizer programs.",garlic,pest/disease
How can I improve how to build a simple storage facility to store sorghum after harvest?,"Post-harvest: Harvest at physiological maturity, dry to safe moisture content, and store in a cool, dry place to avoid pests. Use proper packaging and consider value-added processing to increase shelf life. Tip: Test soil every 2-3 years and follow recommended fertilizer programs.",sorghum,post-harvest
How do I determine the optimal planting time for onion in temperate regions?,"For Onion: Follow certified seed, appropriate plant spacing, monitor for pests, and conduct soil tests. Apply balanced fertilizer based on soil test results and follow recommended irrigation schedules for the crop. Tip: Monitor fields weekly during critical growth stages for early pest detection.",onion,general
How do I determine the optimal planting time for tomato in arid zones?,"For Tomato: Follow certified seed, appropriate plant spacing, monitor for pests, and conduct soil tests. Apply balanced fertilizer based on soil test results and follow recommended irrigation schedules for the crop. Tip: Rotate crops to reduce pest and disease pressure.",tomato,general
How can I improve what are the best seed varieties of garlic for high yield and disease resistance in tropical areas?,"Pest/Disease guidance: Inspect plants for symptoms (spots, wilting, yellowing). Use integrated pest management (IPM): crop rotation, resistant varieties, targeted biocontrols, and correct pesticide application. If unsure, collect a sample and consult local extension services. Tip: Rotate crops to reduce pest and disease pressure.",garlic,pest/disease
How can I improve how do I determine the optimal planting time for rice in high-altitude areas?,"For Rice: Follow certified seed, appropriate plant spacing, monitor for pests, and conduct soil tests. Apply balanced fertilizer based on soil test results and follow recommended irrigation schedules for the crop. Tip: Monitor fields weekly during critical growth stages for early pest detection.",rice,general
How can I improve what are common post-harvest pests affecting pea and how to prevent them?,"Pest/Disease guidance: Inspect plants for symptoms (spots, wilting, yellowing). Use integrated pest management (IPM): crop rotation, resistant varieties, targeted biocontrols, and correct pesticide application. If unsure, collect a sample and consult local extension services. Tip: Test soil every 2-3 years and follow recommended fertilizer programs.",pea,pest/disease
How can I improve what are the common pests of tomato and how to control them?,"Pest/Disease guidance: Inspect plants for symptoms (spots, wilting, yellowing). Use integrated pest management (IPM): crop rotation, resistant varieties, targeted biocontrols, and correct pesticide application. If unsure, collect a sample and consult local extension services. Tip: Test soil every 2-3 years and follow recommended fertilizer programs.",tomato,pest/disease
How can I improve how can I improve seed germination rates for maize?,"For Maize: Follow certified seed, appropriate plant spacing, monitor for pests, and conduct soil tests. Apply balanced fertilizer based on soil test results and follow recommended irrigation schedules for the crop. Tip: Rotate crops to reduce pest and disease pressure.",maize,general
How can I improve how do I select disease-resistant cotton varieties for my area?,"Pest/Disease guidance: Inspect plants for symptoms (spots, wilting, yellowing). Use integrated pest management (IPM): crop rotation, resistant varieties, targeted biocontrols, and correct pesticide application. If unsure, collect a sample and consult local extension services. Tip: Apply compost or well-rotted manure annually to improve soil structure.",cotton,pest/disease
How can I improve how do I select disease-resistant potato varieties for my area?,"Pest/Disease guidance: Inspect plants for symptoms (spots, wilting, yellowing). Use integrated pest management (IPM): crop rotation, resistant varieties, targeted biocontrols, and correct pesticide application. If unsure, collect a sample and consult local extension services. Tip: Apply compost or well-rotted manure annually to improve soil structure.",potato,pest/disease
How can I improve what are effective organic practices for growing barley?,"Soil advice: Soil appears acidic (pH 5.5-6.5). Recommended N-P-K levels: N=high, P=low, K=high. Add organic matter and consider liming if acidic. Perform a soil test for exact fertilizer recommendations; use compost to improve organic matter. Tip: Apply compost or well-rotted manure annually to improve soil structure.",barley,soil
How can I improve how do I manage irrigation scheduling for pulse during drought?,"Irrigation guidance: Water based on crop stage—establishment, vegetative growth, and reproductive stages need careful scheduling. Avoid waterlogging; use mulch to conserve moisture and consider drip irrigation for efficiency. Tip: Test soil every 2-3 years and follow recommended fertilizer programs.",pulse,irrigation
How can I improve how to manage post-harvest quality and grading for lentil?,"Post-harvest: Harvest at physiological maturity, dry to safe moisture content, and store in a cool, dry place to avoid pests. Use proper packaging and consider value-added processing to increase shelf life. Tip: Use certified seed and treat seeds where appropriate to reduce seed-borne diseases.",lentil,post-harvest
How can I improve what are recommended spacing and plant density for pea?,"For Pea: Follow certified seed, appropriate plant spacing, monitor for pests, and conduct soil tests. Apply balanced fertilizer based on soil test results and follow recommended irrigation schedules for the crop. Tip: Test soil every 2-3 years and follow recommended fertilizer programs.",pea,general
How can I improve how to select appropriate fertilizer blends for millet?,"For Millet: Follow certified seed, appropriate plant spacing, monitor for pests, and conduct soil tests. Apply balanced fertilizer based on soil test results and follow recommended irrigation schedules for the crop. Tip: Rotate crops to reduce pest and disease pressure.",millet,general
What are the best seed varieties of sugarcane for high yield and disease resistance in temperate regions?,"Pest/Disease guidance: Inspect plants for symptoms (spots, wilting, yellowing). Use integrated pest management (IPM): crop rotation, resistant varieties, targeted biocontrols, and correct pesticide application. If unsure, collect a sample and consult local extension services. Tip: Monitor fields weekly during critical growth stages for early pest detection.",sugarcane,pest/disease
How can I improve how to establish a nursery for onion seedlings?,"For Onion: Follow certified seed, appropriate plant spacing, monitor for pests, and conduct soil tests. Apply balanced fertilizer based on soil test results and follow recommended irrigation schedules for the crop. Tip: Rotate crops to reduce pest and disease pressure.",onion,general
How can I improve what are the profitable value-added products from garlic processing?,"For Garlic: Follow certified seed, appropriate plant spacing, monitor for pests, and conduct soil tests. Apply balanced fertilizer based on soil test results and follow recommended irrigation schedules for the crop. Tip: Monitor fields weekly during critical growth stages for early pest detection.",garlic,general
How can I improve how do I determine the optimal planting time for garlic in my region?,"For Garlic: Follow certified seed, appropriate plant spacing, monitor for pests, and conduct soil tests. Apply balanced fertilizer based on soil test results and follow recommended irrigation schedules for the crop. Tip: Apply compost or well-rotted manure annually to improve soil structure.",garlic,general
How can I improve what are the best seed varieties of sugarcane for high yield and disease resistance in temperate regions?,"Pest/Disease guidance: Inspect plants for symptoms (spots, wilting, yellowing). Use integrated pest management (IPM): crop rotation, resistant varieties, targeted biocontrols, and correct pesticide application. If unsure, collect a sample and consult local extension services. Tip: Use certified seed and treat seeds where appropriate to reduce seed-borne diseases.",sugarcane,pest/disease
How can I improve how can I improve seed germination rates for onion?,"For Onion: Follow certified seed, appropriate plant spacing, monitor for pests, and conduct soil tests. Apply balanced fertilizer based on soil test results and follow recommended irrigation schedules for the crop. Tip: Monitor fields weekly during critical growth stages for early pest detection.",onion,general
How can I improve what mechanization options are suitable for tomato on medium farms?,"For Tomato: Follow certified seed, appropriate plant spacing, monitor for pests, and conduct soil tests. Apply balanced fertilizer based on soil test results and follow recommended irrigation schedules for the crop. Tip: Monitor fields weekly during critical growth stages for early pest detection.",tomato,general
How can I improve what are the best seed varieties of barley for high yield and disease resistance in tropical areas?,"Pest/Disease guidance: Inspect plants for symptoms (spots, wilting, yellowing). Use integrated pest management (IPM): crop rotation, resistant varieties, targeted biocontrols, and correct pesticide application. If unsure, collect a sample and consult local extension services. Tip: Monitor fields weekly during critical growth stages for early pest detection.",barley,pest/disease
How do I determine the optimal planting time for tea in tropical areas?,"For Tea: Follow certified seed, appropriate plant spacing, monitor for pests, and conduct soil tests. Apply balanced fertilizer based on soil test results and follow recommended irrigation schedules for the crop. Tip: Apply compost or well-rotted manure annually to improve soil structure.",tea,general
How can I improve what cover crops complement apple in rotation to improve soil health?,"Soil advice: Soil appears acidic (pH 5.5-6.5). Recommended N-P-K levels: N=high, P=high, K=high. Add organic matter and consider liming if acidic. Perform a soil test for exact fertilizer recommendations; use compost to improve organic matter. Tip: Monitor fields weekly during critical growth stages for early pest detection.",apple,soil
How can I improve how do I determine the optimal planting time for millet in tropical areas?,"For Millet: Follow certified seed, appropriate plant spacing, monitor for pests, and conduct soil tests. Apply balanced fertilizer based on soil test results and follow recommended irrigation schedules for the crop. Tip: Use certified seed and treat seeds where appropriate to reduce seed-borne diseases.",millet,general
How can I improve what cover crops complement sorghum in rotation to improve soil health?,"Soil advice: Soil appears neutral (pH 6.5-7.5). Recommended N-P-K levels: N=high, P=high, K=low. Add organic matter and consider liming if acidic. Perform a soil test for exact fertilizer recommendations; use compost to improve organic matter. Tip: Rotate crops to reduce pest and disease pressure.",sorghum,soil
How can I improve what government schemes support garlic farmers and how to apply?,"For Garlic: Follow certified seed, appropriate plant spacing, monitor for pests, and conduct soil tests. Apply balanced fertilizer based on soil test results and follow recommended irrigation schedules for the crop. Tip: Rotate crops to reduce pest and disease pressure.",garlic,general
How can I improve how should I irrigate cotton to maximize water efficiency?,"Irrigation guidance: Water based on crop stage—establishment, vegetative growth, and reproductive stages need careful scheduling. Avoid waterlogging; use mulch to conserve moisture and consider drip irrigation for efficiency. Tip: Test soil every 2-3 years and follow recommended fertilizer programs.",cotton,irrigation
How can I improve how do I select disease-resistant pulse varieties for my area?,"Pest/Disease guidance: Inspect plants for symptoms (spots, wilting, yellowing). Use integrated pest management (IPM): crop rotation, resistant varieties, targeted biocontrols, and correct pesticide application. If unsure, collect a sample and consult local extension services. Tip: Apply compost or well-rotted manure annually to improve soil structure.",pulse,pest/disease
How can I improve what cover crops complement tea in rotation to improve soil health?,"Soil advice: Soil appears alkaline (pH 7.5+). Recommended N-P-K levels: N=high, P=low, K=high. Add organic matter and consider liming if acidic. Perform a soil test for exact fertilizer recommendations; use compost to improve organic matter. Tip: Test soil every 2-3 years and follow recommended fertilizer programs.",tea,soil
How can I improve how can I monitor maize health using drones or remote sensing?,"For Maize: Follow certified seed, appropriate plant spacing, monitor for pests, and conduct soil tests. Apply balanced fertilizer based on soil test results and follow recommended irrigation schedules for the crop. Tip: Use certified seed and treat seeds where appropriate to reduce seed-borne diseases.",maize,general
How do I determine the optimal planting time for soybean in tropical areas?,"For Soybean: Follow certified seed, appropriate plant spacing, monitor for pests, and conduct soil tests. Apply balanced fertilizer based on soil test results and follow recommended irrigation schedules for the crop. Tip: Use certified seed and treat seeds where appropriate to reduce seed-borne diseases.",soybean,general
How do I determine the optimal planting time for tomato in temperate regions?,"For Tomato: Follow certified seed, appropriate plant spacing, monitor for pests, and conduct soil tests. Apply balanced fertilizer based on soil test results and follow recommended irrigation schedules for the crop. Tip: Rotate crops to reduce pest and disease pressure.",tomato,general
How can I improve what are effective organic practices for growing grape?,"Soil advice: Soil appears acidic (pH 5.5-6.5). Recommended N-P-K levels: N=high, P=high, K=low. Add organic matter and consider liming if acidic. Perform a soil test for exact fertilizer recommendations; use compost to improve organic matter. Tip: Use certified seed and treat seeds where appropriate to reduce seed-borne diseases.",grape,soil
What are the best seed varieties of maize for high yield and disease resistance in high-altitude areas?,"Pest/Disease guidance: Inspect plants for symptoms (spots, wilting, yellowing). Use integrated pest management (IPM): crop rotation, resistant varieties, targeted biocontrols, and correct pesticide application. If unsure, collect a sample and consult local extension services. Tip: Rotate crops to reduce pest and disease pressure.",maize,pest/disease
What are the best seed varieties of tea for high yield and disease resistance in arid zones?,"Pest/Disease guidance: Inspect plants for symptoms (spots, wilting, yellowing). Use integrated pest management (IPM): crop rotation, resistant varieties, targeted biocontrols, and correct pesticide application. If unsure, collect a sample and consult local extension services. Tip: Rotate crops to reduce pest and disease pressure.",tea,pest/disease
How can I improve how to manage post-harvest quality and grading for millet?,"Post-harvest: Harvest at physiological maturity, dry to safe moisture content, and store in a cool, dry place to avoid pests. Use proper packaging and consider value-added processing to increase shelf life. Tip: Rotate crops to reduce pest and disease pressure.",millet,post-harvest
How can I improve what are the best seed varieties of rice for high yield and disease resistance in my region?,"Pest/Disease guidance: Inspect plants for symptoms (spots, wilting, yellowing). Use integrated pest management (IPM): crop rotation, resistant varieties, targeted biocontrols, and correct pesticide application. If unsure, collect a sample and consult local extension services. Tip: Test soil every 2-3 years and follow recommended fertilizer programs.",rice,pest/disease
How can I improve how to build a simple storage facility to store barley after harvest?,"Post-harvest: Harvest at physiological maturity, dry to safe moisture content, and store in a cool, dry place to avoid pests. Use proper packaging and consider value-added processing to increase shelf life. Tip: Rotate crops to reduce pest and disease pressure.",barley,post-harvest
How can I improve what are common post-harvest pests affecting pulse and how to prevent them?,"Pest/Disease guidance: Inspect plants for symptoms (spots, wilting, yellowing). Use integrated pest management (IPM): crop rotation, resistant varieties, targeted biocontrols, and correct pesticide application. If unsure, collect a sample and consult local extension services. Tip: Monitor fields weekly during critical growth stages for early pest detection.",pulse,pest/disease
How can I improve how can I use compost and organic amendments for maize production?,"Soil advice: Soil appears neutral (pH 6.5-7.5). Recommended N-P-K levels: N=medium, P=high, K=high. Add organic matter and consider liming if acidic. Perform a soil test for exact fertilizer recommendations; use compost to improve organic matter. Tip: Monitor fields weekly during critical growth stages for early pest detection.",maize,soil
How can I improve what cover crops complement lentil in rotation to improve soil health?,"Soil advice: Soil appears acidic (pH 5.5-6.5). Recommended N-P-K levels: N=medium, P=medium, K=medium. Add organic matter and consider liming if acidic. Perform a soil test for exact fertilizer recommendations; use compost to improve organic matter. Tip: Monitor fields weekly during critical growth stages for early pest detection.",lentil,soil
How can I improve how can I increase corn yield on smallholder farms?,"Post-harvest: Harvest at physiological maturity, dry to safe moisture content, and store in a cool, dry place to avoid pests. Use proper packaging and consider value-added processing to increase shelf life. Tip: Test soil every 2-3 years and follow recommended fertilizer programs.",corn,post-harvest
How can I improve how do I select disease-resistant maize varieties for my area?,"Pest/Disease guidance: Inspect plants for symptoms (spots, wilting, yellowing). Use integrated pest management (IPM): crop rotation, resistant varieties, targeted biocontrols, and correct pesticide application. If unsure, collect a sample and consult local extension services. Tip: Test soil every 2-3 years and follow recommended fertilizer programs.",maize,pest/disease
What are the best seed varieties of lentil for high yield and disease resistance in my region?,"Pest/Disease guidance: Inspect plants for symptoms (spots, wilting, yellowing). Use integrated pest management (IPM): crop rotation, resistant varieties, targeted biocontrols, and correct pesticide application. If unsure, collect a sample and consult local extension services. Tip: Apply compost or well-rotted manure annually to improve soil structure.",lentil,pest/disease
What are the best seed varieties of apple for high yield and disease resistance in tropical areas?,"Pest/Disease guidance: Inspect plants for symptoms (spots, wilting, yellowing). Use integrated pest management (IPM): crop rotation, resistant varieties, targeted biocontrols, and correct pesticide application. If unsure, collect a sample and consult local extension services. Tip: Test soil every 2-3 years and follow recommended fertilizer programs.",apple,pest/disease
How can I improve what government schemes support barley farmers and how to apply?,"For Barley: Follow certified seed, appropriate plant spacing, monitor for pests, and conduct soil tests. Apply balanced fertilizer based on soil test results and follow recommended irrigation schedules for the crop. Tip: Apply compost or well-rotted manure annually to improve soil structure.",barley,general
How can I improve what are the best seed varieties of millet for high yield and disease resistance in coastal areas?,"Pest/Disease guidance: Inspect plants for symptoms (spots, wilting, yellowing). Use integrated pest management (IPM): crop rotation, resistant varieties, targeted biocontrols, and correct pesticide application. If unsure, collect a sample and consult local extension services. Tip: Apply compost or well-rotted manure annually to improve soil structure.",millet,pest/disease
How do I determine the optimal planting time for garlic in high-altitude areas?,"For Garlic: Follow certified seed, appropriate plant spacing, monitor for pests, and conduct soil tests. Apply balanced fertilizer based on soil test results and follow recommended irrigation schedules for the crop. Tip: Use certified seed and treat seeds where appropriate to reduce seed-borne diseases.",garlic,general
How can I improve what are the best seed varieties of grape for high yield and disease resistance in coastal areas?,"Pest/Disease guidance: Inspect plants for symptoms (spots, wilting, yellowing). Use integrated pest management (IPM): crop rotation, resistant varieties, targeted biocontrols, and correct pesticide application. If unsure, collect a sample and consult local extension services. Tip: Monitor fields weekly during critical growth stages for early pest detection.",grape,pest/disease
What are the best seed varieties of rice for high yield and disease resistance in tropical areas?,"Pest/Disease guidance: Inspect plants for symptoms (spots, wilting, yellowing). Use integrated pest management (IPM): crop rotation, resistant varieties, targeted biocontrols, and correct pesticide application. If unsure, collect a sample and consult local extension services. Tip: Apply compost or well-rotted manure annually to improve soil structure.",rice,pest/disease
How can I improve how do I determine the optimal planting time for apple in my region?,"For Apple: Follow certified seed, appropriate plant spacing, monitor for pests, and conduct soil tests. Apply balanced fertilizer based on soil test results and follow recommended irrigation schedules for the crop. Tip: Monitor fields weekly during critical growth stages for early pest detection.",apple,general
How can I improve how do I manage irrigation scheduling for tomato during drought?,"Irrigation guidance: Water based on crop stage—establishment, vegetative growth, and reproductive stages need careful scheduling. Avoid waterlogging; use mulch to conserve moisture and consider drip irrigation for efficiency. Tip: Test soil every 2-3 years and follow recommended fertilizer programs.",tomato,irrigation
How can I improve what are the symptoms of nutrient deficiency in grape and how to address them?,"For Grape: Follow certified seed, appropriate plant spacing, monitor for pests, and conduct soil tests. Apply balanced fertilizer based on soil test results and follow recommended irrigation schedules for the crop. Tip: Use certified seed and treat seeds where appropriate to reduce seed-borne diseases.",grape,general
What are the best seed varieties of pulse for high yield and disease resistance in my region?,"Pest/Disease guidance: Inspect plants for symptoms (spots, wilting, yellowing). Use integrated pest management (IPM): crop rotation, resistant varieties, targeted biocontrols, and correct pesticide application. If unsure, collect a sample and consult local extension services. Tip: Use certified seed and treat seeds where appropriate to reduce seed-borne diseases.",pulse,pest/disease
How can I improve how do I manage weeds in cotton fields effectively?,"Pest/Disease guidance: Inspect plants for symptoms (spots, wilting, yellowing). Use integrated pest management (IPM): crop rotation, resistant varieties, targeted biocontrols, and correct pesticide application. If unsure, collect a sample and consult local extension services. Tip: Test soil every 2-3 years and follow recommended fertilizer programs.",cotton,pest/disease
How can I improve what are post-harvest storage best practices for sugarcane?,"Post-harvest: Harvest at physiological maturity, dry to safe moisture content, and store in a cool, dry place to avoid pests. Use proper packaging and consider value-added processing to increase shelf life. Tip: Test soil every 2-3 years and follow recommended fertilizer programs.",sugarcane,post-harvest
How can I improve how do I select disease-resistant onion varieties for my area?,"Pest/Disease guidance: Inspect plants for symptoms (spots, wilting, yellowing). Use integrated pest management (IPM): crop rotation, resistant varieties, targeted biocontrols, and correct pesticide application. If unsure, collect a sample and consult local extension services. Tip: Test soil every 2-3 years and follow recommended fertilizer programs.",onion,pest/disease
What are the best seed varieties of grape for high yield and disease resistance in high-altitude areas?,"Pest/Disease guidance: Inspect plants for symptoms (spots, wilting, yellowing). Use integrated pest management (IPM): crop rotation, resistant varieties, targeted biocontrols, and correct pesticide application. If unsure, collect a sample and consult local extension services. Tip: Rotate crops to reduce pest and disease pressure.",grape,pest/disease
What are the best seed varieties of maize for high yield and disease resistance in temperate regions?,"Pest/Disease guidance: Inspect plants for symptoms (spots, wilting, yellowing). Use integrated pest management (IPM): crop rotation, resistant varieties, targeted biocontrols, and correct pesticide application. If unsure, collect a sample and consult local extension services. Tip: Rotate crops to reduce pest and disease pressure.",maize,pest/disease
How can I improve which soil types are most suitable for cultivating corn?,"Soil advice: Soil appears neutral (pH 6.5-7.5). Recommended N-P-K levels: N=low, P=medium, K=medium. Add organic matter and consider liming if acidic. Perform a soil test for exact fertilizer recommendations; use compost to improve organic matter. Tip: Monitor fields weekly during critical growth stages for early pest detection.",corn,soil
How can I improve what are water-saving irrigation techniques suitable for wheat?,"Irrigation guidance: Water based on crop stage—establishment, vegetative growth, and reproductive stages need careful scheduling. Avoid waterlogging; use mulch to conserve moisture and consider drip irrigation for efficiency. Tip: Test soil every 2-3 years and follow recommended fertilizer programs.",wheat,irrigation
How can I improve what government schemes support tomato farmers and how to apply?,"For Tomato: Follow certified seed, appropriate plant spacing, monitor for pests, and conduct soil tests. Apply balanced fertilizer based on soil test results and follow recommended irrigation schedules for the crop. Tip: Use certified seed and treat seeds where appropriate to reduce seed-borne diseases.",tomato,general
How can I improve what are common post-harvest pests affecting grape and how to prevent them?,"Pest/Disease guidance: Inspect plants for symptoms (spots, wilting, yellowing). Use integrated pest management (IPM): crop rotation, resistant varieties, targeted biocontrols, and correct pesticide application. If unsure, collect a sample and consult local extension services. Tip: Rotate crops to reduce pest and disease pressure.",grape,pest/disease
How can I improve what are the common pests of soybean and how to control them?,"Pest/Disease guidance: Inspect plants for symptoms (spots, wilting, yellowing). Use integrated pest management (IPM): crop rotation, resistant varieties, targeted biocontrols, and correct pesticide application. If unsure, collect a sample and consult local extension services. Tip: Use certified seed and treat seeds where appropriate to reduce seed-borne diseases.",soybean,pest/disease
How can I improve how do I determine the optimal planting time for corn in tropical areas?,"For Corn: Follow certified seed, appropriate plant spacing, monitor for pests, and conduct soil tests. Apply balanced fertilizer based on soil test results and follow recommended irrigation schedules for the crop. Tip: Rotate crops to reduce pest and disease pressure.",corn,general
How can I improve how can I monitor tea health using drones or remote sensing?,"For Tea: Follow certified seed, appropriate plant spacing, monitor for pests, and conduct soil tests. Apply balanced fertilizer based on soil test results and follow recommended irrigation schedules for the crop. Tip: Test soil every 2-3 years and follow recommended fertilizer programs.",tea,general
How can I improve how can I test soil fertility before planting lentil?,"Soil advice: Soil appears alkaline (pH 7.5+). Recommended N-P-K levels: N=medium, P=high, K=high. Add organic matter and consider liming if acidic. Perform a soil test for exact fertilizer recommendations; use compost to improve organic matter. Tip: Monitor fields weekly during critical growth stages for early pest detection.",lentil,soil
How can I improve which soil types are most suitable for cultivating sorghum?,"Soil advice: Soil appears alkaline (pH 7.5+). Recommended N-P-K levels: N=medium, P=medium, K=high. Add organic matter and consider liming if acidic. Perform a soil test for exact fertilizer recommendations; use compost to improve organic matter. Tip: Use certified seed and treat seeds where appropriate to reduce seed-borne diseases.",sorghum,soil
How can I improve what are the symptoms of nutrient deficiency in maize and how to address them?,"For Maize: Follow certified seed, appropriate plant spacing, monitor for pests, and conduct soil tests. Apply balanced fertilizer based on soil test results and follow recommended irrigation schedules for the crop. Tip: Apply compost or well-rotted manure annually to improve soil structure.",maize,general
How can I improve how can I increase tomato yield on smallholder farms?,"Post-harvest: Harvest at physiological maturity, dry to safe moisture content, and store in a cool, dry place to avoid pests. Use proper packaging and consider value-added processing to increase shelf life. Tip: Monitor fields weekly during critical growth stages for early pest detection.",tomato,post-harvest
How do I determine the optimal planting time for wheat in temperate regions?,"For Wheat: Follow certified seed, appropriate plant spacing, monitor for pests, and conduct soil tests. Apply balanced fertilizer based on soil test results and follow recommended irrigation schedules for the crop. Tip: Monitor fields weekly during critical growth stages for early pest detection.",wheat,general
What are the best seed varieties of corn for high yield and disease resistance in tropical areas?,"Pest/Disease guidance: Inspect plants for symptoms (spots, wilting, yellowing). Use integrated pest management (IPM): crop rotation, resistant varieties, targeted biocontrols, and correct pesticide application. If unsure, collect a sample and consult local extension services. Tip: Rotate crops to reduce pest and disease pressure.",corn,pest/disease
How can I improve what are the best seed varieties of banana for high yield and disease resistance in tropical areas?,"Pest/Disease guidance: Inspect plants for symptoms (spots, wilting, yellowing). Use integrated pest management (IPM): crop rotation, resistant varieties, targeted biocontrols, and correct pesticide application. If unsure, collect a sample and consult local extension services. Tip: Monitor fields weekly during critical growth stages for early pest detection.",banana,pest/disease
How can I improve how to establish a nursery for potato seedlings?,"For Potato: Follow certified seed, appropriate plant spacing, monitor for pests, and conduct soil tests. Apply balanced fertilizer based on soil test results and follow recommended irrigation schedules for the crop. Tip: Apply compost or well-rotted manure annually to improve soil structure.",potato,general
How do I determine the optimal planting time for cotton in tropical areas?,"For Cotton: Follow certified seed, appropriate plant spacing, monitor for pests, and conduct soil tests. Apply balanced fertilizer based on soil test results and follow recommended irrigation schedules for the crop. Tip: Test soil every 2-3 years and follow recommended fertilizer programs.",cotton,general
How can I improve what are the symptoms of nutrient deficiency in tea and how to address them?,"For Tea: Follow certified seed, appropriate plant spacing, monitor for pests, and conduct soil tests. Apply balanced fertilizer based on soil test results and follow recommended irrigation schedules for the crop. Tip: Apply compost or well-rotted manure annually to improve soil structure.",tea,general
How can I improve what are post-harvest storage best practices for pulse?,"Post-harvest: Harvest at physiological maturity, dry to safe moisture content, and store in a cool, dry place to avoid pests. Use proper packaging and consider value-added processing to increase shelf life. Tip: Apply compost or well-rotted manure annually to improve soil structure.",pulse,post-harvest
How do I determine the optimal planting time for tea in high-altitude areas?,"For Tea: Follow certified seed, appropriate plant spacing, monitor for pests, and conduct soil tests. Apply balanced fertilizer based on soil test results and follow recommended irrigation schedules for the crop. Tip: Use certified seed and treat seeds where appropriate to reduce seed-borne diseases.",tea,general
How do I determine the optimal planting time for wheat in coastal areas?,"For Wheat: Follow certified seed, appropriate plant spacing, monitor for pests, and conduct soil tests. Apply balanced fertilizer based on soil test results and follow recommended irrigation schedules for the crop. Tip: Test soil every 2-3 years and follow recommended fertilizer programs.",wheat,general
How can I improve how do I identify nematode damage in sugarcane and manage it?,"For Sugarcane: Follow certified seed, appropriate plant spacing, monitor for pests, and conduct soil tests. Apply balanced fertilizer based on soil test results and follow recommended irrigation schedules for the crop. Tip: Rotate crops to reduce pest and disease pressure.",sugarcane,general
How can I improve how do I identify nematode damage in rice and manage it?,"For Rice: Follow certified seed, appropriate plant spacing, monitor for pests, and conduct soil tests. Apply balanced fertilizer based on soil test results and follow recommended irrigation schedules for the crop. Tip: Monitor fields weekly during critical growth stages for early pest detection.",rice,general
What are the best seed varieties of rice for high yield and disease resistance in high-altitude areas?,"Pest/Disease guidance: Inspect plants for symptoms (spots, wilting, yellowing). Use integrated pest management (IPM): crop rotation, resistant varieties, targeted biocontrols, and correct pesticide application. If unsure, collect a sample and consult local extension services. Tip: Use certified seed and treat seeds where appropriate to reduce seed-borne diseases.",rice,pest/disease
How can I improve what are harvesting indicators that show potato is ready to harvest?,"Post-harvest: Harvest at physiological maturity, dry to safe moisture content, and store in a cool, dry place to avoid pests. Use proper packaging and consider value-added processing to increase shelf life. Tip: Use certified seed and treat seeds where appropriate to reduce seed-borne diseases.",potato,post-harvest
How can I improve what are effective organic practices for growing cotton?,"Soil advice: Soil appears acidic (pH 5.5-6.5). Recommended N-P-K levels: N=low, P=medium, K=low. Add organic matter and consider liming if acidic. Perform a soil test for exact fertilizer recommendations; use compost to improve organic matter. Tip: Rotate crops to reduce pest and disease pressure.",cotton,soil
How can I improve how to select appropriate fertilizer blends for garlic?,"For Garlic: Follow certified seed, appropriate plant spacing, monitor for pests, and conduct soil tests. Apply balanced fertilizer based on soil test results and follow recommended irrigation schedules for the crop. Tip: Monitor fields weekly during critical growth stages for early pest detection.",garlic,general
How can I improve how do I prepare a soil bed for transplanting lentil seedlings?,"Soil advice: Soil appears neutral (pH 6.5-7.5). Recommended N-P-K levels: N=low, P=high, K=high. Add organic matter and consider liming if acidic. Perform a soil test for exact fertilizer recommendations; use compost to improve organic matter. Tip: Use certified seed and treat seeds where appropriate to reduce seed-borne diseases.",lentil,soil
How can I improve how can I use compost and organic amendments for sorghum production?,"Soil advice: Soil appears acidic (pH 5.5-6.5). Recommended N-P-K levels: N=high, P=low, K=low. Add organic matter and consider liming if acidic. Perform a soil test for exact fertilizer recommendations; use compost to improve organic matter. Tip: Use certified seed and treat seeds where appropriate to reduce seed-borne diseases.",sorghum,soil
What are the best seed varieties of pulse for high yield and disease resistance in arid zones?,"Pest/Disease guidance: Inspect plants for symptoms (spots, wilting, yellowing). Use integrated pest management (IPM): crop rotation, resistant varieties, targeted biocontrols, and correct pesticide application. If unsure, collect a sample and consult local extension services. Tip: Rotate crops to reduce pest and disease pressure.",pulse,pest/disease
How can I improve how to control bacterial diseases in garlic crops?,"Pest/Disease guidance: Inspect plants for symptoms (spots, wilting, yellowing). Use integrated pest management (IPM): crop rotation, resistant varieties, targeted biocontrols, and correct pesticide application. If unsure, collect a sample and consult local extension services. Tip: Apply compost or well-rotted manure annually to improve soil structure.",garlic,pest/disease
How can I improve how can I improve seed germination rates for pulse?,"For Pulse: Follow certified seed, appropriate plant spacing, monitor for pests, and conduct soil tests. Apply balanced fertilizer based on soil test results and follow recommended irrigation schedules for the crop. Tip: Test soil every 2-3 years and follow recommended fertilizer programs.",pulse,general
How can I improve how can I use compost and organic amendments for tea production?,"Soil advice: Soil appears acidic (pH 5.5-6.5). Recommended N-P-K levels: N=high, P=high, K=low. Add organic matter and consider liming if acidic. Perform a soil test for exact fertilizer recommendations; use compost to improve organic matter. Tip: Use certified seed and treat seeds where appropriate to reduce seed-borne diseases.",tea,soil
What are the best seed varieties of lentil for high yield and disease resistance in tropical areas?,"Pest/Disease guidance: Inspect plants for symptoms (spots, wilting, yellowing). Use integrated pest management (IPM): crop rotation, resistant varieties, targeted biocontrols, and correct pesticide application. If unsure, collect a sample and consult local extension services. Tip: Apply compost or well-rotted manure annually to improve soil structure.",lentil,pest/disease
How can I improve how can I improve seed germination rates for corn?,"For Corn: Follow certified seed, appropriate plant spacing, monitor for pests, and conduct soil tests. Apply balanced fertilizer based on soil test results and follow recommended irrigation schedules for the crop. Tip: Apply compost or well-rotted manure annually to improve soil structure.",corn,general
How can I improve how to select appropriate fertilizer blends for maize?,"For Maize: Follow certified seed, appropriate plant spacing, monitor for pests, and conduct soil tests. Apply balanced fertilizer based on soil test results and follow recommended irrigation schedules for the crop. Tip: Apply compost or well-rotted manure annually to improve soil structure.",maize,general
How can I improve how do I identify nematode damage in apple and manage it?,"For Apple: Follow certified seed, appropriate plant spacing, monitor for pests, and conduct soil tests. Apply balanced fertilizer based on soil test results and follow recommended irrigation schedules for the crop. Tip: Rotate crops to reduce pest and disease pressure.",apple,general
How can I improve how can I increase garlic yield on smallholder farms?,"Post-harvest: Harvest at physiological maturity, dry to safe moisture content, and store in a cool, dry place to avoid pests. Use proper packaging and consider value-added processing to increase shelf life. Tip: Apply compost or well-rotted manure annually to improve soil structure.",garlic,post-harvest
What are the best seed varieties of maize for high yield and disease resistance in coastal areas?,"Pest/Disease guidance: Inspect plants for symptoms (spots, wilting, yellowing). Use integrated pest management (IPM): crop rotation, resistant varieties, targeted biocontrols, and correct pesticide application. If unsure, collect a sample and consult local extension services. Tip: Rotate crops to reduce pest and disease pressure.",maize,pest/disease
How can I improve how to manage post-harvest quality and grading for soybean?,"Post-harvest: Harvest at physiological maturity, dry to safe moisture content, and store in a cool, dry place to avoid pests. Use proper packaging and consider value-added processing to increase shelf life. Tip: Monitor fields weekly during critical growth stages for early pest detection.",soybean,post-harvest
How can I improve how to reduce fertilizer runoff from soybean fields and protect water quality?,"Irrigation guidance: Water based on crop stage—establishment, vegetative growth, and reproductive stages need careful scheduling. Avoid waterlogging; use mulch to conserve moisture and consider drip irrigation for efficiency. Tip: Test soil every 2-3 years and follow recommended fertilizer programs.",soybean,irrigation
How do I determine the optimal planting time for lentil in arid zones?,"For Lentil: Follow certified seed, appropriate plant spacing, monitor for pests, and conduct soil tests. Apply balanced fertilizer based on soil test results and follow recommended irrigation schedules for the crop. Tip: Apply compost or well-rotted manure annually to improve soil structure.",lentil,general
How do I determine the optimal planting time for grape in tropical areas?,"For Grape: Follow certified seed, appropriate plant spacing, monitor for pests, and conduct soil tests. Apply balanced fertilizer based on soil test results and follow recommended irrigation schedules for the crop. Tip: Rotate crops to reduce pest and disease pressure.",grape,general
How can I improve which soil types are most suitable for cultivating grape?,"Soil advice: Soil appears neutral (pH 6.5-7.5). Recommended N-P-K levels: N=low, P=high, K=medium. Add organic matter and consider liming if acidic. Perform a soil test for exact fertilizer recommendations; use compost to improve organic matter. Tip: Test soil every 2-3 years and follow recommended fertilizer programs.",grape,soil
How can I improve how to select appropriate fertilizer blends for pulse?,"For Pulse: Follow certified seed, appropriate plant spacing, monitor for pests, and conduct soil tests. Apply balanced fertilizer based on soil test results and follow recommended irrigation schedules for the crop. Tip: Test soil every 2-3 years and follow recommended fertilizer programs.",pulse,general
How can I improve how to manage post-harvest quality and grading for grape?,"Post-harvest: Harvest at physiological maturity, dry to safe moisture content, and store in a cool, dry place to avoid pests. Use proper packaging and consider value-added processing to increase shelf life. Tip: Apply compost or well-rotted manure annually to improve soil structure.",grape,post-harvest
How can I improve what are the common pests of grape and how to control them?,"Pest/Disease guidance: Inspect plants for symptoms (spots, wilting, yellowing). Use integrated pest management (IPM): crop rotation, resistant varieties, targeted biocontrols, and correct pesticide application. If unsure, collect a sample and consult local extension services. Tip: Use certified seed and treat seeds where appropriate to reduce seed-borne diseases.",grape,pest/disease
How can I improve what are the best seed varieties of lentil for high yield and disease resistance in high-altitude areas?,"Pest/Disease guidance: Inspect plants for symptoms (spots, wilting, yellowing). Use integrated pest management (IPM): crop rotation, resistant varieties, targeted biocontrols, and correct pesticide application. If unsure, collect a sample and consult local extension services. Tip: Test soil every 2-3 years and follow recommended fertilizer programs.",lentil,pest/disease
How can I improve how do I determine the optimal planting time for tomato in coastal areas?,"For Tomato: Follow certified seed, appropriate plant spacing, monitor for pests, and conduct soil tests. Apply balanced fertilizer based on soil test results and follow recommended irrigation schedules for the crop. Tip: Test soil every 2-3 years and follow recommended fertilizer programs.",tomato,general
What are the best seed varieties of pulse for high yield and disease resistance in tropical areas?,"Pest/Disease guidance: Inspect plants for symptoms (spots, wilting, yellowing). Use integrated pest management (IPM): crop rotation, resistant varieties, targeted biocontrols, and correct pesticide application. If unsure, collect a sample and consult local extension services. Tip: Apply compost or well-rotted manure annually to improve soil structure.",pulse,pest/disease
How can I improve how to perform a quick on-field soil test for banana planting?,"Soil advice: Soil appears neutral (pH 6.5-7.5). Recommended N-P-K levels: N=high, P=medium, K=low. Add organic matter and consider liming if acidic. Perform a soil test for exact fertilizer recommendations; use compost to improve organic matter. Tip: Apply compost or well-rotted manure annually to improve soil structure.",banana,soil
How can I improve what are early warning signs of pest outbreaks in cotton fields?,"Pest/Disease guidance: Inspect plants for symptoms (spots, wilting, yellowing). Use integrated pest management (IPM): crop rotation, resistant varieties, targeted biocontrols, and correct pesticide application. If unsure, collect a sample and consult local extension services. Tip: Rotate crops to reduce pest and disease pressure.",cotton,pest/disease
How can I improve which soil types are most suitable for cultivating wheat?,"Soil advice: Soil appears neutral (pH 6.5-7.5). Recommended N-P-K levels: N=high, P=low, K=high. Add organic matter and consider liming if acidic. Perform a soil test for exact fertilizer recommendations; use compost to improve organic matter. Tip: Apply compost or well-rotted manure annually to improve soil structure.",wheat,soil
How can I improve how can I use compost and organic amendments for sugarcane production?,"Soil advice: Soil appears alkaline (pH 7.5+). Recommended N-P-K levels: N=medium, P=high, K=medium. Add organic matter and consider liming if acidic. Perform a soil test for exact fertilizer recommendations; use compost to improve organic matter. Tip: Test soil every 2-3 years and follow recommended fertilizer programs.",sugarcane,soil
What are the best seed varieties of onion for high yield and disease resistance in high-altitude areas?,"Pest/Disease guidance: Inspect plants for symptoms (spots, wilting, yellowing). Use integrated pest management (IPM): crop rotation, resistant varieties, targeted biocontrols, and correct pesticide application. If unsure, collect a sample and consult local extension services. Tip: Monitor fields weekly during critical growth stages for early pest detection.",onion,pest/disease
How can I improve what are recommended spacing and plant density for corn?,"For Corn: Follow certified seed, appropriate plant spacing, monitor for pests, and conduct soil tests. Apply balanced fertilizer based on soil test results and follow recommended irrigation schedules for the crop. Tip: Use certified seed and treat seeds where appropriate to reduce seed-borne diseases.",corn,general
How can I improve how to perform a quick on-field soil test for pulse planting?,"Soil advice: Soil appears acidic (pH 5.5-6.5). Recommended N-P-K levels: N=high, P=medium, K=high. Add organic matter and consider liming if acidic. Perform a soil test for exact fertilizer recommendations; use compost to improve organic matter. Tip: Monitor fields weekly during critical growth stages for early pest detection.",pulse,soil
How can I improve what fertilizer program should I follow for a healthy garlic crop?,"For Garlic: Follow certified seed, appropriate plant spacing, monitor for pests, and conduct soil tests. Apply balanced fertilizer based on soil test results and follow recommended irrigation schedules for the crop. Tip: Test soil every 2-3 years and follow recommended fertilizer programs.",garlic,general
How can I improve how to select appropriate fertilizer blends for tea?,"For Tea: Follow certified seed, appropriate plant spacing, monitor for pests, and conduct soil tests. Apply balanced fertilizer based on soil test results and follow recommended irrigation schedules for the crop. Tip: Apply compost or well-rotted manure annually to improve soil structure.",tea,general
How can I improve what are recommended spacing and plant density for garlic?,"For Garlic: Follow certified seed, appropriate plant spacing, monitor for pests, and conduct soil tests. Apply balanced fertilizer based on soil test results and follow recommended irrigation schedules for the crop. Tip: Use certified seed and treat seeds where appropriate to reduce seed-borne diseases.",garlic,general
How can I improve what are the best seed varieties of soybean for high yield and disease resistance in my region?,"Pest/Disease guidance: Inspect plants for symptoms (spots, wilting, yellowing). Use integrated pest management (IPM): crop rotation, resistant varieties, targeted biocontrols, and correct pesticide application. If unsure, collect a sample and consult local extension services. Tip: Test soil every 2-3 years and follow recommended fertilizer programs.",soybean,pest/disease
How can I improve what are early warning signs of pest outbreaks in lentil fields?,"Pest/Disease guidance: Inspect plants for symptoms (spots, wilting, yellowing). Use integrated pest management (IPM): crop rotation, resistant varieties, targeted biocontrols, and correct pesticide application. If unsure, collect a sample and consult local extension services. Tip: Test soil every 2-3 years and follow recommended fertilizer programs.",lentil,pest/disease
How can I improve which soil types are most suitable for cultivating coffee?,"Soil advice: Soil appears neutral (pH 6.5-7.5). Recommended N-P-K levels: N=high, P=high, K=low. Add organic matter and consider liming if acidic. Perform a soil test for exact fertilizer recommendations; use compost to improve organic matter. Tip: Use certified seed and treat seeds where appropriate to reduce seed-borne diseases.",coffee,soil
How can I improve how to manage salinity or alkalinity issues when growing tomato?,"For Tomato: Follow certified seed, appropriate plant spacing, monitor for pests, and conduct soil tests. Apply balanced fertilizer based on soil test results and follow recommended irrigation schedules for the crop. Tip: Test soil every 2-3 years and follow recommended fertilizer programs.",tomato,general
How can I improve how to manage post-harvest quality and grading for tea?,"Post-harvest: Harvest at physiological maturity, dry to safe moisture content, and store in a cool, dry place to avoid pests. Use proper packaging and consider value-added processing to increase shelf life. Tip: Test soil every 2-3 years and follow recommended fertilizer programs.",tea,post-harvest
How can I improve what are the best seed varieties of garlic for high yield and disease resistance in my region?,"Pest/Disease guidance: Inspect plants for symptoms (spots, wilting, yellowing). Use integrated pest management (IPM): crop rotation, resistant varieties, targeted biocontrols, and correct pesticide application. If unsure, collect a sample and consult local extension services. Tip: Monitor fields weekly during critical growth stages for early pest detection.",garlic,pest/disease
How can I improve what are recommended planting depths and sowing rates for cotton?,"For Cotton: Follow certified seed, appropriate plant spacing, monitor for pests, and conduct soil tests. Apply balanced fertilizer based on soil test results and follow recommended irrigation schedules for the crop. Tip: Use certified seed and treat seeds where appropriate to reduce seed-borne diseases.",cotton,general
How can I improve how to establish a nursery for pulse seedlings?,"For Pulse: Follow certified seed, appropriate plant spacing, monitor for pests, and conduct soil tests. Apply balanced fertilizer based on soil test results and follow recommended irrigation schedules for the crop. Tip: Rotate crops to reduce pest and disease pressure.",pulse,general
How can I improve what are early warning signs of pest outbreaks in wheat fields?,"Pest/Disease guidance: Inspect plants for symptoms (spots, wilting, yellowing). Use integrated pest management (IPM): crop rotation, resistant varieties, targeted biocontrols, and correct pesticide application. If unsure, collect a sample and consult local extension services. Tip: Test soil every 2-3 years and follow recommended fertilizer programs.",wheat,pest/disease
How can I improve what are effective organic practices for growing apple?,"Soil advice: Soil appears alkaline (pH 7.5+). Recommended N-P-K levels: N=high, P=low, K=high. Add organic matter and consider liming if acidic. Perform a soil test for exact fertilizer recommendations; use compost to improve organic matter. Tip: Test soil every 2-3 years and follow recommended fertilizer programs.",apple,soil
How can I improve what are the best seed varieties of rice for high yield and disease resistance in tropical areas?,"Pest/Disease guidance: Inspect plants for symptoms (spots, wilting, yellowing). Use integrated pest management (IPM): crop rotation, resistant varieties, targeted biocontrols, and correct pesticide application. If unsure, collect a sample and consult local extension services. Tip: Apply compost or well-rotted manure annually to improve soil structure.",rice,pest/disease
How can I improve how can I use compost and organic amendments for lentil production?,"Soil advice: Soil appears neutral (pH 6.5-7.5). Recommended N-P-K levels: N=low, P=high, K=high. Add organic matter and consider liming if acidic. Perform a soil test for exact fertilizer recommendations; use compost to improve organic matter. Tip: Use certified seed and treat seeds where appropriate to reduce seed-borne diseases.",lentil,soil
How can I improve how to manage salinity or alkalinity issues when growing sugarcane?,"For Sugarcane: Follow certified seed, appropriate plant spacing, monitor for pests, and conduct soil tests. Apply balanced fertilizer based on soil test results and follow recommended irrigation schedules for the crop. Tip: Use certified seed and treat seeds where appropriate to reduce seed-borne diseases.",sugarcane,general
How can I improve what are early warning signs of pest outbreaks in sugarcane fields?,"Pest/Disease guidance: Inspect plants for symptoms (spots, wilting, yellowing). Use integrated pest management (IPM): crop rotation, resistant varieties, targeted biocontrols, and correct pesticide application. If unsure, collect a sample and consult local extension services. Tip: Test soil every 2-3 years and follow recommended fertilizer programs.",sugarcane,pest/disease
How can I improve how should I irrigate sorghum to maximize water efficiency?,"Irrigation guidance: Water based on crop stage—establishment, vegetative growth, and reproductive stages need careful scheduling. Avoid waterlogging; use mulch to conserve moisture and consider drip irrigation for efficiency. Tip: Use certified seed and treat seeds where appropriate to reduce seed-borne diseases.",sorghum,irrigation
How can I improve what are effective organic practices for growing onion?,"Soil advice: Soil appears neutral (pH 6.5-7.5). Recommended N-P-K levels: N=low, P=medium, K=medium. Add organic matter and consider liming if acidic. Perform a soil test for exact fertilizer recommendations; use compost to improve organic matter. Tip: Test soil every 2-3 years and follow recommended fertilizer programs.",onion,soil
How can I improve how to manage post-harvest quality and grading for wheat?,"Post-harvest: Harvest at physiological maturity, dry to safe moisture content, and store in a cool, dry place to avoid pests. Use proper packaging and consider value-added processing to increase shelf life. Tip: Test soil every 2-3 years and follow recommended fertilizer programs.",wheat,post-harvest
How can I improve what are the best seed varieties of cotton for high yield and disease resistance in my region?,"Pest/Disease guidance: Inspect plants for symptoms (spots, wilting, yellowing). Use integrated pest management (IPM): crop rotation, resistant varieties, targeted biocontrols, and correct pesticide application. If unsure, collect a sample and consult local extension services. Tip: Monitor fields weekly during critical growth stages for early pest detection.",cotton,pest/disease
How can I improve how to manage post-harvest quality and grading for maize?,"Post-harvest: Harvest at physiological maturity, dry to safe moisture content, and store in a cool, dry place to avoid pests. Use proper packaging and consider value-added processing to increase shelf life. Tip: Use certified seed and treat seeds where appropriate to reduce seed-borne diseases.",maize,post-harvest
How can I improve how do I determine the optimal planting time for maize in temperate regions?,"For Maize: Follow certified seed, appropriate plant spacing, monitor for pests, and conduct soil tests. Apply balanced fertilizer based on soil test results and follow recommended irrigation schedules for the crop. Tip: Apply compost or well-rotted manure annually to improve soil structure.",maize,general
How can I improve how to control bacterial diseases in cotton crops?,"Pest/Disease guidance: Inspect plants for symptoms (spots, wilting, yellowing). Use integrated pest management (IPM): crop rotation, resistant varieties, targeted biocontrols, and correct pesticide application. If unsure, collect a sample and consult local extension services. Tip: Monitor fields weekly during critical growth stages for early pest detection.",cotton,pest/disease
How can I improve how to establish a nursery for wheat seedlings?,"For Wheat: Follow certified seed, appropriate plant spacing, monitor for pests, and conduct soil tests. Apply balanced fertilizer based on soil test results and follow recommended irrigation schedules for the crop. Tip: Apply compost or well-rotted manure annually to improve soil structure.",wheat,general
How can I improve how to reduce fertilizer runoff from apple fields and protect water quality?,"Irrigation guidance: Water based on crop stage—establishment, vegetative growth, and reproductive stages need careful scheduling. Avoid waterlogging; use mulch to conserve moisture and consider drip irrigation for efficiency. Tip: Test soil every 2-3 years and follow recommended fertilizer programs.",apple,irrigation
How can I improve what mechanization options are suitable for pea on medium farms?,"For Pea: Follow certified seed, appropriate plant spacing, monitor for pests, and conduct soil tests. Apply balanced fertilizer based on soil test results and follow recommended irrigation schedules for the crop. Tip: Rotate crops to reduce pest and disease pressure.",pea,general
How can I improve how do I prepare a soil bed for transplanting soybean seedlings?,"Soil advice: Soil appears acidic (pH 5.5-6.5). Recommended N-P-K levels: N=low, P=low, K=medium. Add organic matter and consider liming if acidic. Perform a soil test for exact fertilizer recommendations; use compost to improve organic matter. Tip: Rotate crops to reduce pest and disease pressure.",soybean,soil
What are the best seed varieties of cotton for high yield and disease resistance in my region?,"Pest/Disease guidance: Inspect plants for symptoms (spots, wilting, yellowing). Use integrated pest management (IPM): crop rotation, resistant varieties, targeted biocontrols, and correct pesticide application. If unsure, collect a sample and consult local extension services. Tip: Monitor fields weekly during critical growth stages for early pest detection.",cotton,pest/disease
How can I improve how do I manage irrigation scheduling for grape during drought?,"Irrigation guidance: Water based on crop stage—establishment, vegetative growth, and reproductive stages need careful scheduling. Avoid waterlogging; use mulch to conserve moisture and consider drip irrigation for efficiency. Tip: Apply compost or well-rotted manure annually to improve soil structure.",grape,irrigation
What are the best seed varieties of soybean for high yield and disease resistance in coastal areas?,"Pest/Disease guidance: Inspect plants for symptoms (spots, wilting, yellowing). Use integrated pest management (IPM): crop rotation, resistant varieties, targeted biocontrols, and correct pesticide application. If unsure, collect a sample and consult local extension services. Tip: Use certified seed and treat seeds where appropriate to reduce seed-borne diseases.",soybean,pest/disease
How can I improve what are the best seed varieties of wheat for high yield and disease resistance in arid zones?,"Pest/Disease guidance: Inspect plants for symptoms (spots, wilting, yellowing). Use integrated pest management (IPM): crop rotation, resistant varieties, targeted biocontrols, and correct pesticide application. If unsure, collect a sample and consult local extension services. Tip: Test soil every 2-3 years and follow recommended fertilizer programs.",wheat,pest/disease
What are the best seed varieties of sorghum for high yield and disease resistance in temperate regions?,"Pest/Disease guidance: Inspect plants for symptoms (spots, wilting, yellowing). Use integrated pest management (IPM): crop rotation, resistant varieties, targeted biocontrols, and correct pesticide application. If unsure, collect a sample and consult local extension services. Tip: Monitor fields weekly during critical growth stages for early pest detection.",sorghum,pest/disease
How can I improve how do I identify nematode damage in pea and manage it?,"For Pea: Follow certified seed, appropriate plant spacing, monitor for pests, and conduct soil tests. Apply balanced fertilizer based on soil test results and follow recommended irrigation schedules for the crop. Tip: Apply compost or well-rotted manure annually to improve soil structure.",pea,general
How can I improve how can I monitor sugarcane health using drones or remote sensing?,"For Sugarcane: Follow certified seed, appropriate plant spacing, monitor for pests, and conduct soil tests. Apply balanced fertilizer based on soil test results and follow recommended irrigation schedules for the crop. Tip: Rotate crops to reduce pest and disease pressure.",sugarcane,general
How can I improve how do I manage irrigation scheduling for sugarcane during drought?,"Irrigation guidance: Water based on crop stage—establishment, vegetative growth, and reproductive stages need careful scheduling. Avoid waterlogging; use mulch to conserve moisture and consider drip irrigation for efficiency. Tip: Use certified seed and treat seeds where appropriate to reduce seed-borne diseases.",sugarcane,irrigation
How can I improve how do I manage weeds in maize fields effectively?,"Pest/Disease guidance: Inspect plants for symptoms (spots, wilting, yellowing). Use integrated pest management (IPM): crop rotation, resistant varieties, targeted biocontrols, and correct pesticide application. If unsure, collect a sample and consult local extension services. Tip: Apply compost or well-rotted manure annually to improve soil structure.",maize,pest/disease
How can I improve how should I irrigate tomato to maximize water efficiency?,"Irrigation guidance: Water based on crop stage—establishment, vegetative growth, and reproductive stages need careful scheduling. Avoid waterlogging; use mulch to conserve moisture and consider drip irrigation for efficiency. Tip: Apply compost or well-rotted manure annually to improve soil structure.",tomato,irrigation
How can I improve how to select appropriate fertilizer blends for pea?,"For Pea: Follow certified seed, appropriate plant spacing, monitor for pests, and conduct soil tests. Apply balanced fertilizer based on soil test results and follow recommended irrigation schedules for the crop. Tip: Apply compost or well-rotted manure annually to improve soil structure.",pea,general
What are the best seed varieties of cotton for high yield and disease resistance in coastal areas?,"Pest/Disease guidance: Inspect plants for symptoms (spots, wilting, yellowing). Use integrated pest management (IPM): crop rotation, resistant varieties, targeted biocontrols, and correct pesticide application. If unsure, collect a sample and consult local extension services. Tip: Monitor fields weekly during critical growth stages for early pest detection.",cotton,pest/disease
How can I improve what are the common pests of apple and how to control them?,"Pest/Disease guidance: Inspect plants for symptoms (spots, wilting, yellowing). Use integrated pest management (IPM): crop rotation, resistant varieties, targeted biocontrols, and correct pesticide application. If unsure, collect a sample and consult local extension services. Tip: Test soil every 2-3 years and follow recommended fertilizer programs.",apple,pest/disease
What are the best seed varieties of pea for high yield and disease resistance in temperate regions?,"Pest/Disease guidance: Inspect plants for symptoms (spots, wilting, yellowing). Use integrated pest management (IPM): crop rotation, resistant varieties, targeted biocontrols, and correct pesticide application. If unsure, collect a sample and consult local extension services. Tip: Apply compost or well-rotted manure annually to improve soil structure.",pea,pest/disease
How can I improve what government schemes support corn farmers and how to apply?,"For Corn: Follow certified seed, appropriate plant spacing, monitor for pests, and conduct soil tests. Apply balanced fertilizer based on soil test results and follow recommended irrigation schedules for the crop. Tip: Apply compost or well-rotted manure annually to improve soil structure.",corn,general
What are the best seed varieties of sorghum for high yield and disease resistance in coastal areas?,"Pest/Disease guidance: Inspect plants for symptoms (spots, wilting, yellowing). Use integrated pest management (IPM): crop rotation, resistant varieties, targeted biocontrols, and correct pesticide application. If unsure, collect a sample and consult local extension services. Tip: Rotate crops to reduce pest and disease pressure.",sorghum,pest/disease
How can I improve what are the symptoms of nutrient deficiency in wheat and how to address them?,"For Wheat: Follow certified seed, appropriate plant spacing, monitor for pests, and conduct soil tests. Apply balanced fertilizer based on soil test results and follow recommended irrigation schedules for the crop. Tip: Monitor fields weekly during critical growth stages for early pest detection.",wheat,general
How can I improve what are common post-harvest pests affecting maize and how to prevent them?,"Pest/Disease guidance: Inspect plants for symptoms (spots, wilting, yellowing). Use integrated pest management (IPM): crop rotation, resistant varieties, targeted biocontrols, and correct pesticide application. If unsure, collect a sample and consult local extension services. Tip: Rotate crops to reduce pest and disease pressure.",maize,pest/disease
How can I improve how can I improve seed germination rates for coffee?,"For Coffee: Follow certified seed, appropriate plant spacing, monitor for pests, and conduct soil tests. Apply balanced fertilizer based on soil test results and follow recommended irrigation schedules for the crop. Tip: Use certified seed and treat seeds where appropriate to reduce seed-borne diseases.",coffee,general
How can I improve what are the best seed varieties of grape for high yield and disease resistance in high-altitude areas?,"Pest/Disease guidance: Inspect plants for symptoms (spots, wilting, yellowing). Use integrated pest management (IPM): crop rotation, resistant varieties, targeted biocontrols, and correct pesticide application. If unsure, collect a sample and consult local extension services. Tip: Apply compost or well-rotted manure annually to improve soil structure.",grape,pest/disease
What are the best seed varieties of wheat for high yield and disease resistance in coastal areas?,"Pest/Disease guidance: Inspect plants for symptoms (spots, wilting, yellowing). Use integrated pest management (IPM): crop rotation, resistant varieties, targeted biocontrols, and correct pesticide application. If unsure, collect a sample and consult local extension services. Tip: Rotate crops to reduce pest and disease pressure.",wheat,pest/disease
How can I improve how do I determine the optimal planting time for potato in tropical areas?,"For Potato: Follow certified seed, appropriate plant spacing, monitor for pests, and conduct soil tests. Apply balanced fertilizer based on soil test results and follow recommended irrigation schedules for the crop. Tip: Monitor fields weekly during critical growth stages for early pest detection.",potato,general
How can I improve what are the best seed varieties of garlic for high yield and disease resistance in high-altitude areas?,"Pest/Disease guidance: Inspect plants for symptoms (spots, wilting, yellowing). Use integrated pest management (IPM): crop rotation, resistant varieties, targeted biocontrols, and correct pesticide application. If unsure, collect a sample and consult local extension services. Tip: Test soil every 2-3 years and follow recommended fertilizer programs.",garlic,pest/disease
What are the best seed varieties of tomato for high yield and disease resistance in high-altitude areas?,"Pest/Disease guidance: Inspect plants for symptoms (spots, wilting, yellowing). Use integrated pest management (IPM): crop rotation, resistant varieties, targeted biocontrols, and correct pesticide application. If unsure, collect a sample and consult local extension services. Tip: Monitor fields weekly during critical growth stages for early pest detection.",tomato,pest/disease
How can I improve how do I manage weeds in grape fields effectively?,"Pest/Disease guidance: Inspect plants for symptoms (spots, wilting, yellowing). Use integrated pest management (IPM): crop rotation, resistant varieties, targeted biocontrols, and correct pesticide application. If unsure, collect a sample and consult local extension services. Tip: Use certified seed and treat seeds where appropriate to reduce seed-borne diseases.",grape,pest/disease
What are the best seed varieties of sorghum for high yield and disease resistance in my region?,"Pest/Disease guidance: Inspect plants for symptoms (spots, wilting, yellowing). Use integrated pest management (IPM): crop rotation, resistant varieties, targeted biocontrols, and correct pesticide application. If unsure, collect a sample and consult local extension services. Tip: Apply compost or well-rotted manure annually to improve soil structure.",sorghum,pest/disease
How can I improve what are early warning signs of pest outbreaks in pea fields?,"Pest/Disease guidance: Inspect plants for symptoms (spots, wilting, yellowing). Use integrated pest management (IPM): crop rotation, resistant varieties, targeted biocontrols, and correct pesticide application. If unsure, collect a sample and consult local extension services. Tip: Monitor fields weekly during critical growth stages for early pest detection.",pea,pest/disease
How can I improve what are water-saving irrigation techniques suitable for soybean?,"Irrigation guidance: Water based on crop stage—establishment, vegetative growth, and reproductive stages need careful scheduling. Avoid waterlogging; use mulch to conserve moisture and consider drip irrigation for efficiency. Tip: Use certified seed and treat seeds where appropriate to reduce seed-borne diseases.",soybean,irrigation
How can I improve what are water-saving irrigation techniques suitable for banana?,"Irrigation guidance: Water based on crop stage—establishment, vegetative growth, and reproductive stages need careful scheduling. Avoid waterlogging; use mulch to conserve moisture and consider drip irrigation for efficiency. Tip: Use certified seed and treat seeds where appropriate to reduce seed-borne diseases.",banana,irrigation
How do I determine the optimal planting time for tea in arid zones?,"For Tea: Follow certified seed, appropriate plant spacing, monitor for pests, and conduct soil tests. Apply balanced fertilizer based on soil test results and follow recommended irrigation schedules for the crop. Tip: Apply compost or well-rotted manure annually to improve soil structure.",tea,general
How can I improve what are post-harvest storage best practices for onion?,"Post-harvest: Harvest at physiological maturity, dry to safe moisture content, and store in a cool, dry place to avoid pests. Use proper packaging and consider value-added processing to increase shelf life. Tip: Apply compost or well-rotted manure annually to improve soil structure.",onion,post-harvest
How can I improve how can I increase cotton yield on smallholder farms?,"Post-harvest: Harvest at physiological maturity, dry to safe moisture content, and store in a cool, dry place to avoid pests. Use proper packaging and consider value-added processing to increase shelf life. Tip: Rotate crops to reduce pest and disease pressure.",cotton,post-harvest
How can I improve how to manage post-harvest quality and grading for pulse?,"Post-harvest: Harvest at physiological maturity, dry to safe moisture content, and store in a cool, dry place to avoid pests. Use proper packaging and consider value-added processing to increase shelf life. Tip: Test soil every 2-3 years and follow recommended fertilizer programs.",pulse,post-harvest
How can I improve how to reduce fertilizer runoff from coffee fields and protect water quality?,"Irrigation guidance: Water based on crop stage—establishment, vegetative growth, and reproductive stages need careful scheduling. Avoid waterlogging; use mulch to conserve moisture and consider drip irrigation for efficiency. Tip: Use certified seed and treat seeds where appropriate to reduce seed-borne diseases.",coffee,irrigation
How can I improve how do I determine the optimal planting time for sugarcane in temperate regions?,"For Sugarcane: Follow certified seed, appropriate plant spacing, monitor for pests, and conduct soil tests. Apply balanced fertilizer based on soil test results and follow recommended irrigation schedules for the crop. Tip: Monitor fields weekly during critical growth stages for early pest detection.",sugarcane,general
How can I improve what fertilizer program should I follow for a healthy soybean crop?,"For Soybean: Follow certified seed, appropriate plant spacing, monitor for pests, and conduct soil tests. Apply balanced fertilizer based on soil test results and follow recommended irrigation schedules for the crop. Tip: Test soil every 2-3 years and follow recommended fertilizer programs.",soybean,general
How can I improve what are the common pests of maize and how to control them?,"Pest/Disease guidance: Inspect plants for symptoms (spots, wilting, yellowing). Use integrated pest management (IPM): crop rotation, resistant varieties, targeted biocontrols, and correct pesticide application. If unsure, collect a sample and consult local extension services. Tip: Rotate crops to reduce pest and disease pressure.",maize,pest/disease
How can I improve what are the best seed varieties of apple for high yield and disease resistance in high-altitude areas?,"Pest/Disease guidance: Inspect plants for symptoms (spots, wilting, yellowing). Use integrated pest management (IPM): crop rotation, resistant varieties, targeted biocontrols, and correct pesticide application. If unsure, collect a sample and consult local extension services. Tip: Rotate crops to reduce pest and disease pressure.",apple,pest/disease
How can I improve what are harvesting indicators that show soybean is ready to harvest?,"Post-harvest: Harvest at physiological maturity, dry to safe moisture content, and store in a cool, dry place to avoid pests. Use proper packaging and consider value-added processing to increase shelf life. Tip: Use certified seed and treat seeds where appropriate to reduce seed-borne diseases.",soybean,post-harvest
How can I improve how do I diagnose fungal diseases in sorghum and treat them?,"Pest/Disease guidance: Inspect plants for symptoms (spots, wilting, yellowing). Use integrated pest management (IPM): crop rotation, resistant varieties, targeted biocontrols, and correct pesticide application. If unsure, collect a sample and consult local extension services. Tip: Use certified seed and treat seeds where appropriate to reduce seed-borne diseases.",sorghum,pest/disease
How can I improve how do I select disease-resistant apple varieties for my area?,"Pest/Disease guidance: Inspect plants for symptoms (spots, wilting, yellowing). Use integrated pest management (IPM): crop rotation, resistant varieties, targeted biocontrols, and correct pesticide application. If unsure, collect a sample and consult local extension services. Tip: Monitor fields weekly during critical growth stages for early pest detection.",apple,pest/disease
How can I improve what are the best seed varieties of tomato for high yield and disease resistance in arid zones?,"Pest/Disease guidance: Inspect plants for symptoms (spots, wilting, yellowing). Use integrated pest management (IPM): crop rotation, resistant varieties, targeted biocontrols, and correct pesticide application. If unsure, collect a sample and consult local extension services. Tip: Use certified seed and treat seeds where appropriate to reduce seed-borne diseases.",tomato,pest/disease
How can I improve how do I prepare a soil bed for transplanting maize seedlings?,"Soil advice: Soil appears neutral (pH 6.5-7.5). Recommended N-P-K levels: N=medium, P=low, K=low. Add organic matter and consider liming if acidic. Perform a soil test for exact fertilizer recommendations; use compost to improve organic matter. Tip: Use certified seed and treat seeds where appropriate to reduce seed-borne diseases.",maize,soil
How can I improve what are the best seed varieties of sorghum for high yield and disease resistance in temperate regions?,"Pest/Disease guidance: Inspect plants for symptoms (spots, wilting, yellowing). Use integrated pest management (IPM): crop rotation, resistant varieties, targeted biocontrols, and correct pesticide application. If unsure, collect a sample and consult local extension services. Tip: Test soil every 2-3 years and follow recommended fertilizer programs.",sorghum,pest/disease
How can I improve how do I determine the optimal planting time for pea in my region?,"For Pea: Follow certified seed, appropriate plant spacing, monitor for pests, and conduct soil tests. Apply balanced fertilizer based on soil test results and follow recommended irrigation schedules for the crop. Tip: Apply compost or well-rotted manure annually to improve soil structure.",pea,general
How can I improve what are the symptoms of nutrient deficiency in rice and how to address them?,"For Rice: Follow certified seed, appropriate plant spacing, monitor for pests, and conduct soil tests. Apply balanced fertilizer based on soil test results and follow recommended irrigation schedules for the crop. Tip: Rotate crops to reduce pest and disease pressure.",rice,general
What are the best seed varieties of banana for high yield and disease resistance in coastal areas?,"Pest/Disease guidance: Inspect plants for symptoms (spots, wilting, yellowing). Use integrated pest management (IPM): crop rotation, resistant varieties, targeted biocontrols, and correct pesticide application. If unsure, collect a sample and consult local extension services. Tip: Use certified seed and treat seeds where appropriate to reduce seed-borne diseases.",banana,pest/disease
How can I improve what are harvesting indicators that show cotton is ready to harvest?,"Post-harvest: Harvest at physiological maturity, dry to safe moisture content, and store in a cool, dry place to avoid pests. Use proper packaging and consider value-added processing to increase shelf life. Tip: Use certified seed and treat seeds where appropriate to reduce seed-borne diseases.",cotton,post-harvest
How can I improve what are the best seed varieties of maize for high yield and disease resistance in temperate regions?,"Pest/Disease guidance: Inspect plants for symptoms (spots, wilting, yellowing). Use integrated pest management (IPM): crop rotation, resistant varieties, targeted biocontrols, and correct pesticide application. If unsure, collect a sample and consult local extension services. Tip: Apply compost or well-rotted manure annually to improve soil structure.",maize,pest/disease
How can I improve how can I use compost and organic amendments for soybean production?,"Soil advice: Soil appears alkaline (pH 7.5+). Recommended N-P-K levels: N=medium, P=medium, K=high. Add organic matter and consider liming if acidic. Perform a soil test for exact fertilizer recommendations; use compost to improve organic matter. Tip: Rotate crops to reduce pest and disease pressure.",soybean,soil
What are the best seed varieties of tomato for high yield and disease resistance in temperate regions?,"Pest/Disease guidance: Inspect plants for symptoms (spots, wilting, yellowing). Use integrated pest management (IPM): crop rotation, resistant varieties, targeted biocontrols, and correct pesticide application. If unsure, collect a sample and consult local extension services. Tip: Apply compost or well-rotted manure annually to improve soil structure.",tomato,pest/disease
How can I improve what are the profitable value-added products from pea processing?,"For Pea: Follow certified seed, appropriate plant spacing, monitor for pests, and conduct soil tests. Apply balanced fertilizer based on soil test results and follow recommended irrigation schedules for the crop. Tip: Monitor fields weekly during critical growth stages for early pest detection.",pea,general
How can I improve how do I determine the optimal planting time for rice in coastal areas?,"For Rice: Follow certified seed, appropriate plant spacing, monitor for pests, and conduct soil tests. Apply balanced fertilizer based on soil test results and follow recommended irrigation schedules for the crop. Tip: Monitor fields weekly during critical growth stages for early pest detection.",rice,general
How can I improve how to reduce fertilizer runoff from barley fields and protect water quality?,"Irrigation guidance: Water based on crop stage—establishment, vegetative growth, and reproductive stages need careful scheduling. Avoid waterlogging; use mulch to conserve moisture and consider drip irrigation for efficiency. Tip: Use certified seed and treat seeds where appropriate to reduce seed-borne diseases.",barley,irrigation
How can I improve what fertilizer program should I follow for a healthy lentil crop?,"For Lentil: Follow certified seed, appropriate plant spacing, monitor for pests, and conduct soil tests. Apply balanced fertilizer based on soil test results and follow recommended irrigation schedules for the crop. Tip: Use certified seed and treat seeds where appropriate to reduce seed-borne diseases.",lentil,general
How can I improve what are harvesting indicators that show pea is ready to harvest?,"Post-harvest: Harvest at physiological maturity, dry to safe moisture content, and store in a cool, dry place to avoid pests. Use proper packaging and consider value-added processing to increase shelf life. Tip: Apply compost or well-rotted manure annually to improve soil structure.",pea,post-harvest
How can I improve how do I prepare a soil bed for transplanting tea seedlings?,"Soil advice: Soil appears acidic (pH 5.5-6.5). Recommended N-P-K levels: N=high, P=medium, K=low. Add organic matter and consider liming if acidic. Perform a soil test for exact fertilizer recommendations; use compost to improve organic matter. Tip: Apply compost or well-rotted manure annually to improve soil structure.",tea,soil
How can I improve how to manage post-harvest quality and grading for barley?,"Post-harvest: Harvest at physiological maturity, dry to safe moisture content, and store in a cool, dry place to avoid pests. Use proper packaging and consider value-added processing to increase shelf life. Tip: Rotate crops to reduce pest and disease pressure.",barley,post-harvest
How can I improve how do I identify nematode damage in garlic and manage it?,"For Garlic: Follow certified seed, appropriate plant spacing, monitor for pests, and conduct soil tests. Apply balanced fertilizer based on soil test results and follow recommended irrigation schedules for the crop. Tip: Test soil every 2-3 years and follow recommended fertilizer programs.",garlic,general
How can I improve how should I irrigate pea to maximize water efficiency?,"Irrigation guidance: Water based on crop stage—establishment, vegetative growth, and reproductive stages need careful scheduling. Avoid waterlogging; use mulch to conserve moisture and consider drip irrigation for efficiency. Tip: Monitor fields weekly during critical growth stages for early pest detection.",pea,irrigation
How can I improve what are the best seed varieties of corn for high yield and disease resistance in high-altitude areas?,"Pest/Disease guidance: Inspect plants for symptoms (spots, wilting, yellowing). Use integrated pest management (IPM): crop rotation, resistant varieties, targeted biocontrols, and correct pesticide application. If unsure, collect a sample and consult local extension services. Tip: Use certified seed and treat seeds where appropriate to reduce seed-borne diseases.",corn,pest/disease
How can I improve what fertilizer program should I follow for a healthy maize crop?,"For Maize: Follow certified seed, appropriate plant spacing, monitor for pests, and conduct soil tests. Apply balanced fertilizer based on soil test results and follow recommended irrigation schedules for the crop. Tip: Rotate crops to reduce pest and disease pressure.",maize,general
How can I improve how do I manage weeds in corn fields effectively?,"Pest/Disease guidance: Inspect plants for symptoms (spots, wilting, yellowing). Use integrated pest management (IPM): crop rotation, resistant varieties, targeted biocontrols, and correct pesticide application. If unsure, collect a sample and consult local extension services. Tip: Use certified seed and treat seeds where appropriate to reduce seed-borne diseases.",corn,pest/disease
How can I improve what are the best seed varieties of grape for high yield and disease resistance in temperate regions?,"Pest/Disease guidance: Inspect plants for symptoms (spots, wilting, yellowing). Use integrated pest management (IPM): crop rotation, resistant varieties, targeted biocontrols, and correct pesticide application. If unsure, collect a sample and consult local extension services. Tip: Rotate crops to reduce pest and disease pressure.",grape,pest/disease
How can I improve what are recommended planting depths and sowing rates for onion?,"For Onion: Follow certified seed, appropriate plant spacing, monitor for pests, and conduct soil tests. Apply balanced fertilizer based on soil test results and follow recommended irrigation schedules for the crop. Tip: Apply compost or well-rotted manure annually to improve soil structure.",onion,general
How do I determine the optimal planting time for pea in temperate regions?,"For Pea: Follow certified seed, appropriate plant spacing, monitor for pests, and conduct soil tests. Apply balanced fertilizer based on soil test results and follow recommended irrigation schedules for the crop. Tip: Apply compost or well-rotted manure annually to improve soil structure.",pea,general
How can I improve how to control bacterial diseases in corn crops?,"Pest/Disease guidance: Inspect plants for symptoms (spots, wilting, yellowing). Use integrated pest management (IPM): crop rotation, resistant varieties, targeted biocontrols, and correct pesticide application. If unsure, collect a sample and consult local extension services. Tip: Rotate crops to reduce pest and disease pressure.",corn,pest/disease
How can I improve how should I irrigate onion to maximize water efficiency?,"Irrigation guidance: Water based on crop stage—establishment, vegetative growth, and reproductive stages need careful scheduling. Avoid waterlogging; use mulch to conserve moisture and consider drip irrigation for efficiency. Tip: Use certified seed and treat seeds where appropriate to reduce seed-borne diseases.",onion,irrigation
How can I improve how to reduce fertilizer runoff from sugarcane fields and protect water quality?,"Irrigation guidance: Water based on crop stage—establishment, vegetative growth, and reproductive stages need careful scheduling. Avoid waterlogging; use mulch to conserve moisture and consider drip irrigation for efficiency. Tip: Monitor fields weekly during critical growth stages for early pest detection.",sugarcane,irrigation
How can I improve which soil types are most suitable for cultivating barley?,"Soil advice: Soil appears alkaline (pH 7.5+). Recommended N-P-K levels: N=medium, P=low, K=medium. Add organic matter and consider liming if acidic. Perform a soil test for exact fertilizer recommendations; use compost to improve organic matter. Tip: Rotate crops to reduce pest and disease pressure.",barley,soil
What are the best seed varieties of wheat for high yield and disease resistance in my region?,"Pest/Disease guidance: Inspect plants for symptoms (spots, wilting, yellowing). Use integrated pest management (IPM): crop rotation, resistant varieties, targeted biocontrols, and correct pesticide application. If unsure, collect a sample and consult local extension services. Tip: Monitor fields weekly during critical growth stages for early pest detection.",wheat,pest/disease
How do I determine the optimal planting time for apple in arid zones?,"For Apple: Follow certified seed, appropriate plant spacing, monitor for pests, and conduct soil tests. Apply balanced fertilizer based on soil test results and follow recommended irrigation schedules for the crop. Tip: Test soil every 2-3 years and follow recommended fertilizer programs.",apple,general
How can I improve what are the best seed varieties of cotton for high yield and disease resistance in tropical areas?,"Pest/Disease guidance: Inspect plants for symptoms (spots, wilting, yellowing). Use integrated pest management (IPM): crop rotation, resistant varieties, targeted biocontrols, and correct pesticide application. If unsure, collect a sample and consult local extension services. Tip: Use certified seed and treat seeds where appropriate to reduce seed-borne diseases.",cotton,pest/disease
How can I improve how do I identify nematode damage in sorghum and manage it?,"For Sorghum: Follow certified seed, appropriate plant spacing, monitor for pests, and conduct soil tests. Apply balanced fertilizer based on soil test results and follow recommended irrigation schedules for the crop. Tip: Rotate crops to reduce pest and disease pressure.",sorghum,general
How can I improve what mechanization options are suitable for corn on medium farms?,"For Corn: Follow certified seed, appropriate plant spacing, monitor for pests, and conduct soil tests. Apply balanced fertilizer based on soil test results and follow recommended irrigation schedules for the crop. Tip: Test soil every 2-3 years and follow recommended fertilizer programs.",corn,general
How can I improve what are harvesting indicators that show garlic is ready to harvest?,"Post-harvest: Harvest at physiological maturity, dry to safe moisture content, and store in a cool, dry place to avoid pests. Use proper packaging and consider value-added processing to increase shelf life. Tip: Test soil every 2-3 years and follow recommended fertilizer programs.",garlic,post-harvest
How can I improve how to select appropriate fertilizer blends for soybean?,"For Soybean: Follow certified seed, appropriate plant spacing, monitor for pests, and conduct soil tests. Apply balanced fertilizer based on soil test results and follow recommended irrigation schedules for the crop. Tip: Test soil every 2-3 years and follow recommended fertilizer programs.",soybean,general
How do I determine the optimal planting time for banana in coastal areas?,"For Banana: Follow certified seed, appropriate plant spacing, monitor for pests, and conduct soil tests. Apply balanced fertilizer based on soil test results and follow recommended irrigation schedules for the crop. Tip: Monitor fields weekly during critical growth stages for early pest detection.",banana,general
How can I improve what are common post-harvest pests affecting lentil and how to prevent them?,"Pest/Disease guidance: Inspect plants for symptoms (spots, wilting, yellowing). Use integrated pest management (IPM): crop rotation, resistant varieties, targeted biocontrols, and correct pesticide application. If unsure, collect a sample and consult local extension services. Tip: Monitor fields weekly during critical growth stages for early pest detection.",lentil,pest/disease
How can I improve how do I determine the optimal planting time for millet in coastal areas?,"For Millet: Follow certified seed, appropriate plant spacing, monitor for pests, and conduct soil tests. Apply balanced fertilizer based on soil test results and follow recommended irrigation schedules for the crop. Tip: Apply compost or well-rotted manure annually to improve soil structure.",millet,general
How do I determine the optimal planting time for pea in my region?,"For Pea: Follow certified seed, appropriate plant spacing, monitor for pests, and conduct soil tests. Apply balanced fertilizer based on soil test results and follow recommended irrigation schedules for the crop. Tip: Test soil every 2-3 years and follow recommended fertilizer programs.",pea,general
How can I improve how do I prepare a soil bed for transplanting pea seedlings?,"Soil advice: Soil appears acidic (pH 5.5-6.5). Recommended N-P-K levels: N=low, P=medium, K=medium. Add organic matter and consider liming if acidic. Perform a soil test for exact fertilizer recommendations; use compost to improve organic matter. Tip: Use certified seed and treat seeds where appropriate to reduce seed-borne diseases.",pea,soil
How can I improve how to reduce fertilizer runoff from tea fields and protect water quality?,"Irrigation guidance: Water based on crop stage—establishment, vegetative growth, and reproductive stages need careful scheduling. Avoid waterlogging; use mulch to conserve moisture and consider drip irrigation for efficiency. Tip: Apply compost or well-rotted manure annually to improve soil structure.",tea,irrigation
How can I improve what are harvesting indicators that show tomato is ready to harvest?,"Post-harvest: Harvest at physiological maturity, dry to safe moisture content, and store in a cool, dry place to avoid pests. Use proper packaging and consider value-added processing to increase shelf life. Tip: Use certified seed and treat seeds where appropriate to reduce seed-borne diseases.",tomato,post-harvest
What are the best seed varieties of corn for high yield and disease resistance in arid zones?,"Pest/Disease guidance: Inspect plants for symptoms (spots, wilting, yellowing). Use integrated pest management (IPM): crop rotation, resistant varieties, targeted biocontrols, and correct pesticide application. If unsure, collect a sample and consult local extension services. Tip: Test soil every 2-3 years and follow recommended fertilizer programs.",corn,pest/disease
How can I improve what are recommended spacing and plant density for wheat?,"For Wheat: Follow certified seed, appropriate plant spacing, monitor for pests, and conduct soil tests. Apply balanced fertilizer based on soil test results and follow recommended irrigation schedules for the crop. Tip: Rotate crops to reduce pest and disease pressure.",wheat,general
What are the best seed varieties of apple for high yield and disease resistance in temperate regions?,"Pest/Disease guidance: Inspect plants for symptoms (spots, wilting, yellowing). Use integrated pest management (IPM): crop rotation, resistant varieties, targeted biocontrols, and correct pesticide application. If unsure, collect a sample and consult local extension services. Tip: Use certified seed and treat seeds where appropriate to reduce seed-borne diseases.",apple,pest/disease
How can I improve how can I increase tea yield on smallholder farms?,"Post-harvest: Harvest at physiological maturity, dry to safe moisture content, and store in a cool, dry place to avoid pests. Use proper packaging and consider value-added processing to increase shelf life. Tip: Apply compost or well-rotted manure annually to improve soil structure.",tea,post-harvest
How can I improve how do I select disease-resistant tomato varieties for my area?,"Pest/Disease guidance: Inspect plants for symptoms (spots, wilting, yellowing). Use integrated pest management (IPM): crop rotation, resistant varieties, targeted biocontrols, and correct pesticide application. If unsure, collect a sample and consult local extension services. Tip: Rotate crops to reduce pest and disease pressure.",tomato,pest/disease
How do I determine the optimal planting time for tea in temperate regions?,"For Tea: Follow certified seed, appropriate plant spacing, monitor for pests, and conduct soil tests. Apply balanced fertilizer based on soil test results and follow recommended irrigation schedules for the crop. Tip: Monitor fields weekly during critical growth stages for early pest detection.",tea,general
How can I improve how to establish a nursery for rice seedlings?,"For Rice: Follow certified seed, appropriate plant spacing, monitor for pests, and conduct soil tests. Apply balanced fertilizer based on soil test results and follow recommended irrigation schedules for the crop. Tip: Rotate crops to reduce pest and disease pressure.",rice,general
How can I improve how to manage salinity or alkalinity issues when growing sorghum?,"For Sorghum: Follow certified seed, appropriate plant spacing, monitor for pests, and conduct soil tests. Apply balanced fertilizer based on soil test results and follow recommended irrigation schedules for the crop. Tip: Test soil every 2-3 years and follow recommended fertilizer programs.",sorghum,general
How can I improve how do I determine the optimal planting time for tea in arid zones?,"For Tea: Follow certified seed, appropriate plant spacing, monitor for pests, and conduct soil tests. Apply balanced fertilizer based on soil test results and follow recommended irrigation schedules for the crop. Tip: Rotate crops to reduce pest and disease pressure.",tea,general
How can I improve what are common post-harvest pests affecting sorghum and how to prevent them?,"Pest/Disease guidance: Inspect plants for symptoms (spots, wilting, yellowing). Use integrated pest management (IPM): crop rotation, resistant varieties, targeted biocontrols, and correct pesticide application. If unsure, collect a sample and consult local extension services. Tip: Rotate crops to reduce pest and disease pressure.",sorghum,pest/disease
How can I improve how can I test soil fertility before planting maize?,"Soil advice: Soil appears acidic (pH 5.5-6.5). Recommended N-P-K levels: N=low, P=high, K=high. Add organic matter and consider liming if acidic. Perform a soil test for exact fertilizer recommendations; use compost to improve organic matter. Tip: Apply compost or well-rotted manure annually to improve soil structure.",maize,soil
How can I improve how can I improve seed germination rates for lentil?,"For Lentil: Follow certified seed, appropriate plant spacing, monitor for pests, and conduct soil tests. Apply balanced fertilizer based on soil test results and follow recommended irrigation schedules for the crop. Tip: Apply compost or well-rotted manure annually to improve soil structure.",lentil,general
How can I improve what cover crops complement pea in rotation to improve soil health?,"Soil advice: Soil appears neutral (pH 6.5-7.5). Recommended N-P-K levels: N=medium, P=low, K=low. Add organic matter and consider liming if acidic. Perform a soil test for exact fertilizer recommendations; use compost to improve organic matter. Tip: Test soil every 2-3 years and follow recommended fertilizer programs.",pea,soil
How can I improve how do I determine the optimal planting time for corn in high-altitude areas?,"For Corn: Follow certified seed, appropriate plant spacing, monitor for pests, and conduct soil tests. Apply balanced fertilizer based on soil test results and follow recommended irrigation schedules for the crop. Tip: Test soil every 2-3 years and follow recommended fertilizer programs.",corn,general
How can I improve how to manage post-harvest quality and grading for sorghum?,"Post-harvest: Harvest at physiological maturity, dry to safe moisture content, and store in a cool, dry place to avoid pests. Use proper packaging and consider value-added processing to increase shelf life. Tip: Use certified seed and treat seeds where appropriate to reduce seed-borne diseases.",sorghum,post-harvest
How can I improve what are recommended planting depths and sowing rates for garlic?,"For Garlic: Follow certified seed, appropriate plant spacing, monitor for pests, and conduct soil tests. Apply balanced fertilizer based on soil test results and follow recommended irrigation schedules for the crop. Tip: Monitor fields weekly during critical growth stages for early pest detection.",garlic,general
How can I improve what are the best seed varieties of cotton for high yield and disease resistance in coastal areas?,"Pest/Disease guidance: Inspect plants for symptoms (spots, wilting, yellowing). Use integrated pest management (IPM): crop rotation, resistant varieties, targeted biocontrols, and correct pesticide application. If unsure, collect a sample and consult local extension services. Tip: Apply compost or well-rotted manure annually to improve soil structure.",cotton,pest/disease
How can I improve how do I identify nematode damage in tomato and manage it?,"For Tomato: Follow certified seed, appropriate plant spacing, monitor for pests, and conduct soil tests. Apply balanced fertilizer based on soil test results and follow recommended irrigation schedules for the crop. Tip: Use certified seed and treat seeds where appropriate to reduce seed-borne diseases.",tomato,general
How can I improve how do I determine the optimal planting time for corn in coastal areas?,"For Corn: Follow certified seed, appropriate plant spacing, monitor for pests, and conduct soil tests. Apply balanced fertilizer based on soil test results and follow recommended irrigation schedules for the crop. Tip: Test soil every 2-3 years and follow recommended fertilizer programs.",corn,general
How can I improve what are recommended planting depths and sowing rates for pea?,"For Pea: Follow certified seed, appropriate plant spacing, monitor for pests, and conduct soil tests. Apply balanced fertilizer based on soil test results and follow recommended irrigation schedules for the crop. Tip: Monitor fields weekly during critical growth stages for early pest detection.",pea,general
How can I improve how do I select disease-resistant lentil varieties for my area?,"Pest/Disease guidance: Inspect plants for symptoms (spots, wilting, yellowing). Use integrated pest management (IPM): crop rotation, resistant varieties, targeted biocontrols, and correct pesticide application. If unsure, collect a sample and consult local extension services. Tip: Apply compost or well-rotted manure annually to improve soil structure.",lentil,pest/disease
How can I improve what are the best seed varieties of pulse for high yield and disease resistance in high-altitude areas?,"Pest/Disease guidance: Inspect plants for symptoms (spots, wilting, yellowing). Use integrated pest management (IPM): crop rotation, resistant varieties, targeted biocontrols, and correct pesticide application. If unsure, collect a sample and consult local extension services. Tip: Rotate crops to reduce pest and disease pressure.",pulse,pest/disease
How can I improve what are effective organic practices for growing rice?,"Soil advice: Soil appears alkaline (pH 7.5+). Recommended N-P-K levels: N=low, P=low, K=medium. Add organic matter and consider liming if acidic. Perform a soil test for exact fertilizer recommendations; use compost to improve organic matter. Tip: Apply compost or well-rotted manure annually to improve soil structure.",rice,soil
How can I improve what integrated pest management (IPM) strategies work well for pea?,"Pest/Disease guidance: Inspect plants for symptoms (spots, wilting, yellowing). Use integrated pest management (IPM): crop rotation, resistant varieties, targeted biocontrols, and correct pesticide application. If unsure, collect a sample and consult local extension services. Tip: Use certified seed and treat seeds where appropriate to reduce seed-borne diseases.",pea,pest/disease
How can I improve what are the symptoms of nutrient deficiency in coffee and how to address them?,"For Coffee: Follow certified seed, appropriate plant spacing, monitor for pests, and conduct soil tests. Apply balanced fertilizer based on soil test results and follow recommended irrigation schedules for the crop. Tip: Apply compost or well-rotted manure annually to improve soil structure.",coffee,general
How can I improve how can I increase wheat yield on smallholder farms?,"Post-harvest: Harvest at physiological maturity, dry to safe moisture content, and store in a cool, dry place to avoid pests. Use proper packaging and consider value-added processing to increase shelf life. Tip: Use certified seed and treat seeds where appropriate to reduce seed-borne diseases.",wheat,post-harvest
How do I determine the optimal planting time for pea in tropical areas?,"For Pea: Follow certified seed, appropriate plant spacing, monitor for pests, and conduct soil tests. Apply balanced fertilizer based on soil test results and follow recommended irrigation schedules for the crop. Tip: Use certified seed and treat seeds where appropriate to reduce seed-borne diseases.",pea,general
How can I improve how can I monitor grape health using drones or remote sensing?,"For Grape: Follow certified seed, appropriate plant spacing, monitor for pests, and conduct soil tests. Apply balanced fertilizer based on soil test results and follow recommended irrigation schedules for the crop. Tip: Apply compost or well-rotted manure annually to improve soil structure.",grape,general
How can I improve what mechanization options are suitable for maize on medium farms?,"For Maize: Follow certified seed, appropriate plant spacing, monitor for pests, and conduct soil tests. Apply balanced fertilizer based on soil test results and follow recommended irrigation schedules for the crop. Tip: Monitor fields weekly during critical growth stages for early pest detection.",maize,general
How can I improve what mechanization options are suitable for pulse on medium farms?,"For Pulse: Follow certified seed, appropriate plant spacing, monitor for pests, and conduct soil tests. Apply balanced fertilizer based on soil test results and follow recommended irrigation schedules for the crop. Tip: Apply compost or well-rotted manure annually to improve soil structure.",pulse,general
How can I improve what are effective organic practices for growing coffee?,"Soil advice: Soil appears neutral (pH 6.5-7.5). Recommended N-P-K levels: N=high, P=high, K=medium. Add organic matter and consider liming if acidic. Perform a soil test for exact fertilizer recommendations; use compost to improve organic matter. Tip: Use certified seed and treat seeds where appropriate to reduce seed-borne diseases.",coffee,soil
How can I improve how do I prepare a soil bed for transplanting apple seedlings?,"Soil advice: Soil appears neutral (pH 6.5-7.5). Recommended N-P-K levels: N=high, P=medium, K=high. Add organic matter and consider liming if acidic. Perform a soil test for exact fertilizer recommendations; use compost to improve organic matter. Tip: Rotate crops to reduce pest and disease pressure.",apple,soil
How can I improve how do I determine the optimal planting time for coffee in my region?,"For Coffee: Follow certified seed, appropriate plant spacing, monitor for pests, and conduct soil tests. Apply balanced fertilizer based on soil test results and follow recommended irrigation schedules for the crop. Tip: Apply compost or well-rotted manure annually to improve soil structure.",coffee,general
How can I improve what are the best seed varieties of pulse for high yield and disease resistance in temperate regions?,"Pest/Disease guidance: Inspect plants for symptoms (spots, wilting, yellowing). Use integrated pest management (IPM): crop rotation, resistant varieties, targeted biocontrols, and correct pesticide application. If unsure, collect a sample and consult local extension services. Tip: Use certified seed and treat seeds where appropriate to reduce seed-borne diseases.",pulse,pest/disease
How can I improve how to establish a nursery for apple seedlings?,"For Apple: Follow certified seed, appropriate plant spacing, monitor for pests, and conduct soil tests. Apply balanced fertilizer based on soil test results and follow recommended irrigation schedules for the crop. Tip: Use certified seed and treat seeds where appropriate to reduce seed-borne diseases.",apple,general
How can I improve what are the best seed varieties of potato for high yield and disease resistance in temperate regions?,"Pest/Disease guidance: Inspect plants for symptoms (spots, wilting, yellowing). Use integrated pest management (IPM): crop rotation, resistant varieties, targeted biocontrols, and correct pesticide application. If unsure, collect a sample and consult local extension services. Tip: Monitor fields weekly during critical growth stages for early pest detection.",potato,pest/disease
How can I improve how to select appropriate fertilizer blends for cotton?,"For Cotton: Follow certified seed, appropriate plant spacing, monitor for pests, and conduct soil tests. Apply balanced fertilizer based on soil test results and follow recommended irrigation schedules for the crop. Tip: Monitor fields weekly during critical growth stages for early pest detection.",cotton,general
How can I improve how do I diagnose fungal diseases in pea and treat them?,"Pest/Disease guidance: Inspect plants for symptoms (spots, wilting, yellowing). Use integrated pest management (IPM): crop rotation, resistant varieties, targeted biocontrols, and correct pesticide application. If unsure, collect a sample and consult local extension services. Tip: Test soil every 2-3 years and follow recommended fertilizer programs.",pea,pest/disease
How can I improve how do I determine the optimal planting time for tomato in temperate regions?,"For Tomato: Follow certified seed, appropriate plant spacing, monitor for pests, and conduct soil tests. Apply balanced fertilizer based on soil test results and follow recommended irrigation schedules for the crop. Tip: Rotate crops to reduce pest and disease pressure.",tomato,general
How can I improve how do I manage weeds in apple fields effectively?,"Pest/Disease guidance: Inspect plants for symptoms (spots, wilting, yellowing). Use integrated pest management (IPM): crop rotation, resistant varieties, targeted biocontrols, and correct pesticide application. If unsure, collect a sample and consult local extension services. Tip: Use certified seed and treat seeds where appropriate to reduce seed-borne diseases.",apple,pest/disease
How can I improve how do I diagnose fungal diseases in lentil and treat them?,"Pest/Disease guidance: Inspect plants for symptoms (spots, wilting, yellowing). Use integrated pest management (IPM): crop rotation, resistant varieties, targeted biocontrols, and correct pesticide application. If unsure, collect a sample and consult local extension services. Tip: Use certified seed and treat seeds where appropriate to reduce seed-borne diseases.",lentil,pest/disease
How can I improve how to perform a quick on-field soil test for sorghum planting?,"Soil advice: Soil appears acidic (pH 5.5-6.5). Recommended N-P-K levels: N=high, P=medium, K=high. Add organic matter and consider liming if acidic. Perform a soil test for exact fertilizer recommendations; use compost to improve organic matter. Tip: Use certified seed and treat seeds where appropriate to reduce seed-borne diseases.",sorghum,soil
How can I improve what are recommended spacing and plant density for soybean?,"For Soybean: Follow certified seed, appropriate plant spacing, monitor for pests, and conduct soil tests. Apply balanced fertilizer based on soil test results and follow recommended irrigation schedules for the crop. Tip: Test soil every 2-3 years and follow recommended fertilizer programs.",soybean,general
How can I improve what are the best seed varieties of potato for high yield and disease resistance in arid zones?,"Pest/Disease guidance: Inspect plants for symptoms (spots, wilting, yellowing). Use integrated pest management (IPM): crop rotation, resistant varieties, targeted biocontrols, and correct pesticide application. If unsure, collect a sample and consult local extension services. Tip: Apply compost or well-rotted manure annually to improve soil structure.",potato,pest/disease
How can I improve what are harvesting indicators that show sorghum is ready to harvest?,"Post-harvest: Harvest at physiological maturity, dry to safe moisture content, and store in a cool, dry place to avoid pests. Use proper packaging and consider value-added processing to increase shelf life. Tip: Test soil every 2-3 years and follow recommended fertilizer programs.",sorghum,post-harvest
How can I improve how to perform a quick on-field soil test for corn planting?,"Soil advice: Soil appears acidic (pH 5.5-6.5). Recommended N-P-K levels: N=low, P=high, K=medium. Add organic matter and consider liming if acidic. Perform a soil test for exact fertilizer recommendations; use compost to improve organic matter. Tip: Monitor fields weekly during critical growth stages for early pest detection.",corn,soil
How can I improve what are the best seed varieties of apple for high yield and disease resistance in arid zones?,"Pest/Disease guidance: Inspect plants for symptoms (spots, wilting, yellowing). Use integrated pest management (IPM): crop rotation, resistant varieties, targeted biocontrols, and correct pesticide application. If unsure, collect a sample and consult local extension services. Tip: Apply compost or well-rotted manure annually to improve soil structure.",apple,pest/disease
How can I improve how should I irrigate grape to maximize water efficiency?,"Irrigation guidance: Water based on crop stage—establishment, vegetative growth, and reproductive stages need careful scheduling. Avoid waterlogging; use mulch to conserve moisture and consider drip irrigation for efficiency. Tip: Apply compost or well-rotted manure annually to improve soil structure.",grape,irrigation
How can I improve how can I use compost and organic amendments for pea production?,"Soil advice: Soil appears alkaline (pH 7.5+). Recommended N-P-K levels: N=high, P=medium, K=high. Add organic matter and consider liming if acidic. Perform a soil test for exact fertilizer recommendations; use compost to improve organic matter. Tip: Monitor fields weekly during critical growth stages for early pest detection.",pea,soil
What are the best seed varieties of wheat for high yield and disease resistance in high-altitude areas?,"Pest/Disease guidance: Inspect plants for symptoms (spots, wilting, yellowing). Use integrated pest management (IPM): crop rotation, resistant varieties, targeted biocontrols, and correct pesticide application. If unsure, collect a sample and consult local extension services. Tip: Rotate crops to reduce pest and disease pressure.",wheat,pest/disease
How can I improve how to perform a quick on-field soil test for cotton planting?,"Soil advice: Soil appears neutral (pH 6.5-7.5). Recommended N-P-K levels: N=low, P=medium, K=low. Add organic matter and consider liming if acidic. Perform a soil test for exact fertilizer recommendations; use compost to improve organic matter. Tip: Use certified seed and treat seeds where appropriate to reduce seed-borne diseases.",cotton,soil
How can I improve how do I diagnose fungal diseases in apple and treat them?,"Pest/Disease guidance: Inspect plants for symptoms (spots, wilting, yellowing). Use integrated pest management (IPM): crop rotation, resistant varieties, targeted biocontrols, and correct pesticide application. If unsure, collect a sample and consult local extension services. Tip: Use certified seed and treat seeds where appropriate to reduce seed-borne diseases.",apple,pest/disease
How can I improve how do I manage irrigation scheduling for barley during drought?,"Irrigation guidance: Water based on crop stage—establishment, vegetative growth, and reproductive stages need careful scheduling. Avoid waterlogging; use mulch to conserve moisture and consider drip irrigation for efficiency. Tip: Test soil every 2-3 years and follow recommended fertilizer programs.",barley,irrigation
How can I improve how do I determine the optimal planting time for grape in arid zones?,"For Grape: Follow certified seed, appropriate plant spacing, monitor for pests, and conduct soil tests. Apply balanced fertilizer based on soil test results and follow recommended irrigation schedules for the crop. Tip: Apply compost or well-rotted manure annually to improve soil structure.",grape,general
How can I improve what integrated pest management (IPM) strategies work well for rice?,"Pest/Disease guidance: Inspect plants for symptoms (spots, wilting, yellowing). Use integrated pest management (IPM): crop rotation, resistant varieties, targeted biocontrols, and correct pesticide application. If unsure, collect a sample and consult local extension services. Tip: Test soil every 2-3 years and follow recommended fertilizer programs.",rice,pest/disease
How can I improve how to control bacterial diseases in pea crops?,"Pest/Disease guidance: Inspect plants for symptoms (spots, wilting, yellowing). Use integrated pest management (IPM): crop rotation, resistant varieties, targeted biocontrols, and correct pesticide application. If unsure, collect a sample and consult local extension services. Tip: Test soil every 2-3 years and follow recommended fertilizer programs.",pea,pest/disease
How can I improve how do I determine the optimal planting time for lentil in temperate regions?,"For Lentil: Follow certified seed, appropriate plant spacing, monitor for pests, and conduct soil tests. Apply balanced fertilizer based on soil test results and follow recommended irrigation schedules for the crop. Tip: Use certified seed and treat seeds where appropriate to reduce seed-borne diseases.",lentil,general
How can I improve how to manage salinity or alkalinity issues when growing apple?,"For Apple: Follow certified seed, appropriate plant spacing, monitor for pests, and conduct soil tests. Apply balanced fertilizer based on soil test results and follow recommended irrigation schedules for the crop. Tip: Apply compost or well-rotted manure annually to improve soil structure.",apple,general
How can I improve how can I improve seed germination rates for rice?,"For Rice: Follow certified seed, appropriate plant spacing, monitor for pests, and conduct soil tests. Apply balanced fertilizer based on soil test results and follow recommended irrigation schedules for the crop. Tip: Test soil every 2-3 years and follow recommended fertilizer programs.",rice,general
How can I improve how do I diagnose fungal diseases in rice and treat them?,"Pest/Disease guidance: Inspect plants for symptoms (spots, wilting, yellowing). Use integrated pest management (IPM): crop rotation, resistant varieties, targeted biocontrols, and correct pesticide application. If unsure, collect a sample and consult local extension services. Tip: Apply compost or well-rotted manure annually to improve soil structure.",rice,pest/disease
How can I improve how do I prepare a soil bed for transplanting cotton seedlings?,"Soil advice: Soil appears acidic (pH 5.5-6.5). Recommended N-P-K levels: N=medium, P=low, K=high. Add organic matter and consider liming if acidic. Perform a soil test for exact fertilizer recommendations; use compost to improve organic matter. Tip: Test soil every 2-3 years and follow recommended fertilizer programs.",cotton,soil
How can I improve how do I determine the optimal planting time for barley in coastal areas?,"For Barley: Follow certified seed, appropriate plant spacing, monitor for pests, and conduct soil tests. Apply balanced fertilizer based on soil test results and follow recommended irrigation schedules for the crop. Tip: Apply compost or well-rotted manure annually to improve soil structure.",barley,general
How can I improve what are the symptoms of nutrient deficiency in pea and how to address them?,"For Pea: Follow certified seed, appropriate plant spacing, monitor for pests, and conduct soil tests. Apply balanced fertilizer based on soil test results and follow recommended irrigation schedules for the crop. Tip: Monitor fields weekly during critical growth stages for early pest detection.",pea,general
How can I improve what are the best seed varieties of sorghum for high yield and disease resistance in coastal areas?,"Pest/Disease guidance: Inspect plants for symptoms (spots, wilting, yellowing). Use integrated pest management (IPM): crop rotation, resistant varieties, targeted biocontrols, and correct pesticide application. If unsure, collect a sample and consult local extension services. Tip: Rotate crops to reduce pest and disease pressure.",sorghum,pest/disease
How can I improve how to manage salinity or alkalinity issues when growing barley?,"For Barley: Follow certified seed, appropriate plant spacing, monitor for pests, and conduct soil tests. Apply balanced fertilizer based on soil test results and follow recommended irrigation schedules for the crop. Tip: Monitor fields weekly during critical growth stages for early pest detection.",barley,general
How can I improve what government schemes support soybean farmers and how to apply?,"For Soybean: Follow certified seed, appropriate plant spacing, monitor for pests, and conduct soil tests. Apply balanced fertilizer based on soil test results and follow recommended irrigation schedules for the crop. Tip: Apply compost or well-rotted manure annually to improve soil structure.",soybean,general
How can I improve what are water-saving irrigation techniques suitable for tea?,"Irrigation guidance: Water based on crop stage—establishment, vegetative growth, and reproductive stages need careful scheduling. Avoid waterlogging; use mulch to conserve moisture and consider drip irrigation for efficiency. Tip: Rotate crops to reduce pest and disease pressure.",tea,irrigation
How can I improve what cover crops complement cotton in rotation to improve soil health?,"Soil advice: Soil appears acidic (pH 5.5-6.5). Recommended N-P-K levels: N=low, P=low, K=high. Add organic matter and consider liming if acidic. Perform a soil test for exact fertilizer recommendations; use compost to improve organic matter. Tip: Monitor fields weekly during critical growth stages for early pest detection.",cotton,soil
How can I improve how do I determine the optimal planting time for cotton in temperate regions?,"For Cotton: Follow certified seed, appropriate plant spacing, monitor for pests, and conduct soil tests. Apply balanced fertilizer based on soil test results and follow recommended irrigation schedules for the crop. Tip: Monitor fields weekly during critical growth stages for early pest detection.",cotton,general
How can I improve how do I select disease-resistant sugarcane varieties for my area?,"Pest/Disease guidance: Inspect plants for symptoms (spots, wilting, yellowing). Use integrated pest management (IPM): crop rotation, resistant varieties, targeted biocontrols, and correct pesticide application. If unsure, collect a sample and consult local extension services. Tip: Rotate crops to reduce pest and disease pressure.",sugarcane,pest/disease
How can I improve what fertilizer program should I follow for a healthy onion crop?,"For Onion: Follow certified seed, appropriate plant spacing, monitor for pests, and conduct soil tests. Apply balanced fertilizer based on soil test results and follow recommended irrigation schedules for the crop. Tip: Test soil every 2-3 years and follow recommended fertilizer programs.",onion,general
How can I improve what are the best seed varieties of millet for high yield and disease resistance in high-altitude areas?,"Pest/Disease guidance: Inspect plants for symptoms (spots, wilting, yellowing). Use integrated pest management (IPM): crop rotation, resistant varieties, targeted biocontrols, and correct pesticide application. If unsure, collect a sample and consult local extension services. Tip: Apply compost or well-rotted manure annually to improve soil structure.",millet,pest/disease
How do I determine the optimal planting time for coffee in temperate regions?,"For Coffee: Follow certified seed, appropriate plant spacing, monitor for pests, and conduct soil tests. Apply balanced fertilizer based on soil test results and follow recommended irrigation schedules for the crop. Tip: Test soil every 2-3 years and follow recommended fertilizer programs.",coffee,general
How can I improve how to reduce fertilizer runoff from garlic fields and protect water quality?,"Irrigation guidance: Water based on crop stage—establishment, vegetative growth, and reproductive stages need careful scheduling. Avoid waterlogging; use mulch to conserve moisture and consider drip irrigation for efficiency. Tip: Use certified seed and treat seeds where appropriate to reduce seed-borne diseases.",garlic,irrigation
How can I improve what are recommended spacing and plant density for apple?,"For Apple: Follow certified seed, appropriate plant spacing, monitor for pests, and conduct soil tests. Apply balanced fertilizer based on soil test results and follow recommended irrigation schedules for the crop. Tip: Apply compost or well-rotted manure annually to improve soil structure.",apple,general
How can I improve what are effective organic practices for growing garlic?,"Soil advice: Soil appears acidic (pH 5.5-6.5). Recommended N-P-K levels: N=medium, P=high, K=high. Add organic matter and consider liming if acidic. Perform a soil test for exact fertilizer recommendations; use compost to improve organic matter. Tip: Test soil every 2-3 years and follow recommended fertilizer programs.",garlic,soil
How can I improve how do I determine the optimal planting time for wheat in high-altitude areas?,"For Wheat: Follow certified seed, appropriate plant spacing, monitor for pests, and conduct soil tests. Apply balanced fertilizer based on soil test results and follow recommended irrigation schedules for the crop. Tip: Use certified seed and treat seeds where appropriate to reduce seed-borne diseases.",wheat,general
How can I improve what are recommended spacing and plant density for sorghum?,"For Sorghum: Follow certified seed, appropriate plant spacing, monitor for pests, and conduct soil tests. Apply balanced fertilizer based on soil test results and follow recommended irrigation schedules for the crop. Tip: Rotate crops to reduce pest and disease pressure.",sorghum,general
How can I improve how should I irrigate garlic to maximize water efficiency?,"Irrigation guidance: Water based on crop stage—establishment, vegetative growth, and reproductive stages need careful scheduling. Avoid waterlogging; use mulch to conserve moisture and consider drip irrigation for efficiency. Tip: Monitor fields weekly during critical growth stages for early pest detection.",garlic,irrigation
How do I determine the optimal planting time for garlic in tropical areas?,"For Garlic: Follow certified seed, appropriate plant spacing, monitor for pests, and conduct soil tests. Apply balanced fertilizer based on soil test results and follow recommended irrigation schedules for the crop. Tip: Apply compost or well-rotted manure annually to improve soil structure.",garlic,general
How do I determine the optimal planting time for corn in temperate regions?,"For Corn: Follow certified seed, appropriate plant spacing, monitor for pests, and conduct soil tests. Apply balanced fertilizer based on soil test results and follow recommended irrigation schedules for the crop. Tip: Rotate crops to reduce pest and disease pressure.",corn,general
How can I improve what are water-saving irrigation techniques suitable for rice?,"Irrigation guidance: Water based on crop stage—establishment, vegetative growth, and reproductive stages need careful scheduling. Avoid waterlogging; use mulch to conserve moisture and consider drip irrigation for efficiency. Tip: Monitor fields weekly during critical growth stages for early pest detection.",rice,irrigation
How can I improve how do I manage irrigation scheduling for rice during drought?,"Irrigation guidance: Water based on crop stage—establishment, vegetative growth, and reproductive stages need careful scheduling. Avoid waterlogging; use mulch to conserve moisture and consider drip irrigation for efficiency. Tip: Monitor fields weekly during critical growth stages for early pest detection.",rice,irrigation
How can I improve how do I manage irrigation scheduling for wheat during drought?,"Irrigation guidance: Water based on crop stage—establishment, vegetative growth, and reproductive stages need careful scheduling. Avoid waterlogging; use mulch to conserve moisture and consider drip irrigation for efficiency. Tip: Use certified seed and treat seeds where appropriate to reduce seed-borne diseases.",wheat,irrigation
How can I improve what are water-saving irrigation techniques suitable for apple?,"Irrigation guidance: Water based on crop stage—establishment, vegetative growth, and reproductive stages need careful scheduling. Avoid waterlogging; use mulch to conserve moisture and consider drip irrigation for efficiency. Tip: Use certified seed and treat seeds where appropriate to reduce seed-borne diseases.",apple,irrigation
How can I improve how to control bacterial diseases in barley crops?,"Pest/Disease guidance: Inspect plants for symptoms (spots, wilting, yellowing). Use integrated pest management (IPM): crop rotation, resistant varieties, targeted biocontrols, and correct pesticide application. If unsure, collect a sample and consult local extension services. Tip: Use certified seed and treat seeds where appropriate to reduce seed-borne diseases.",barley,pest/disease
How can I improve how do I manage irrigation scheduling for soybean during drought?,"Irrigation guidance: Water based on crop stage—establishment, vegetative growth, and reproductive stages need careful scheduling. Avoid waterlogging; use mulch to conserve moisture and consider drip irrigation for efficiency. Tip: Rotate crops to reduce pest and disease pressure.",soybean,irrigation
How can I improve how do I determine the optimal planting time for millet in my region?,"For Millet: Follow certified seed, appropriate plant spacing, monitor for pests, and conduct soil tests. Apply balanced fertilizer based on soil test results and follow recommended irrigation schedules for the crop. Tip: Rotate crops to reduce pest and disease pressure.",millet,general
How can I improve how do I determine the optimal planting time for sorghum in coastal areas?,"For Sorghum: Follow certified seed, appropriate plant spacing, monitor for pests, and conduct soil tests. Apply balanced fertilizer based on soil test results and follow recommended irrigation schedules for the crop. Tip: Test soil every 2-3 years and follow recommended fertilizer programs.",sorghum,general
How can I improve how do I determine the optimal planting time for barley in my region?,"For Barley: Follow certified seed, appropriate plant spacing, monitor for pests, and conduct soil tests. Apply balanced fertilizer based on soil test results and follow recommended irrigation schedules for the crop. Tip: Test soil every 2-3 years and follow recommended fertilizer programs.",barley,general
How can I improve what are early warning signs of pest outbreaks in apple fields?,"Pest/Disease guidance: Inspect plants for symptoms (spots, wilting, yellowing). Use integrated pest management (IPM): crop rotation, resistant varieties, targeted biocontrols, and correct pesticide application. If unsure, collect a sample and consult local extension services. Tip: Apply compost or well-rotted manure annually to improve soil structure.",apple,pest/disease
How do I determine the optimal planting time for onion in high-altitude areas?,"For Onion: Follow certified seed, appropriate plant spacing, monitor for pests, and conduct soil tests. Apply balanced fertilizer based on soil test results and follow recommended irrigation schedules for the crop. Tip: Monitor fields weekly during critical growth stages for early pest detection.",onion,general
How can I improve how do I identify nematode damage in onion and manage it?,"For Onion: Follow certified seed, appropriate plant spacing, monitor for pests, and conduct soil tests. Apply balanced fertilizer based on soil test results and follow recommended irrigation schedules for the crop. Tip: Rotate crops to reduce pest and disease pressure.",onion,general
How can I improve how to establish a nursery for sugarcane seedlings?,"For Sugarcane: Follow certified seed, appropriate plant spacing, monitor for pests, and conduct soil tests. Apply balanced fertilizer based on soil test results and follow recommended irrigation schedules for the crop. Tip: Use certified seed and treat seeds where appropriate to reduce seed-borne diseases.",sugarcane,general
How can I improve how should I irrigate wheat to maximize water efficiency?,"Irrigation guidance: Water based on crop stage—establishment, vegetative growth, and reproductive stages need careful scheduling. Avoid waterlogging; use mulch to conserve moisture and consider drip irrigation for efficiency. Tip: Apply compost or well-rotted manure annually to improve soil structure.",wheat,irrigation
How can I improve how do I determine the optimal planting time for banana in tropical areas?,"For Banana: Follow certified seed, appropriate plant spacing, monitor for pests, and conduct soil tests. Apply balanced fertilizer based on soil test results and follow recommended irrigation schedules for the crop. Tip: Monitor fields weekly during critical growth stages for early pest detection.",banana,general
How can I improve how do I select disease-resistant wheat varieties for my area?,"Pest/Disease guidance: Inspect plants for symptoms (spots, wilting, yellowing). Use integrated pest management (IPM): crop rotation, resistant varieties, targeted biocontrols, and correct pesticide application. If unsure, collect a sample and consult local extension services. Tip: Apply compost or well-rotted manure annually to improve soil structure.",wheat,pest/disease
How can I improve how do I determine the optimal planting time for millet in high-altitude areas?,"For Millet: Follow certified seed, appropriate plant spacing, monitor for pests, and conduct soil tests. Apply balanced fertilizer based on soil test results and follow recommended irrigation schedules for the crop. Tip: Monitor fields weekly during critical growth stages for early pest detection.",millet,general
How can I improve how do I determine the optimal planting time for soybean in coastal areas?,"For Soybean: Follow certified seed, appropriate plant spacing, monitor for pests, and conduct soil tests. Apply balanced fertilizer based on soil test results and follow recommended irrigation schedules for the crop. Tip: Use certified seed and treat seeds where appropriate to reduce seed-borne diseases.",soybean,general
How can I improve what are the symptoms of nutrient deficiency in sugarcane and how to address them?,"For Sugarcane: Follow certified seed, appropriate plant spacing, monitor for pests, and conduct soil tests. Apply balanced fertilizer based on soil test results and follow recommended irrigation schedules for the crop. Tip: Test soil every 2-3 years and follow recommended fertilizer programs.",sugarcane,general
How can I improve what are the best seed varieties of potato for high yield and disease resistance in my region?,"Pest/Disease guidance: Inspect plants for symptoms (spots, wilting, yellowing). Use integrated pest management (IPM): crop rotation, resistant varieties, targeted biocontrols, and correct pesticide application. If unsure, collect a sample and consult local extension services. Tip: Use certified seed and treat seeds where appropriate to reduce seed-borne diseases.",potato,pest/disease
How do I determine the optimal planting time for coffee in arid zones?,"For Coffee: Follow certified seed, appropriate plant spacing, monitor for pests, and conduct soil tests. Apply balanced fertilizer based on soil test results and follow recommended irrigation schedules for the crop. Tip: Rotate crops to reduce pest and disease pressure.",coffee,general
How can I improve how can I test soil fertility before planting cotton?,"Soil advice: Soil appears acidic (pH 5.5-6.5). Recommended N-P-K levels: N=medium, P=medium, K=high. Add organic matter and consider liming if acidic. Perform a soil test for exact fertilizer recommendations; use compost to improve organic matter. Tip: Rotate crops to reduce pest and disease pressure.",cotton,soil
How can I improve how to control bacterial diseases in maize crops?,"Pest/Disease guidance: Inspect plants for symptoms (spots, wilting, yellowing). Use integrated pest management (IPM): crop rotation, resistant varieties, targeted biocontrols, and correct pesticide application. If unsure, collect a sample and consult local extension services. Tip: Rotate crops to reduce pest and disease pressure.",maize,pest/disease
How can I improve what are the best seed varieties of sugarcane for high yield and disease resistance in coastal areas?,"Pest/Disease guidance: Inspect plants for symptoms (spots, wilting, yellowing). Use integrated pest management (IPM): crop rotation, resistant varieties, targeted biocontrols, and correct pesticide application. If unsure, collect a sample and consult local extension services. Tip: Use certified seed and treat seeds where appropriate to reduce seed-borne diseases.",sugarcane,pest/disease
How can I improve how should I irrigate pulse to maximize water efficiency?,"Irrigation guidance: Water based on crop stage—establishment, vegetative growth, and reproductive stages need careful scheduling. Avoid waterlogging; use mulch to conserve moisture and consider drip irrigation for efficiency. Tip: Monitor fields weekly during critical growth stages for early pest detection.",pulse,irrigation
How can I improve how do I determine the optimal planting time for soybean in temperate regions?,"For Soybean: Follow certified seed, appropriate plant spacing, monitor for pests, and conduct soil tests. Apply balanced fertilizer based on soil test results and follow recommended irrigation schedules for the crop. Tip: Rotate crops to reduce pest and disease pressure.",soybean,general
How can I improve which soil types are most suitable for cultivating onion?,"Soil advice: Soil appears acidic (pH 5.5-6.5). Recommended N-P-K levels: N=medium, P=medium, K=medium. Add organic matter and consider liming if acidic. Perform a soil test for exact fertilizer recommendations; use compost to improve organic matter. Tip: Use certified seed and treat seeds where appropriate to reduce seed-borne diseases.",onion,soil
How do I determine the optimal planting time for tomato in high-altitude areas?,"For Tomato: Follow certified seed, appropriate plant spacing, monitor for pests, and conduct soil tests. Apply balanced fertilizer based on soil test results and follow recommended irrigation schedules for the crop. Tip: Test soil every 2-3 years and follow recommended fertilizer programs.",tomato,general
How can I improve how can I test soil fertility before planting tea?,"Soil advice: Soil appears neutral (pH 6.5-7.5). Recommended N-P-K levels: N=medium, P=high, K=low. Add organic matter and consider liming if acidic. Perform a soil test for exact fertilizer recommendations; use compost to improve organic matter. Tip: Rotate crops to reduce pest and disease pressure.",tea,soil
How can I improve what are recommended planting depths and sowing rates for maize?,"For Maize: Follow certified seed, appropriate plant spacing, monitor for pests, and conduct soil tests. Apply balanced fertilizer based on soil test results and follow recommended irrigation schedules for the crop. Tip: Apply compost or well-rotted manure annually to improve soil structure.",maize,general
How can I improve how can I monitor rice health using drones or remote sensing?,"For Rice: Follow certified seed, appropriate plant spacing, monitor for pests, and conduct soil tests. Apply balanced fertilizer based on soil test results and follow recommended irrigation schedules for the crop. Tip: Rotate crops to reduce pest and disease pressure.",rice,general
What are the best seed varieties of tomato for high yield and disease resistance in my region?,"Pest/Disease guidance: Inspect plants for symptoms (spots, wilting, yellowing). Use integrated pest management (IPM): crop rotation, resistant varieties, targeted biocontrols, and correct pesticide application. If unsure, collect a sample and consult local extension services. Tip: Use certified seed and treat seeds where appropriate to reduce seed-borne diseases.",tomato,pest/disease
How can I improve what are recommended spacing and plant density for coffee?,"For Coffee: Follow certified seed, appropriate plant spacing, monitor for pests, and conduct soil tests. Apply balanced fertilizer based on soil test results and follow recommended irrigation schedules for the crop. Tip: Apply compost or well-rotted manure annually to improve soil structure.",coffee,general
How can I improve what integrated pest management (IPM) strategies work well for corn?,"Pest/Disease guidance: Inspect plants for symptoms (spots, wilting, yellowing). Use integrated pest management (IPM): crop rotation, resistant varieties, targeted biocontrols, and correct pesticide application. If unsure, collect a sample and consult local extension services. Tip: Rotate crops to reduce pest and disease pressure.",corn,pest/disease
How can I improve what are the best seed varieties of wheat for high yield and disease resistance in coastal areas?,"Pest/Disease guidance: Inspect plants for symptoms (spots, wilting, yellowing). Use integrated pest management (IPM): crop rotation, resistant varieties, targeted biocontrols, and correct pesticide application. If unsure, collect a sample and consult local extension services. Tip: Monitor fields weekly during critical growth stages for early pest detection.",wheat,pest/disease
How can I improve what integrated pest management (IPM) strategies work well for tomato?,"Pest/Disease guidance: Inspect plants for symptoms (spots, wilting, yellowing). Use integrated pest management (IPM): crop rotation, resistant varieties, targeted biocontrols, and correct pesticide application. If unsure, collect a sample and consult local extension services. Tip: Apply compost or well-rotted manure annually to improve soil structure.",tomato,pest/disease
How can I improve how do I determine the optimal planting time for maize in arid zones?,"For Maize: Follow certified seed, appropriate plant spacing, monitor for pests, and conduct soil tests. Apply balanced fertilizer based on soil test results and follow recommended irrigation schedules for the crop. Tip: Rotate crops to reduce pest and disease pressure.",maize,general
How can I improve what mechanization options are suitable for garlic on medium farms?,"For Garlic: Follow certified seed, appropriate plant spacing, monitor for pests, and conduct soil tests. Apply balanced fertilizer based on soil test results and follow recommended irrigation schedules for the crop. Tip: Apply compost or well-rotted manure annually to improve soil structure.",garlic,general
How can I improve what are the best seed varieties of sorghum for high yield and disease resistance in my region?,"Pest/Disease guidance: Inspect plants for symptoms (spots, wilting, yellowing). Use integrated pest management (IPM): crop rotation, resistant varieties, targeted biocontrols, and correct pesticide application. If unsure, collect a sample and consult local extension services. Tip: Monitor fields weekly during critical growth stages for early pest detection.",sorghum,pest/disease
How can I improve what are the best seed varieties of tea for high yield and disease resistance in my region?,"Pest/Disease guidance: Inspect plants for symptoms (spots, wilting, yellowing). Use integrated pest management (IPM): crop rotation, resistant varieties, targeted biocontrols, and correct pesticide application. If unsure, collect a sample and consult local extension services. Tip: Test soil every 2-3 years and follow recommended fertilizer programs.",tea,pest/disease
How can I improve how to reduce fertilizer runoff from tomato fields and protect water quality?,"Irrigation guidance: Water based on crop stage—establishment, vegetative growth, and reproductive stages need careful scheduling. Avoid waterlogging; use mulch to conserve moisture and consider drip irrigation for efficiency. Tip: Rotate crops to reduce pest and disease pressure.",tomato,irrigation
How can I improve how do I determine the optimal planting time for sugarcane in tropical areas?,"For Sugarcane: Follow certified seed, appropriate plant spacing, monitor for pests, and conduct soil tests. Apply balanced fertilizer based on soil test results and follow recommended irrigation schedules for the crop. Tip: Rotate crops to reduce pest and disease pressure.",sugarcane,general
How can I improve what are the best seed varieties of coffee for high yield and disease resistance in my region?,"Pest/Disease guidance: Inspect plants for symptoms (spots, wilting, yellowing). Use integrated pest management (IPM): crop rotation, resistant varieties, targeted biocontrols, and correct pesticide application. If unsure, collect a sample and consult local extension services. Tip: Use certified seed and treat seeds where appropriate to reduce seed-borne diseases.",coffee,pest/disease
How can I improve how to establish a nursery for barley seedlings?,"For Barley: Follow certified seed, appropriate plant spacing, monitor for pests, and conduct soil tests. Apply balanced fertilizer based on soil test results and follow recommended irrigation schedules for the crop. Tip: Monitor fields weekly during critical growth stages for early pest detection.",barley,general
How can I improve how do I determine the optimal planting time for tomato in my region?,"For Tomato: Follow certified seed, appropriate plant spacing, monitor for pests, and conduct soil tests. Apply balanced fertilizer based on soil test results and follow recommended irrigation schedules for the crop. Tip: Rotate crops to reduce pest and disease pressure.",tomato,general
How can I improve what are the best seed varieties of lentil for high yield and disease resistance in temperate regions?,"Pest/Disease guidance: Inspect plants for symptoms (spots, wilting, yellowing). Use integrated pest management (IPM): crop rotation, resistant varieties, targeted biocontrols, and correct pesticide application. If unsure, collect a sample and consult local extension services. Tip: Test soil every 2-3 years and follow recommended fertilizer programs.",lentil,pest/disease
How can I improve what are common post-harvest pests affecting tea and how to prevent them?,"Pest/Disease guidance: Inspect plants for symptoms (spots, wilting, yellowing). Use integrated pest management (IPM): crop rotation, resistant varieties, targeted biocontrols, and correct pesticide application. If unsure, collect a sample and consult local extension services. Tip: Use certified seed and treat seeds where appropriate to reduce seed-borne diseases.",tea,pest/disease
How can I improve how do I determine the optimal planting time for pulse in high-altitude areas?,"For Pulse: Follow certified seed, appropriate plant spacing, monitor for pests, and conduct soil tests. Apply balanced fertilizer based on soil test results and follow recommended irrigation schedules for the crop. Tip: Use certified seed and treat seeds where appropriate to reduce seed-borne diseases.",pulse,general
How can I improve how can I monitor garlic health using drones or remote sensing?,"For Garlic: Follow certified seed, appropriate plant spacing, monitor for pests, and conduct soil tests. Apply balanced fertilizer based on soil test results and follow recommended irrigation schedules for the crop. Tip: Monitor fields weekly during critical growth stages for early pest detection.",garlic,general
How can I improve how should I irrigate sugarcane to maximize water efficiency?,"Irrigation guidance: Water based on crop stage—establishment, vegetative growth, and reproductive stages need careful scheduling. Avoid waterlogging; use mulch to conserve moisture and consider drip irrigation for efficiency. Tip: Apply compost or well-rotted manure annually to improve soil structure.",sugarcane,irrigation
How can I improve what integrated pest management (IPM) strategies work well for coffee?,"Pest/Disease guidance: Inspect plants for symptoms (spots, wilting, yellowing). Use integrated pest management (IPM): crop rotation, resistant varieties, targeted biocontrols, and correct pesticide application. If unsure, collect a sample and consult local extension services. Tip: Apply compost or well-rotted manure annually to improve soil structure.",coffee,pest/disease
How can I improve how do I determine the optimal planting time for barley in high-altitude areas?,"For Barley: Follow certified seed, appropriate plant spacing, monitor for pests, and conduct soil tests. Apply balanced fertilizer based on soil test results and follow recommended irrigation schedules for the crop. Tip: Use certified seed and treat seeds where appropriate to reduce seed-borne diseases.",barley,general
How do I determine the optimal planting time for tomato in tropical areas?,"For Tomato: Follow certified seed, appropriate plant spacing, monitor for pests, and conduct soil tests. Apply balanced fertilizer based on soil test results and follow recommended irrigation schedules for the crop. Tip: Monitor fields weekly during critical growth stages for early pest detection.",tomato,general
How can I improve what are the best seed varieties of sorghum for high yield and disease resistance in tropical areas?,"Pest/Disease guidance: Inspect plants for symptoms (spots, wilting, yellowing). Use integrated pest management (IPM): crop rotation, resistant varieties, targeted biocontrols, and correct pesticide application. If unsure, collect a sample and consult local extension services. Tip: Use certified seed and treat seeds where appropriate to reduce seed-borne diseases.",sorghum,pest/disease
How can I improve how do I determine the optimal planting time for coffee in high-altitude areas?,"For Coffee: Follow certified seed, appropriate plant spacing, monitor for pests, and conduct soil tests. Apply balanced fertilizer based on soil test results and follow recommended irrigation schedules for the crop. Tip: Monitor fields weekly during critical growth stages for early pest detection.",coffee,general
How can I improve how to establish a nursery for corn seedlings?,"For Corn: Follow certified seed, appropriate plant spacing, monitor for pests, and conduct soil tests. Apply balanced fertilizer based on soil test results and follow recommended irrigation schedules for the crop. Tip: Rotate crops to reduce pest and disease pressure.",corn,general
How can I improve how to perform a quick on-field soil test for lentil planting?,"Soil advice: Soil appears acidic (pH 5.5-6.5). Recommended N-P-K levels: N=high, P=low, K=low. Add organic matter and consider liming if acidic. Perform a soil test for exact fertilizer recommendations; use compost to improve organic matter. Tip: Use certified seed and treat seeds where appropriate to reduce seed-borne diseases.",lentil,soil
How do I determine the optimal planting time for rice in arid zones?,"For Rice: Follow certified seed, appropriate plant spacing, monitor for pests, and conduct soil tests. Apply balanced fertilizer based on soil test results and follow recommended irrigation schedules for the crop. Tip: Apply compost or well-rotted manure annually to improve soil structure.",rice,general
How can I improve how do I determine the optimal planting time for tomato in arid zones?,"For Tomato: Follow certified seed, appropriate plant spacing, monitor for pests, and conduct soil tests. Apply balanced fertilizer based on soil test results and follow recommended irrigation schedules for the crop. Tip: Apply compost or well-rotted manure annually to improve soil structure.",tomato,general
How can I improve what are the best seed varieties of tomato for high yield and disease resistance in my region?,"Pest/Disease guidance: Inspect plants for symptoms (spots, wilting, yellowing). Use integrated pest management (IPM): crop rotation, resistant varieties, targeted biocontrols, and correct pesticide application. If unsure, collect a sample and consult local extension services. Tip: Apply compost or well-rotted manure annually to improve soil structure.",tomato,pest/disease
How can I improve how do I determine the optimal planting time for pea in high-altitude areas?,"For Pea: Follow certified seed, appropriate plant spacing, monitor for pests, and conduct soil tests. Apply balanced fertilizer based on soil test results and follow recommended irrigation schedules for the crop. Tip: Use certified seed and treat seeds where appropriate to reduce seed-borne diseases.",pea,general
What are the best seed varieties of corn for high yield and disease resistance in my region?,"Pest/Disease guidance: Inspect plants for symptoms (spots, wilting, yellowing). Use integrated pest management (IPM): crop rotation, resistant varieties, targeted biocontrols, and correct pesticide application. If unsure, collect a sample and consult local extension services. Tip: Test soil every 2-3 years and follow recommended fertilizer programs.",corn,pest/disease
How can I improve how do I determine the optimal planting time for maize in coastal areas?,"For Maize: Follow certified seed, appropriate plant spacing, monitor for pests, and conduct soil tests. Apply balanced fertilizer based on soil test results and follow recommended irrigation schedules for the crop. Tip: Apply compost or well-rotted manure annually to improve soil structure.",maize,general
How can I improve how do I determine the optimal planting time for lentil in arid zones?,"For Lentil: Follow certified seed, appropriate plant spacing, monitor for pests, and conduct soil tests. Apply balanced fertilizer based on soil test results and follow recommended irrigation schedules for the crop. Tip: Test soil every 2-3 years and follow recommended fertilizer programs.",lentil,general
How can I improve how to control bacterial diseases in pulse crops?,"Pest/Disease guidance: Inspect plants for symptoms (spots, wilting, yellowing). Use integrated pest management (IPM): crop rotation, resistant varieties, targeted biocontrols, and correct pesticide application. If unsure, collect a sample and consult local extension services. Tip: Rotate crops to reduce pest and disease pressure.",pulse,pest/disease
How can I improve how can I test soil fertility before planting barley?,"Soil advice: Soil appears neutral (pH 6.5-7.5). Recommended N-P-K levels: N=medium, P=medium, K=high. Add organic matter and consider liming if acidic. Perform a soil test for exact fertilizer recommendations; use compost to improve organic matter. Tip: Apply compost or well-rotted manure annually to improve soil structure.",barley,soil
How can I improve what are the best seed varieties of grape for high yield and disease resistance in my region?,"Pest/Disease guidance: Inspect plants for symptoms (spots, wilting, yellowing). Use integrated pest management (IPM): crop rotation, resistant varieties, targeted biocontrols, and correct pesticide application. If unsure, collect a sample and consult local extension services. Tip: Monitor fields weekly during critical growth stages for early pest detection.",grape,pest/disease
How can I improve how do I determine the optimal planting time for coffee in arid zones?,"For Coffee: Follow certified seed, appropriate plant spacing, monitor for pests, and conduct soil tests. Apply balanced fertilizer based on soil test results and follow recommended irrigation schedules for the crop. Tip: Apply compost or well-rotted manure annually to improve soil structure.",coffee,general
How can I improve how can I use compost and organic amendments for cotton production?,"Soil advice: Soil appears alkaline (pH 7.5+). Recommended N-P-K levels: N=high, P=medium, K=medium. Add organic matter and consider liming if acidic. Perform a soil test for exact fertilizer recommendations; use compost to improve organic matter. Tip: Monitor fields weekly during critical growth stages for early pest detection.",cotton,soil
How can I improve how do I determine the optimal planting time for pulse in temperate regions?,"For Pulse: Follow certified seed, appropriate plant spacing, monitor for pests, and conduct soil tests. Apply balanced fertilizer based on soil test results and follow recommended irrigation schedules for the crop. Tip: Apply compost or well-rotted manure annually to improve soil structure.",pulse,general
How can I improve what are the best seed varieties of corn for high yield and disease resistance in temperate regions?,"Pest/Disease guidance: Inspect plants for symptoms (spots, wilting, yellowing). Use integrated pest management (IPM): crop rotation, resistant varieties, targeted biocontrols, and correct pesticide application. If unsure, collect a sample and consult local extension services. Tip: Rotate crops to reduce pest and disease pressure.",corn,pest/disease
How can I improve what are the best seed varieties of tomato for high yield and disease resistance in coastal areas?,"Pest/Disease guidance: Inspect plants for symptoms (spots, wilting, yellowing). Use integrated pest management (IPM): crop rotation, resistant varieties, targeted biocontrols, and correct pesticide application. If unsure, collect a sample and consult local extension services. Tip: Monitor fields weekly during critical growth stages for early pest detection.",tomato,pest/disease
How can I improve what are the best seed varieties of pulse for high yield and disease resistance in tropical areas?,"Pest/Disease guidance: Inspect plants for symptoms (spots, wilting, yellowing). Use integrated pest management (IPM): crop rotation, resistant varieties, targeted biocontrols, and correct pesticide application. If unsure, collect a sample and consult local extension services. Tip: Rotate crops to reduce pest and disease pressure.",pulse,pest/disease
How can I improve how do I determine the optimal planting time for onion in coastal areas?,"For Onion: Follow certified seed, appropriate plant spacing, monitor for pests, and conduct soil tests. Apply balanced fertilizer based on soil test results and follow recommended irrigation schedules for the crop. Tip: Use certified seed and treat seeds where appropriate to reduce seed-borne diseases.",onion,general
How can I improve how do I determine the optimal planting time for onion in temperate regions?,"For Onion: Follow certified seed, appropriate plant spacing, monitor for pests, and conduct soil tests. Apply balanced fertilizer based on soil test results and follow recommended irrigation schedules for the crop. Tip: Monitor fields weekly during critical growth stages for early pest detection.",onion,general
How can I improve how to establish a nursery for tea seedlings?,"For Tea: Follow certified seed, appropriate plant spacing, monitor for pests, and conduct soil tests. Apply balanced fertilizer based on soil test results and follow recommended irrigation schedules for the crop. Tip: Apply compost or well-rotted manure annually to improve soil structure.",tea,general
How can I improve how do I determine the optimal planting time for garlic in coastal areas?,"For Garlic: Follow certified seed, appropriate plant spacing, monitor for pests, and conduct soil tests. Apply balanced fertilizer based on soil test results and follow recommended irrigation schedules for the crop. Tip: Test soil every 2-3 years and follow recommended fertilizer programs.",garlic,general
How can I improve what are the best seed varieties of garlic for high yield and disease resistance in temperate regions?,"Pest/Disease guidance: Inspect plants for symptoms (spots, wilting, yellowing). Use integrated pest management (IPM): crop rotation, resistant varieties, targeted biocontrols, and correct pesticide application. If unsure, collect a sample and consult local extension services. Tip: Rotate crops to reduce pest and disease pressure.",garlic,pest/disease
How can I improve what are the best seed varieties of lentil for high yield and disease resistance in tropical areas?,"Pest/Disease guidance: Inspect plants for symptoms (spots, wilting, yellowing). Use integrated pest management (IPM): crop rotation, resistant varieties, targeted biocontrols, and correct pesticide application. If unsure, collect a sample and consult local extension services. Tip: Rotate crops to reduce pest and disease pressure.",lentil,pest/disease
How can I improve what cover crops complement onion in rotation to improve soil health?,"Soil advice: Soil appears neutral (pH 6.5-7.5). Recommended N-P-K levels: N=low, P=high, K=high. Add organic matter and consider liming if acidic. Perform a soil test for exact fertilizer recommendations; use compost to improve organic matter. Tip: Test soil every 2-3 years and follow recommended fertilizer programs.",onion,soil
How can I improve how do I determine the optimal planting time for apple in tropical areas?,"For Apple: Follow certified seed, appropriate plant spacing, monitor for pests, and conduct soil tests. Apply balanced fertilizer based on soil test results and follow recommended irrigation schedules for the crop. Tip: Monitor fields weekly during critical growth stages for early pest detection.",apple,general
How can I improve what are the best seed varieties of tea for high yield and disease resistance in temperate regions?,"Pest/Disease guidance: Inspect plants for symptoms (spots, wilting, yellowing). Use integrated pest management (IPM): crop rotation, resistant varieties, targeted biocontrols, and correct pesticide application. If unsure, collect a sample and consult local extension services. Tip: Rotate crops to reduce pest and disease pressure.",tea,pest/disease
How can I improve what government schemes support maize farmers and how to apply?,"For Maize: Follow certified seed, appropriate plant spacing, monitor for pests, and conduct soil tests. Apply balanced fertilizer based on soil test results and follow recommended irrigation schedules for the crop. Tip: Test soil every 2-3 years and follow recommended fertilizer programs.",maize,general
How can I improve what are the best seed varieties of onion for high yield and disease resistance in temperate regions?,"Pest/Disease guidance: Inspect plants for symptoms (spots, wilting, yellowing). Use integrated pest management (IPM): crop rotation, resistant varieties, targeted biocontrols, and correct pesticide application. If unsure, collect a sample and consult local extension services. Tip: Monitor fields weekly during critical growth stages for early pest detection.",onion,pest/disease
How can I improve how do I determine the optimal planting time for garlic in temperate regions?,"For Garlic: Follow certified seed, appropriate plant spacing, monitor for pests, and conduct soil tests. Apply balanced fertilizer based on soil test results and follow recommended irrigation schedules for the crop. Tip: Rotate crops to reduce pest and disease pressure.",garlic,general
How can I improve how do I determine the optimal planting time for potato in high-altitude areas?,"For Potato: Follow certified seed, appropriate plant spacing, monitor for pests, and conduct soil tests. Apply balanced fertilizer based on soil test results and follow recommended irrigation schedules for the crop. Tip: Apply compost or well-rotted manure annually to improve soil structure.",potato,general
How can I improve how do I determine the optimal planting time for garlic in tropical areas?,"For Garlic: Follow certified seed, appropriate plant spacing, monitor for pests, and conduct soil tests. Apply balanced fertilizer based on soil test results and follow recommended irrigation schedules for the crop. Tip: Use certified seed and treat seeds where appropriate to reduce seed-borne diseases.",garlic,general
How can I improve how do I determine the optimal planting time for tea in high-altitude areas?,"For Tea: Follow certified seed, appropriate plant spacing, monitor for pests, and conduct soil tests. Apply balanced fertilizer based on soil test results and follow recommended irrigation schedules for the crop. Tip: Monitor fields weekly during critical growth stages for early pest detection.",tea,general
How can I improve how do I determine the optimal planting time for grape in high-altitude areas?,"For Grape: Follow certified seed, appropriate plant spacing, monitor for pests, and conduct soil tests. Apply balanced fertilizer based on soil test results and follow recommended irrigation schedules for the crop. Tip: Apply compost or well-rotted manure annually to improve soil structure.",grape,general
How can I improve what are the best seed varieties of barley for high yield and disease resistance in my region?,"Pest/Disease guidance: Inspect plants for symptoms (spots, wilting, yellowing). Use integrated pest management (IPM): crop rotation, resistant varieties, targeted biocontrols, and correct pesticide application. If unsure, collect a sample and consult local extension services. Tip: Use certified seed and treat seeds where appropriate to reduce seed-borne diseases.",barley,pest/disease
How can I improve how do I determine the optimal planting time for soybean in tropical areas?,"For Soybean: Follow certified seed, appropriate plant spacing, monitor for pests, and conduct soil tests. Apply balanced fertilizer based on soil test results and follow recommended irrigation schedules for the crop. Tip: Rotate crops to reduce pest and disease pressure.",soybean,general
How can I improve what are the best seed varieties of sugarcane for high yield and disease resistance in arid zones?,"Pest/Disease guidance: Inspect plants for symptoms (spots, wilting, yellowing). Use integrated pest management (IPM): crop rotation, resistant varieties, targeted biocontrols, and correct pesticide application. If unsure, collect a sample and consult local extension services. Tip: Use certified seed and treat seeds where appropriate to reduce seed-borne diseases.",sugarcane,pest/disease
How can I improve what are the best seed varieties of potato for high yield and disease resistance in tropical areas?,"Pest/Disease guidance: Inspect plants for symptoms (spots, wilting, yellowing). Use integrated pest management (IPM): crop rotation, resistant varieties, targeted biocontrols, and correct pesticide application. If unsure, collect a sample and consult local extension services. Tip: Test soil every 2-3 years and follow recommended fertilizer programs.",potato,pest/disease
How can I improve what are the best seed varieties of tomato for high yield and disease resistance in high-altitude areas?,"Pest/Disease guidance: Inspect plants for symptoms (spots, wilting, yellowing). Use integrated pest management (IPM): crop rotation, resistant varieties, targeted biocontrols, and correct pesticide application. If unsure, collect a sample and consult local extension services. Tip: Monitor fields weekly during critical growth stages for early pest detection.",tomato,pest/disease
How can I improve how do I determine the optimal planting time for rice in my region?,"For Rice: Follow certified seed, appropriate plant spacing, monitor for pests, and conduct soil tests. Apply balanced fertilizer based on soil test results and follow recommended irrigation schedules for the crop. Tip: Monitor fields weekly during critical growth stages for early pest detection.",rice,general
How can I improve how to build a simple storage facility to store rice after harvest?,"Post-harvest: Harvest at physiological maturity, dry to safe moisture content, and store in a cool, dry place to avoid pests. Use proper packaging and consider value-added processing to increase shelf life. Tip: Monitor fields weekly during critical growth stages for early pest detection.",rice,post-harvest
How can I improve how do I determine the optimal planting time for rice in arid zones?,"For Rice: Follow certified seed, appropriate plant spacing, monitor for pests, and conduct soil tests. Apply balanced fertilizer based on soil test results and follow recommended irrigation schedules for the crop. Tip: Rotate crops to reduce pest and disease pressure.",rice,general
How can I improve what fertilizer program should I follow for a healthy tea crop?,"For Tea: Follow certified seed, appropriate plant spacing, monitor for pests, and conduct soil tests. Apply balanced fertilizer based on soil test results and follow recommended irrigation schedules for the crop. Tip: Use certified seed and treat seeds where appropriate to reduce seed-borne diseases.",tea,general
How can I improve how do I determine the optimal planting time for grape in my region?,"For Grape: Follow certified seed, appropriate plant spacing, monitor for pests, and conduct soil tests. Apply balanced fertilizer based on soil test results and follow recommended irrigation schedules for the crop. Tip: Apply compost or well-rotted manure annually to improve soil structure.",grape,general
How can I improve what are the best seed varieties of banana for high yield and disease resistance in coastal areas?,"Pest/Disease guidance: Inspect plants for symptoms (spots, wilting, yellowing). Use integrated pest management (IPM): crop rotation, resistant varieties, targeted biocontrols, and correct pesticide application. If unsure, collect a sample and consult local extension services. Tip: Rotate crops to reduce pest and disease pressure.",banana,pest/disease
How can I improve how do I determine the optimal planting time for banana in arid zones?,"For Banana: Follow certified seed, appropriate plant spacing, monitor for pests, and conduct soil tests. Apply balanced fertilizer based on soil test results and follow recommended irrigation schedules for the crop. Tip: Test soil every 2-3 years and follow recommended fertilizer programs.",banana,general
How can I improve how do I determine the optimal planting time for potato in arid zones?,"For Potato: Follow certified seed, appropriate plant spacing, monitor for pests, and conduct soil tests. Apply balanced fertilizer based on soil test results and follow recommended irrigation schedules for the crop. Tip: Rotate crops to reduce pest and disease pressure.",potato,general
How can I improve what are the best seed varieties of rice for high yield and disease resistance in coastal areas?,"Pest/Disease guidance: Inspect plants for symptoms (spots, wilting, yellowing). Use integrated pest management (IPM): crop rotation, resistant varieties, targeted biocontrols, and correct pesticide application. If unsure, collect a sample and consult local extension services. Tip: Rotate crops to reduce pest and disease pressure.",rice,pest/disease
How can I improve what are the best seed varieties of banana for high yield and disease resistance in my region?,"Pest/Disease guidance: Inspect plants for symptoms (spots, wilting, yellowing). Use integrated pest management (IPM): crop rotation, resistant varieties, targeted biocontrols, and correct pesticide application. If unsure, collect a sample and consult local extension services. Tip: Monitor fields weekly during critical growth stages for early pest detection.",banana,pest/disease
How can I improve what are water-saving irrigation techniques suitable for corn?,"Irrigation guidance: Water based on crop stage—establishment, vegetative growth, and reproductive stages need careful scheduling. Avoid waterlogging; use mulch to conserve moisture and consider drip irrigation for efficiency. Tip: Monitor fields weekly during critical growth stages for early pest detection.",corn,irrigation
How can I improve what are the best seed varieties of maize for high yield and disease resistance in tropical areas?,"Pest/Disease guidance: Inspect plants for symptoms (spots, wilting, yellowing). Use integrated pest management (IPM): crop rotation, resistant varieties, targeted biocontrols, and correct pesticide application. If unsure, collect a sample and consult local extension services. Tip: Apply compost or well-rotted manure annually to improve soil structure.",maize,pest/disease
How can I improve how do I determine the optimal planting time for cotton in my region?,"For Cotton: Follow certified seed, appropriate plant spacing, monitor for pests, and conduct soil tests. Apply balanced fertilizer based on soil test results and follow recommended irrigation schedules for the crop. Tip: Test soil every 2-3 years and follow recommended fertilizer programs.",cotton,general
How can I improve what are the best seed varieties of barley for high yield and disease resistance in temperate regions?,"Pest/Disease guidance: Inspect plants for symptoms (spots, wilting, yellowing). Use integrated pest management (IPM): crop rotation, resistant varieties, targeted biocontrols, and correct pesticide application. If unsure, collect a sample and consult local extension services. Tip: Use certified seed and treat seeds where appropriate to reduce seed-borne diseases.",barley,pest/disease
How can I improve what are the best seed varieties of onion for high yield and disease resistance in tropical areas?,"Pest/Disease guidance: Inspect plants for symptoms (spots, wilting, yellowing). Use integrated pest management (IPM): crop rotation, resistant varieties, targeted biocontrols, and correct pesticide application. If unsure, collect a sample and consult local extension services. Tip: Rotate crops to reduce pest and disease pressure.",onion,pest/disease
How can I improve what are the best seed varieties of lentil for high yield and disease resistance in my region?,"Pest/Disease guidance: Inspect plants for symptoms (spots, wilting, yellowing). Use integrated pest management (IPM): crop rotation, resistant varieties, targeted biocontrols, and correct pesticide application. If unsure, collect a sample and consult local extension services. Tip: Apply compost or well-rotted manure annually to improve soil structure.",lentil,pest/disease
How can I improve how to control bacterial diseases in soybean crops?,"Pest/Disease guidance: Inspect plants for symptoms (spots, wilting, yellowing). Use integrated pest management (IPM): crop rotation, resistant varieties, targeted biocontrols, and correct pesticide application. If unsure, collect a sample and consult local extension services. Tip: Rotate crops to reduce pest and disease pressure.",soybean,pest/disease
How can I improve how do I determine the optimal planting time for apple in arid zones?,"For Apple: Follow certified seed, appropriate plant spacing, monitor for pests, and conduct soil tests. Apply balanced fertilizer based on soil test results and follow recommended irrigation schedules for the crop. Tip: Apply compost or well-rotted manure annually to improve soil structure.",apple,general
How can I improve how do I determine the optimal planting time for lentil in high-altitude areas?,"For Lentil: Follow certified seed, appropriate plant spacing, monitor for pests, and conduct soil tests. Apply balanced fertilizer based on soil test results and follow recommended irrigation schedules for the crop. Tip: Apply compost or well-rotted manure annually to improve soil structure.",lentil,general
How can I improve how do I determine the optimal planting time for maize in tropical areas?,"For Maize: Follow certified seed, appropriate plant spacing, monitor for pests, and conduct soil tests. Apply balanced fertilizer based on soil test results and follow recommended irrigation schedules for the crop. Tip: Use certified seed and treat seeds where appropriate to reduce seed-borne diseases.",maize,general
How can I improve how do I determine the optimal planting time for lentil in my region?,"For Lentil: Follow certified seed, appropriate plant spacing, monitor for pests, and conduct soil tests. Apply balanced fertilizer based on soil test results and follow recommended irrigation schedules for the crop. Tip: Use certified seed and treat seeds where appropriate to reduce seed-borne diseases.",lentil,general
How can I improve what are the best seed varieties of corn for high yield and disease resistance in my region?,"Pest/Disease guidance: Inspect plants for symptoms (spots, wilting, yellowing). Use integrated pest management (IPM): crop rotation, resistant varieties, targeted biocontrols, and correct pesticide application. If unsure, collect a sample and consult local extension services. Tip: Test soil every 2-3 years and follow recommended fertilizer programs.",corn,pest/disease
How can I improve what are the best seed varieties of millet for high yield and disease resistance in temperate regions?,"Pest/Disease guidance: Inspect plants for symptoms (spots, wilting, yellowing). Use integrated pest management (IPM): crop rotation, resistant varieties, targeted biocontrols, and correct pesticide application. If unsure, collect a sample and consult local extension services. Tip: Monitor fields weekly during critical growth stages for early pest detection.",millet,pest/disease
How can I improve what are the best seed varieties of millet for high yield and disease resistance in arid zones?,"Pest/Disease guidance: Inspect plants for symptoms (spots, wilting, yellowing). Use integrated pest management (IPM): crop rotation, resistant varieties, targeted biocontrols, and correct pesticide application. If unsure, collect a sample and consult local extension services. Tip: Use certified seed and treat seeds where appropriate to reduce seed-borne diseases.",millet,pest/disease
How can I improve what are the best seed varieties of coffee for high yield and disease resistance in coastal areas?,"Pest/Disease guidance: Inspect plants for symptoms (spots, wilting, yellowing). Use integrated pest management (IPM): crop rotation, resistant varieties, targeted biocontrols, and correct pesticide application. If unsure, collect a sample and consult local extension services. Tip: Rotate crops to reduce pest and disease pressure.",coffee,pest/disease
How can I improve what are the best seed varieties of lentil for high yield and disease resistance in arid zones?,"Pest/Disease guidance: Inspect plants for symptoms (spots, wilting, yellowing). Use integrated pest management (IPM): crop rotation, resistant varieties, targeted biocontrols, and correct pesticide application. If unsure, collect a sample and consult local extension services. Tip: Monitor fields weekly during critical growth stages for early pest detection.",lentil,pest/disease
How can I improve how do I determine the optimal planting time for sugarcane in high-altitude areas?,"For Sugarcane: Follow certified seed, appropriate plant spacing, monitor for pests, and conduct soil tests. Apply balanced fertilizer based on soil test results and follow recommended irrigation schedules for the crop. Tip: Monitor fields weekly during critical growth stages for early pest detection.",sugarcane,general
How can I improve what are the best seed varieties of barley for high yield and disease resistance in high-altitude areas?,"Pest/Disease guidance: Inspect plants for symptoms (spots, wilting, yellowing). Use integrated pest management (IPM): crop rotation, resistant varieties, targeted biocontrols, and correct pesticide application. If unsure, collect a sample and consult local extension services. Tip: Apply compost or well-rotted manure annually to improve soil structure.",barley,pest/disease
How can I improve how do I determine the optimal planting time for wheat in temperate regions?,"For Wheat: Follow certified seed, appropriate plant spacing, monitor for pests, and conduct soil tests. Apply balanced fertilizer based on soil test results and follow recommended irrigation schedules for the crop. Tip: Apply compost or well-rotted manure annually to improve soil structure.",wheat,general
How can I improve what are the best seed varieties of maize for high yield and disease resistance in my region?,"Pest/Disease guidance: Inspect plants for symptoms (spots, wilting, yellowing). Use integrated pest management (IPM): crop rotation, resistant varieties, targeted biocontrols, and correct pesticide application. If unsure, collect a sample and consult local extension services. Tip: Test soil every 2-3 years and follow recommended fertilizer programs.",maize,pest/disease
How can I improve what are the common pests of wheat and how to control them?,"Pest/Disease guidance: Inspect plants for symptoms (spots, wilting, yellowing). Use integrated pest management (IPM): crop rotation, resistant varieties, targeted biocontrols, and correct pesticide application. If unsure, collect a sample and consult local extension services. Tip: Test soil every 2-3 years and follow recommended fertilizer programs.",wheat,pest/disease
How can I improve how do I determine the optimal planting time for tomato in high-altitude areas?,"For Tomato: Follow certified seed, appropriate plant spacing, monitor for pests, and conduct soil tests. Apply balanced fertilizer based on soil test results and follow recommended irrigation schedules for the crop. Tip: Test soil every 2-3 years and follow recommended fertilizer programs.",tomato,general
How can I improve how do I determine the optimal planting time for apple in coastal areas?,"For Apple: Follow certified seed, appropriate plant spacing, monitor for pests, and conduct soil tests. Apply balanced fertilizer based on soil test results and follow recommended irrigation schedules for the crop. Tip: Monitor fields weekly during critical growth stages for early pest detection.",apple,general
How can I improve what are the best seed varieties of pea for high yield and disease resistance in temperate regions?,"Pest/Disease guidance: Inspect plants for symptoms (spots, wilting, yellowing). Use integrated pest management (IPM): crop rotation, resistant varieties, targeted biocontrols, and correct pesticide application. If unsure, collect a sample and consult local extension services. Tip: Use certified seed and treat seeds where appropriate to reduce seed-borne diseases.",pea,pest/disease
How can I improve how do I determine the optimal planting time for sugarcane in coastal areas?,"For Sugarcane: Follow certified seed, appropriate plant spacing, monitor for pests, and conduct soil tests. Apply balanced fertilizer based on soil test results and follow recommended irrigation schedules for the crop. Tip: Test soil every 2-3 years and follow recommended fertilizer programs.",sugarcane,general
How can I improve how do I determine the optimal planting time for corn in temperate regions?,"For Corn: Follow certified seed, appropriate plant spacing, monitor for pests, and conduct soil tests. Apply balanced fertilizer based on soil test results and follow recommended irrigation schedules for the crop. Tip: Apply compost or well-rotted manure annually to improve soil structure.",corn,general
How can I improve what are the best seed varieties of pea for high yield and disease resistance in coastal areas?,"Pest/Disease guidance: Inspect plants for symptoms (spots, wilting, yellowing). Use integrated pest management (IPM): crop rotation, resistant varieties, targeted biocontrols, and correct pesticide application. If unsure, collect a sample and consult local extension services. Tip: Use certified seed and treat seeds where appropriate to reduce seed-borne diseases.",pea,pest/disease
How can I improve what are the best seed varieties of cotton for high yield and disease resistance in temperate regions?,"Pest/Disease guidance: Inspect plants for symptoms (spots, wilting, yellowing). Use integrated pest management (IPM): crop rotation, resistant varieties, targeted biocontrols, and correct pesticide application. If unsure, collect a sample and consult local extension services. Tip: Test soil every 2-3 years and follow recommended fertilizer programs.",cotton,pest/disease
How can I improve what are the best seed varieties of pulse for high yield and disease resistance in coastal areas?,"Pest/Disease guidance: Inspect plants for symptoms (spots, wilting, yellowing). Use integrated pest management (IPM): crop rotation, resistant varieties, targeted biocontrols, and correct pesticide application. If unsure, collect a sample and consult local extension services. Tip: Apply compost or well-rotted manure annually to improve soil structure.",pulse,pest/disease
How can I improve what are the best seed varieties of sorghum for high yield and disease resistance in arid zones?,"Pest/Disease guidance: Inspect plants for symptoms (spots, wilting, yellowing). Use integrated pest management (IPM): crop rotation, resistant varieties, targeted biocontrols, and correct pesticide application. If unsure, collect a sample and consult local extension services. Tip: Test soil every 2-3 years and follow recommended fertilizer programs.",sorghum,pest/disease
How can I improve how do I determine the optimal planting time for pea in arid zones?,"For Pea: Follow certified seed, appropriate plant spacing, monitor for pests, and conduct soil tests. Apply balanced fertilizer based on soil test results and follow recommended irrigation schedules for the crop. Tip: Apply compost or well-rotted manure annually to improve soil structure.",pea,general
How can I improve how do I determine the optimal planting time for cotton in arid zones?,"For Cotton: Follow certified seed, appropriate plant spacing, monitor for pests, and conduct soil tests. Apply balanced fertilizer based on soil test results and follow recommended irrigation schedules for the crop. Tip: Monitor fields weekly during critical growth stages for early pest detection.",cotton,general
How can I improve what are the best seed varieties of soybean for high yield and disease resistance in arid zones?,"Pest/Disease guidance: Inspect plants for symptoms (spots, wilting, yellowing). Use integrated pest management (IPM): crop rotation, resistant varieties, targeted biocontrols, and correct pesticide application. If unsure, collect a sample and consult local extension services. Tip: Monitor fields weekly during critical growth stages for early pest detection.",soybean,pest/disease
How can I improve what are the best seed varieties of garlic for high yield and disease resistance in coastal areas?,"Pest/Disease guidance: Inspect plants for symptoms (spots, wilting, yellowing). Use integrated pest management (IPM): crop rotation, resistant varieties, targeted biocontrols, and correct pesticide application. If unsure, collect a sample and consult local extension services. Tip: Monitor fields weekly during critical growth stages for early pest detection.",garlic,pest/disease
How can I improve how do I determine the optimal planting time for sorghum in tropical areas?,"For Sorghum: Follow certified seed, appropriate plant spacing, monitor for pests, and conduct soil tests. Apply balanced fertilizer based on soil test results and follow recommended irrigation schedules for the crop. Tip: Monitor fields weekly during critical growth stages for early pest detection.",sorghum,general
How can I improve what are the best seed varieties of pulse for high yield and disease resistance in my region?,"Pest/Disease guidance: Inspect plants for symptoms (spots, wilting, yellowing). Use integrated pest management (IPM): crop rotation, resistant varieties, targeted biocontrols, and correct pesticide application. If unsure, collect a sample and consult local extension services. Tip: Rotate crops to reduce pest and disease pressure.",pulse,pest/disease
How can I improve what are the best seed varieties of soybean for high yield and disease resistance in temperate regions?,"Pest/Disease guidance: Inspect plants for symptoms (spots, wilting, yellowing). Use integrated pest management (IPM): crop rotation, resistant varieties, targeted biocontrols, and correct pesticide application. If unsure, collect a sample and consult local extension services. Tip: Rotate crops to reduce pest and disease pressure.",soybean,pest/disease
How can I improve how do I determine the optimal planting time for cotton in coastal areas?,"For Cotton: Follow certified seed, appropriate plant spacing, monitor for pests, and conduct soil tests. Apply balanced fertilizer based on soil test results and follow recommended irrigation schedules for the crop. Tip: Rotate crops to reduce pest and disease pressure.",cotton,general
How can I improve how do I determine the optimal planting time for maize in high-altitude areas?,"For Maize: Follow certified seed, appropriate plant spacing, monitor for pests, and conduct soil tests. Apply balanced fertilizer based on soil test results and follow recommended irrigation schedules for the crop. Tip: Use certified seed and treat seeds where appropriate to reduce seed-borne diseases.",maize,general
How can I improve what are the best seed varieties of tomato for high yield and disease resistance in tropical areas?,"Pest/Disease guidance: Inspect plants for symptoms (spots, wilting, yellowing). Use integrated pest management (IPM): crop rotation, resistant varieties, targeted biocontrols, and correct pesticide application. If unsure, collect a sample and consult local extension services. Tip: Rotate crops to reduce pest and disease pressure.",tomato,pest/disease
How can I improve what are the best seed varieties of coffee for high yield and disease resistance in tropical areas?,"Pest/Disease guidance: Inspect plants for symptoms (spots, wilting, yellowing). Use integrated pest management (IPM): crop rotation, resistant varieties, targeted biocontrols, and correct pesticide application. If unsure, collect a sample and consult local extension services. Tip: Test soil every 2-3 years and follow recommended fertilizer programs.",coffee,pest/disease
How can I improve what are the best seed varieties of pea for high yield and disease resistance in tropical areas?,"Pest/Disease guidance: Inspect plants for symptoms (spots, wilting, yellowing). Use integrated pest management (IPM): crop rotation, resistant varieties, targeted biocontrols, and correct pesticide application. If unsure, collect a sample and consult local extension services. Tip: Rotate crops to reduce pest and disease pressure.",pea,pest/disease
How can I improve what are the best seed varieties of onion for high yield and disease resistance in coastal areas?,"Pest/Disease guidance: Inspect plants for symptoms (spots, wilting, yellowing). Use integrated pest management (IPM): crop rotation, resistant varieties, targeted biocontrols, and correct pesticide application. If unsure, collect a sample and consult local extension services. Tip: Test soil every 2-3 years and follow recommended fertilizer programs.",onion,pest/disease
How can I improve what are the best seed varieties of banana for high yield and disease resistance in temperate regions?,"Pest/Disease guidance: Inspect plants for symptoms (spots, wilting, yellowing). Use integrated pest management (IPM): crop rotation, resistant varieties, targeted biocontrols, and correct pesticide application. If unsure, collect a sample and consult local extension services. Tip: Monitor fields weekly during critical growth stages for early pest detection.",banana,pest/disease
How can I improve how do I determine the optimal planting time for coffee in temperate regions?,"For Coffee: Follow certified seed, appropriate plant spacing, monitor for pests, and conduct soil tests. Apply balanced fertilizer based on soil test results and follow recommended irrigation schedules for the crop. Tip: Use certified seed and treat seeds where appropriate to reduce seed-borne diseases.",coffee,general
How can I improve what are the best seed varieties of onion for high yield and disease resistance in high-altitude areas?,"Pest/Disease guidance: Inspect plants for symptoms (spots, wilting, yellowing). Use integrated pest management (IPM): crop rotation, resistant varieties, targeted biocontrols, and correct pesticide application. If unsure, collect a sample and consult local extension services. Tip: Use certified seed and treat seeds where appropriate to reduce seed-borne diseases.",onion,pest/disease
How can I improve how do I determine the optimal planting time for apple in high-altitude areas?,"For Apple: Follow certified seed, appropriate plant spacing, monitor for pests, and conduct soil tests. Apply balanced fertilizer based on soil test results and follow recommended irrigation schedules for the crop. Tip: Use certified seed and treat seeds where appropriate to reduce seed-borne diseases.",apple,general
How can I improve how do I determine the optimal planting time for banana in high-altitude areas?,"For Banana: Follow certified seed, appropriate plant spacing, monitor for pests, and conduct soil tests. Apply balanced fertilizer based on soil test results and follow recommended irrigation schedules for the crop. Tip: Use certified seed and treat seeds where appropriate to reduce seed-borne diseases.",banana,general
How can I improve what are the best seed varieties of banana for high yield and disease resistance in high-altitude areas?,"Pest/Disease guidance: Inspect plants for symptoms (spots, wilting, yellowing). Use integrated pest management (IPM): crop rotation, resistant varieties, targeted biocontrols, and correct pesticide application. If unsure, collect a sample and consult local extension services. Tip: Monitor fields weekly during critical growth stages for early pest detection.",banana,pest/disease
How can I improve what are the best seed varieties of sugarcane for high yield and disease resistance in high-altitude areas?,"Pest/Disease guidance: Inspect plants for symptoms (spots, wilting, yellowing). Use integrated pest management (IPM): crop rotation, resistant varieties, targeted biocontrols, and correct pesticide application. If unsure, collect a sample and consult local extension services. Tip: Monitor fields weekly during critical growth stages for early pest detection.",sugarcane,pest/disease
How can I improve what are the best seed varieties of tomato for high yield and disease resistance in temperate regions?,"Pest/Disease guidance: Inspect plants for symptoms (spots, wilting, yellowing). Use integrated pest management (IPM): crop rotation, resistant varieties, targeted biocontrols, and correct pesticide application. If unsure, collect a sample and consult local extension services. Tip: Monitor fields weekly during critical growth stages for early pest detection.",tomato,pest/disease
How can I improve what are the best seed varieties of grape for high yield and disease resistance in tropical areas?,"Pest/Disease guidance: Inspect plants for symptoms (spots, wilting, yellowing). Use integrated pest management (IPM): crop rotation, resistant varieties, targeted biocontrols, and correct pesticide application. If unsure, collect a sample and consult local extension services. Tip: Monitor fields weekly during critical growth stages for early pest detection.",grape,pest/disease
How can I improve how do I determine the optimal planting time for rice in tropical areas?,"For Rice: Follow certified seed, appropriate plant spacing, monitor for pests, and conduct soil tests. Apply balanced fertilizer based on soil test results and follow recommended irrigation schedules for the crop. Tip: Rotate crops to reduce pest and disease pressure.",rice,general
How can I improve what are the best seed varieties of corn for high yield and disease resistance in coastal areas?,"Pest/Disease guidance: Inspect plants for symptoms (spots, wilting, yellowing). Use integrated pest management (IPM): crop rotation, resistant varieties, targeted biocontrols, and correct pesticide application. If unsure, collect a sample and consult local extension services. Tip: Test soil every 2-3 years and follow recommended fertilizer programs.",corn,pest/disease
How can I improve what are the best seed varieties of sorghum for high yield and disease resistance in high-altitude areas?,"Pest/Disease guidance: Inspect plants for symptoms (spots, wilting, yellowing). Use integrated pest management (IPM): crop rotation, resistant varieties, targeted biocontrols, and correct pesticide application. If unsure, collect a sample and consult local extension services. Tip: Monitor fields weekly during critical growth stages for early pest detection.",sorghum,pest/disease
How can I improve what are the best seed varieties of onion for high yield and disease resistance in arid zones?,"Pest/Disease guidance: Inspect plants for symptoms (spots, wilting, yellowing). Use integrated pest management (IPM): crop rotation, resistant varieties, targeted biocontrols, and correct pesticide application. If unsure, collect a sample and consult local extension services. Tip: Rotate crops to reduce pest and disease pressure.",onion,pest/disease
How can I improve how do I determine the optimal planting time for apple in temperate regions?,"For Apple: Follow certified seed, appropriate plant spacing, monitor for pests, and conduct soil tests. Apply balanced fertilizer based on soil test results and follow recommended irrigation schedules for the crop. Tip: Monitor fields weekly during critical growth stages for early pest detection.",apple,general
How can I improve what are the best seed varieties of garlic for high yield and disease resistance in arid zones?,"Pest/Disease guidance: Inspect plants for symptoms (spots, wilting, yellowing). Use integrated pest management (IPM): crop rotation, resistant varieties, targeted biocontrols, and correct pesticide application. If unsure, collect a sample and consult local extension services. Tip: Apply compost or well-rotted manure annually to improve soil structure.",garlic,pest/disease
How can I improve how do I determine the optimal planting time for garlic in high-altitude areas?,"For Garlic: Follow certified seed, appropriate plant spacing, monitor for pests, and conduct soil tests. Apply balanced fertilizer based on soil test results and follow recommended irrigation schedules for the crop. Tip: Apply compost or well-rotted manure annually to improve soil structure.",garlic,general
How can I improve what are the best seed varieties of tea for high yield and disease resistance in tropical areas?,"Pest/Disease guidance: Inspect plants for symptoms (spots, wilting, yellowing). Use integrated pest management (IPM): crop rotation, resistant varieties, targeted biocontrols, and correct pesticide application. If unsure, collect a sample and consult local extension services. Tip: Apply compost or well-rotted manure annually to improve soil structure.",tea,pest/disease
How can I improve how do I determine the optimal planting time for pulse in arid zones?,"For Pulse: Follow certified seed, appropriate plant spacing, monitor for pests, and conduct soil tests. Apply balanced fertilizer based on soil test results and follow recommended irrigation schedules for the crop. Tip: Apply compost or well-rotted manure annually to improve soil structure.",pulse,general
How can I improve what are the best seed varieties of lentil for high yield and disease resistance in coastal areas?,"Pest/Disease guidance: Inspect plants for symptoms (spots, wilting, yellowing). Use integrated pest management (IPM): crop rotation, resistant varieties, targeted biocontrols, and correct pesticide application. If unsure, collect a sample and consult local extension services. Tip: Use certified seed and treat seeds where appropriate to reduce seed-borne diseases.",lentil,pest/disease
How can I improve how do I determine the optimal planting time for sugarcane in arid zones?,"For Sugarcane: Follow certified seed, appropriate plant spacing, monitor for pests, and conduct soil tests. Apply balanced fertilizer based on soil test results and follow recommended irrigation schedules for the crop. Tip: Test soil every 2-3 years and follow recommended fertilizer programs.",sugarcane,general
How can I improve how do I determine the optimal planting time for banana in my region?,"For Banana: Follow certified seed, appropriate plant spacing, monitor for pests, and conduct soil tests. Apply balanced fertilizer based on soil test results and follow recommended irrigation schedules for the crop. Tip: Monitor fields weekly during critical growth stages for early pest detection.",banana,general
How can I improve how do I determine the optimal planting time for maize in my region?,"For Maize: Follow certified seed, appropriate plant spacing, monitor for pests, and conduct soil tests. Apply balanced fertilizer based on soil test results and follow recommended irrigation schedules for the crop. Tip: Use certified seed and treat seeds where appropriate to reduce seed-borne diseases.",maize,general
How can I improve what are the best seed varieties of rice for high yield and disease resistance in arid zones?,"Pest/Disease guidance: Inspect plants for symptoms (spots, wilting, yellowing). Use integrated pest management (IPM): crop rotation, resistant varieties, targeted biocontrols, and correct pesticide application. If unsure, collect a sample and consult local extension services. Tip: Rotate crops to reduce pest and disease pressure.",rice,pest/disease
How can I improve how do I determine the optimal planting time for pulse in my region?,"For Pulse: Follow certified seed, appropriate plant spacing, monitor for pests, and conduct soil tests. Apply balanced fertilizer based on soil test results and follow recommended irrigation schedules for the crop. Tip: Rotate crops to reduce pest and disease pressure.",pulse,general
How can I improve what are the best seed varieties of apple for high yield and disease resistance in coastal areas?,"Pest/Disease guidance: Inspect plants for symptoms (spots, wilting, yellowing). Use integrated pest management (IPM): crop rotation, resistant varieties, targeted biocontrols, and correct pesticide application. If unsure, collect a sample and consult local extension services. Tip: Monitor fields weekly during critical growth stages for early pest detection.",apple,pest/disease
How can I improve how do I determine the optimal planting time for cotton in high-altitude areas?,"For Cotton: Follow certified seed, appropriate plant spacing, monitor for pests, and conduct soil tests. Apply balanced fertilizer based on soil test results and follow recommended irrigation schedules for the crop. Tip: Apply compost or well-rotted manure annually to improve soil structure.",cotton,general
How can I improve how do I determine the optimal planting time for grape in temperate regions?,"For Grape: Follow certified seed, appropriate plant spacing, monitor for pests, and conduct soil tests. Apply balanced fertilizer based on soil test results and follow recommended irrigation schedules for the crop. Tip: Rotate crops to reduce pest and disease pressure.",grape,general
How can I improve how do I determine the optimal planting time for barley in temperate regions?,"For Barley: Follow certified seed, appropriate plant spacing, monitor for pests, and conduct soil tests. Apply balanced fertilizer based on soil test results and follow recommended irrigation schedules for the crop. Tip: Apply compost or well-rotted manure annually to improve soil structure.",barley,general
How can I improve what are the best seed varieties of rice for high yield and disease resistance in temperate regions?,"Pest/Disease guidance: Inspect plants for symptoms (spots, wilting, yellowing). Use integrated pest management (IPM): crop rotation, resistant varieties, targeted biocontrols, and correct pesticide application. If unsure, collect a sample and consult local extension services. Tip: Apply compost or well-rotted manure annually to improve soil structure.",rice,pest/disease
How can I improve what are the best seed varieties of wheat for high yield and disease resistance in tropical areas?,"Pest/Disease guidance: Inspect plants for symptoms (spots, wilting, yellowing). Use integrated pest management (IPM): crop rotation, resistant varieties, targeted biocontrols, and correct pesticide application. If unsure, collect a sample and consult local extension services. Tip: Rotate crops to reduce pest and disease pressure.",wheat,pest/disease
How can I improve what are the best seed varieties of cotton for high yield and disease resistance in high-altitude areas?,"Pest/Disease guidance: Inspect plants for symptoms (spots, wilting, yellowing). Use integrated pest management (IPM): crop rotation, resistant varieties, targeted biocontrols, and correct pesticide application. If unsure, collect a sample and consult local extension services. Tip: Monitor fields weekly during critical growth stages for early pest detection.",cotton,pest/disease
How can I improve what are the best seed varieties of wheat for high yield and disease resistance in my region?,"Pest/Disease guidance: Inspect plants for symptoms (spots, wilting, yellowing). Use integrated pest management (IPM): crop rotation, resistant varieties, targeted biocontrols, and correct pesticide application. If unsure, collect a sample and consult local extension services. Tip: Use certified seed and treat seeds where appropriate to reduce seed-borne diseases.",wheat,pest/disease
How can I improve what are the best seed varieties of sugarcane for high yield and disease resistance in tropical areas?,"Pest/Disease guidance: Inspect plants for symptoms (spots, wilting, yellowing). Use integrated pest management (IPM): crop rotation, resistant varieties, targeted biocontrols, and correct pesticide application. If unsure, collect a sample and consult local extension services. Tip: Apply compost or well-rotted manure annually to improve soil structure.",sugarcane,pest/disease
How can I improve what are the best seed varieties of apple for high yield and disease resistance in temperate regions?,"Pest/Disease guidance: Inspect plants for symptoms (spots, wilting, yellowing). Use integrated pest management (IPM): crop rotation, resistant varieties, targeted biocontrols, and correct pesticide application. If unsure, collect a sample and consult local extension services. Tip: Monitor fields weekly during critical growth stages for early pest detection.",apple,pest/disease
How can I improve how do I determine the optimal planting time for onion in tropical areas?,"For Onion: Follow certified seed, appropriate plant spacing, monitor for pests, and conduct soil tests. Apply balanced fertilizer based on soil test results and follow recommended irrigation schedules for the crop. Tip: Monitor fields weekly during critical growth stages for early pest detection.",onion,general
How can I improve what are the best seed varieties of maize for high yield and disease resistance in high-altitude areas?,"Pest/Disease guidance: Inspect plants for symptoms (spots, wilting, yellowing). Use integrated pest management (IPM): crop rotation, resistant varieties, targeted biocontrols, and correct pesticide application. If unsure, collect a sample and consult local extension services. Tip: Apply compost or well-rotted manure annually to improve soil structure.",maize,pest/disease
How can I improve how do I determine the optimal planting time for sorghum in temperate regions?,"For Sorghum: Follow certified seed, appropriate plant spacing, monitor for pests, and conduct soil tests. Apply balanced fertilizer based on soil test results and follow recommended irrigation schedules for the crop. Tip: Use certified seed and treat seeds where appropriate to reduce seed-borne diseases.",sorghum,general
How can I improve what are the best seed varieties of apple for high yield and disease resistance in my region?,"Pest/Disease guidance: Inspect plants for symptoms (spots, wilting, yellowing). Use integrated pest management (IPM): crop rotation, resistant varieties, targeted biocontrols, and correct pesticide application. If unsure, collect a sample and consult local extension services. Tip: Use certified seed and treat seeds where appropriate to reduce seed-borne diseases.",apple,pest/disease
How can I improve how do I determine the optimal planting time for grape in coastal areas?,"For Grape: Follow certified seed, appropriate plant spacing, monitor for pests, and conduct soil tests. Apply balanced fertilizer based on soil test results and follow recommended irrigation schedules for the crop. Tip: Use certified seed and treat seeds where appropriate to reduce seed-borne diseases.",grape,general
How can I improve how do I determine the optimal planting time for tomato in tropical areas?,"For Tomato: Follow certified seed, appropriate plant spacing, monitor for pests, and conduct soil tests. Apply balanced fertilizer based on soil test results and follow recommended irrigation schedules for the crop. Tip: Use certified seed and treat seeds where appropriate to reduce seed-borne diseases.",tomato,general
How can I improve how do I determine the optimal planting time for rice in temperate regions?,"For Rice: Follow certified seed, appropriate plant spacing, monitor for pests, and conduct soil tests. Apply balanced fertilizer based on soil test results and follow recommended irrigation schedules for the crop. Tip: Apply compost or well-rotted manure annually to improve soil structure.",rice,general
How can I improve how do I determine the optimal planting time for coffee in coastal areas?,"For Coffee: Follow certified seed, appropriate plant spacing, monitor for pests, and conduct soil tests. Apply balanced fertilizer based on soil test results and follow recommended irrigation schedules for the crop. Tip: Monitor fields weekly during critical growth stages for early pest detection.",coffee,general
How can I improve what are the best seed varieties of onion for high yield and disease resistance in my region?,"Pest/Disease guidance: Inspect plants for symptoms (spots, wilting, yellowing). Use integrated pest management (IPM): crop rotation, resistant varieties, targeted biocontrols, and correct pesticide application. If unsure, collect a sample and consult local extension services. Tip: Rotate crops to reduce pest and disease pressure.",onion,pest/disease
How can I improve what are the best seed varieties of soybean for high yield and disease resistance in tropical areas?,"Pest/Disease guidance: Inspect plants for symptoms (spots, wilting, yellowing). Use integrated pest management (IPM): crop rotation, resistant varieties, targeted biocontrols, and correct pesticide application. If unsure, collect a sample and consult local extension services. Tip: Test soil every 2-3 years and follow recommended fertilizer programs.",soybean,pest/disease
How can I improve what are the best seed varieties of soybean for high yield and disease resistance in coastal areas?,"Pest/Disease guidance: Inspect plants for symptoms (spots, wilting, yellowing). Use integrated pest management (IPM): crop rotation, resistant varieties, targeted biocontrols, and correct pesticide application. If unsure, collect a sample and consult local extension services. Tip: Monitor fields weekly during critical growth stages for early pest detection.",soybean,pest/disease
How can I improve how do I determine the optimal planting time for barley in tropical areas?,"For Barley: Follow certified seed, appropriate plant spacing, monitor for pests, and conduct soil tests. Apply balanced fertilizer based on soil test results and follow recommended irrigation schedules for the crop. Tip: Apply compost or well-rotted manure annually to improve soil structure.",barley,general
How can I improve how do I determine the optimal planting time for soybean in my region?,"For Soybean: Follow certified seed, appropriate plant spacing, monitor for pests, and conduct soil tests. Apply balanced fertilizer based on soil test results and follow recommended irrigation schedules for the crop. Tip: Rotate crops to reduce pest and disease pressure.",soybean,general
How can I improve what are the best seed varieties of coffee for high yield and disease resistance in arid zones?,"Pest/Disease guidance: Inspect plants for symptoms (spots, wilting, yellowing). Use integrated pest management (IPM): crop rotation, resistant varieties, targeted biocontrols, and correct pesticide application. If unsure, collect a sample and consult local extension services. Tip: Apply compost or well-rotted manure annually to improve soil structure.",coffee,pest/disease
How can I improve what are the best seed varieties of pea for high yield and disease resistance in high-altitude areas?,"Pest/Disease guidance: Inspect plants for symptoms (spots, wilting, yellowing). Use integrated pest management (IPM): crop rotation, resistant varieties, targeted biocontrols, and correct pesticide application. If unsure, collect a sample and consult local extension services. Tip: Test soil every 2-3 years and follow recommended fertilizer programs.",pea,pest/disease
How can I improve how do I determine the optimal planting time for onion in high-altitude areas?,"For Onion: Follow certified seed, appropriate plant spacing, monitor for pests, and conduct soil tests. Apply balanced fertilizer based on soil test results and follow recommended irrigation schedules for the crop. Tip: Rotate crops to reduce pest and disease pressure.",onion,general
How can I improve how do I determine the optimal planting time for corn in arid zones?,"For Corn: Follow certified seed, appropriate plant spacing, monitor for pests, and conduct soil tests. Apply balanced fertilizer based on soil test results and follow recommended irrigation schedules for the crop. Tip: Monitor fields weekly during critical growth stages for early pest detection.",corn,general
How can I improve how do I determine the optimal planting time for tea in my region?,"For Tea: Follow certified seed, appropriate plant spacing, monitor for pests, and conduct soil tests. Apply balanced fertilizer based on soil test results and follow recommended irrigation schedules for the crop. Tip: Monitor fields weekly during critical growth stages for early pest detection.",tea,general
How can I improve what are the best seed varieties of rice for high yield and disease resistance in high-altitude areas?,"Pest/Disease guidance: Inspect plants for symptoms (spots, wilting, yellowing). Use integrated pest management (IPM): crop rotation, resistant varieties, targeted biocontrols, and correct pesticide application. If unsure, collect a sample and consult local extension services. Tip: Apply compost or well-rotted manure annually to improve soil structure.",rice,pest/disease
How can I improve how do I determine the optimal planting time for onion in my region?,"For Onion: Follow certified seed, appropriate plant spacing, monitor for pests, and conduct soil tests. Apply balanced fertilizer based on soil test results and follow recommended irrigation schedules for the crop. Tip: Use certified seed and treat seeds where appropriate to reduce seed-borne diseases.",onion,general
How can I improve how do I determine the optimal planting time for coffee in tropical areas?,"For Coffee: Follow certified seed, appropriate plant spacing, monitor for pests, and conduct soil tests. Apply balanced fertilizer based on soil test results and follow recommended irrigation schedules for the crop. Tip: Rotate crops to reduce pest and disease pressure.",coffee,general